customer_id,segment,country,risk_band,age
CUST000001,SME,UK,Low,35
CUST000002,SME,UAE,Low,77
CUST000003,Corporate,India,High,59
CUST000004,SME,Singapore,Medium,78
CUST000005,Private Banking,India,High,67
CUST000006,Corporate,UK,Medium,63
CUST000007,Retail,UAE,Very High,32
CUST000008,Private Banking,Singapore,Low,79
CUST000009,Retail,India,Low,49
CUST000010,Corporate,Singapore,Medium,77
CUST000011,Retail,India,High,64
CUST000012,Private Banking,India,High,38
CUST000013,SME,Singapore,High,70
CUST000014,Corporate,Singapore,Very High,74
CUST000015,Private Banking,UK,High,72
CUST000016,Private Banking,India,Low,49
CUST000017,SME,Singapore,Low,62
CUST000018,Private Banking,UK,Medium,32
CUST000019,Private Banking,UAE,Very High,26
CUST000020,Private Banking,UAE,High,44
CUST000021,SME,Singapore,Very High,18
CUST000022,Retail,UK,Low,59
CUST000023,Retail,UK,Medium,70
CUST000024,Private Banking,USA,Low,19
CUST000025,Corporate,UK,Low,20
CUST000026,Retail,Singapore,Very High,72
CUST000027,SME,Singapore,Low,37
CUST000028,SME,UK,Very High,60
CUST000029,SME,India,Very High,19
CUST000030,Corporate,Singapore,Low,67
CUST000031,SME,UAE,Low,49
CUST000032,SME,India,Medium,25
CUST000033,SME,UAE,High,40
CUST000034,SME,USA,Very High,29
CUST000035,Retail,USA,Medium,54
CUST000036,Private Banking,Singapore,High,26
CUST000037,Corporate,USA,High,70
CUST000038,SME,Singapore,Medium,28
CUST000039,SME,UAE,Medium,62
CUST000040,SME,USA,Medium,18
CUST000041,Corporate,UK,Very High,62
CUST000042,SME,UK,Medium,26
CUST000043,SME,UAE,Very High,23
CUST000044,Corporate,India,Very High,43
CUST000045,Retail,India,Very High,20
CUST000046,SME,UAE,Very High,68
CUST000047,Retail,USA,Medium,71
CUST000048,SME,UAE,Low,24
CUST000049,Retail,UAE,Low,27
CUST000050,Private Banking,India,High,59
CUST000051,SME,USA,Medium,63
CUST000052,Retail,UAE,Very High,77
CUST000053,Corporate,USA,High,67
CUST000054,Private Banking,UAE,Medium,38
CUST000055,Private Banking,UK,Medium,27
CUST000056,SME,Singapore,Medium,27
CUST000057,SME,USA,Low,58
CUST000058,Retail,USA,High,34
CUST000059,SME,UK,Medium,63
CUST000060,SME,Singapore,High,43
CUST000061,Retail,UAE,Medium,70
CUST000062,Corporate,Singapore,High,59
CUST000063,Retail,UAE,Medium,71
CUST000064,Private Banking,Singapore,Low,72
CUST000065,Retail,USA,Low,35
CUST000066,Private Banking,UAE,High,24
CUST000067,SME,India,Very High,60
CUST000068,Corporate,Singapore,High,67
CUST000069,Retail,USA,High,27
CUST000070,Retail,India,Medium,67
CUST000071,Private Banking,Singapore,Very High,60
CUST000072,Retail,USA,High,60
CUST000073,Private Banking,Singapore,Very High,60
CUST000074,Corporate,UAE,Low,38
CUST000075,Corporate,UAE,Low,41
CUST000076,Corporate,UK,Low,69
CUST000077,SME,India,High,23
CUST000078,Private Banking,UK,Low,22
CUST000079,Corporate,UK,Very High,35
CUST000080,Retail,USA,Low,54
CUST000081,Private Banking,USA,Medium,55
CUST000082,Corporate,UAE,Very High,40
CUST000083,SME,India,Very High,69
CUST000084,Retail,Singapore,Low,34
CUST000085,SME,UAE,Medium,60
CUST000086,Retail,India,Very High,24
CUST000087,SME,India,Medium,37
CUST000088,Retail,Singapore,Medium,66
CUST000089,Private Banking,USA,Very High,47
CUST000090,Private Banking,UAE,Low,54
CUST000091,Private Banking,Singapore,Low,28
CUST000092,Private Banking,UAE,Very High,32
CUST000093,Retail,USA,Medium,26
CUST000094,Private Banking,UAE,Low,47
CUST000095,Corporate,USA,Very High,59
CUST000096,Private Banking,UK,Medium,71
CUST000097,SME,USA,High,30
CUST000098,Retail,USA,Low,58
CUST000099,Private Banking,UK,High,30
CUST000100,Retail,USA,High,29
CUST000101,SME,India,Medium,20
CUST000102,SME,India,Low,40
CUST000103,Retail,UK,Very High,69
CUST000104,Private Banking,UK,High,54
CUST000105,Private Banking,UK,Very High,18
CUST000106,Retail,India,Medium,44
CUST000107,Private Banking,UAE,High,37
CUST000108,Private Banking,UAE,Very High,37
CUST000109,Private Banking,USA,Very High,77
CUST000110,Corporate,India,Very High,70
CUST000111,SME,UAE,High,45
CUST000112,Retail,UK,High,20
CUST000113,Retail,UAE,Medium,40
CUST000114,Corporate,Singapore,Very High,30
CUST000115,Retail,USA,Very High,80
CUST000116,Corporate,USA,Very High,57
CUST000117,SME,UAE,Very High,23
CUST000118,Retail,USA,High,26
CUST000119,Private Banking,Singapore,High,31
CUST000120,Retail,UK,Very High,64
CUST000121,Retail,Singapore,High,40
CUST000122,Retail,Singapore,Medium,47
CUST000123,Private Banking,Singapore,Very High,37
CUST000124,SME,India,High,57
CUST000125,Corporate,USA,High,57
CUST000126,Private Banking,UK,High,44
CUST000127,Private Banking,Singapore,High,80
CUST000128,Corporate,UK,High,65
CUST000129,SME,UK,High,68
CUST000130,Retail,UK,Low,43
CUST000131,SME,USA,Medium,71
CUST000132,Corporate,UK,Very High,36
CUST000133,SME,USA,High,74
CUST000134,Private Banking,UK,Low,51
CUST000135,SME,Singapore,Medium,21
CUST000136,Corporate,USA,Very High,26
CUST000137,Private Banking,Singapore,High,24
CUST000138,SME,Singapore,Low,79
CUST000139,Retail,USA,Very High,26
CUST000140,Retail,Singapore,Low,73
CUST000141,Private Banking,India,Very High,38
CUST000142,Corporate,USA,High,30
CUST000143,Corporate,UAE,High,39
CUST000144,Private Banking,USA,Medium,72
CUST000145,SME,India,Medium,18
CUST000146,Retail,UK,High,54
CUST000147,Private Banking,UK,Very High,77
CUST000148,Retail,Singapore,Medium,54
CUST000149,Retail,India,Medium,75
CUST000150,Corporate,India,Medium,67
CUST000151,Retail,Singapore,Very High,39
CUST000152,Private Banking,UK,Very High,30
CUST000153,Corporate,USA,High,58
CUST000154,Private Banking,India,Very High,80
CUST000155,Retail,USA,Medium,78
CUST000156,Retail,UK,High,53
CUST000157,Corporate,Singapore,High,62
CUST000158,Corporate,UAE,Very High,32
CUST000159,Retail,India,Medium,77
CUST000160,Corporate,India,Medium,36
CUST000161,SME,Singapore,Very High,28
CUST000162,SME,India,Medium,30
CUST000163,Corporate,UAE,High,29
CUST000164,Corporate,UAE,Medium,59
CUST000165,Retail,India,High,32
CUST000166,Private Banking,USA,Very High,50
CUST000167,Private Banking,USA,Low,20
CUST000168,Corporate,Singapore,High,42
CUST000169,Retail,Singapore,Low,59
CUST000170,Private Banking,UAE,High,22
CUST000171,Private Banking,UK,Medium,20
CUST000172,Corporate,Singapore,High,21
CUST000173,SME,Singapore,High,78
CUST000174,Retail,Singapore,Medium,70
CUST000175,Corporate,UAE,Very High,39
CUST000176,SME,UAE,High,64
CUST000177,SME,Singapore,Medium,26
CUST000178,SME,USA,Medium,18
CUST000179,SME,India,Medium,39
CUST000180,Private Banking,USA,Low,31
CUST000181,SME,India,Medium,19
CUST000182,SME,Singapore,High,44
CUST000183,Private Banking,UAE,Low,64
CUST000184,Retail,UAE,Very High,41
CUST000185,Retail,UAE,Very High,27
CUST000186,Private Banking,USA,High,66
CUST000187,Corporate,Singapore,Low,29
CUST000188,Corporate,UK,Medium,21
CUST000189,Retail,Singapore,Medium,65
CUST000190,Corporate,UAE,Medium,33
CUST000191,Retail,Singapore,High,63
CUST000192,SME,India,Medium,52
CUST000193,Corporate,UAE,Low,78
CUST000194,Retail,India,Very High,63
CUST000195,SME,Singapore,Medium,36
CUST000196,Retail,UK,Low,46
CUST000197,Private Banking,UK,Very High,64
CUST000198,Retail,UAE,Very High,38
CUST000199,Corporate,UAE,Low,57
CUST000200,SME,UK,Low,42
CUST000201,Corporate,USA,Medium,52
CUST000202,Private Banking,Singapore,Very High,58
CUST000203,SME,UK,Low,29
CUST000204,SME,UK,Low,69
CUST000205,Corporate,UAE,Very High,66
CUST000206,Corporate,UK,Medium,78
CUST000207,SME,UAE,Medium,58
CUST000208,SME,UAE,Low,68
CUST000209,SME,India,Medium,23
CUST000210,Retail,India,Low,51
CUST000211,Private Banking,USA,Low,33
CUST000212,Corporate,USA,Very High,69
CUST000213,Retail,India,Very High,72
CUST000214,Retail,UAE,High,62
CUST000215,Retail,Singapore,Medium,40
CUST000216,Retail,USA,High,62
CUST000217,Corporate,Singapore,High,65
CUST000218,Retail,UAE,Low,29
CUST000219,SME,Singapore,Very High,78
CUST000220,Private Banking,UK,Medium,32
CUST000221,Private Banking,Singapore,Medium,19
CUST000222,Corporate,UK,Medium,27
CUST000223,Retail,UAE,Medium,42
CUST000224,Corporate,UK,Very High,72
CUST000225,SME,Singapore,Low,62
CUST000226,SME,Singapore,High,36
CUST000227,Corporate,UAE,Low,37
CUST000228,Private Banking,USA,High,18
CUST000229,Corporate,UAE,Low,69
CUST000230,SME,India,High,57
CUST000231,Private Banking,USA,High,22
CUST000232,Corporate,Singapore,Very High,49
CUST000233,Corporate,USA,Medium,43
CUST000234,Private Banking,Singapore,Medium,78
CUST000235,Corporate,UAE,Medium,35
CUST000236,SME,UAE,Very High,48
CUST000237,Corporate,Singapore,Medium,76
CUST000238,Corporate,USA,Medium,19
CUST000239,Private Banking,India,Very High,40
CUST000240,Retail,Singapore,Medium,19
CUST000241,Corporate,USA,Medium,27
CUST000242,Corporate,India,Low,38
CUST000243,Private Banking,Singapore,Low,27
CUST000244,Corporate,UK,Very High,32
CUST000245,Private Banking,Singapore,Very High,60
CUST000246,SME,UAE,Medium,70
CUST000247,Corporate,Singapore,Low,45
CUST000248,Private Banking,India,High,60
CUST000249,Corporate,USA,Low,59
CUST000250,Corporate,India,Medium,31
CUST000251,Retail,Singapore,Low,20
CUST000252,Corporate,USA,Medium,63
CUST000253,SME,India,Low,29
CUST000254,SME,India,Medium,68
CUST000255,Retail,UK,High,50
CUST000256,Retail,UK,Medium,73
CUST000257,Private Banking,USA,Very High,52
CUST000258,Private Banking,UAE,High,75
CUST000259,Retail,India,Low,51
CUST000260,Corporate,UK,Low,42
CUST000261,Corporate,UK,Medium,71
CUST000262,Retail,India,Very High,29
CUST000263,Private Banking,UAE,Very High,33
CUST000264,Corporate,USA,High,67
CUST000265,Private Banking,UAE,High,78
CUST000266,Private Banking,UK,Low,56
CUST000267,Private Banking,Singapore,Medium,36
CUST000268,SME,India,Medium,63
CUST000269,Private Banking,Singapore,Medium,22
CUST000270,SME,Singapore,Low,37
CUST000271,Retail,India,High,28
CUST000272,Corporate,USA,Medium,68
CUST000273,Retail,UK,Very High,78
CUST000274,Retail,India,Very High,73
CUST000275,Private Banking,Singapore,Very High,55
CUST000276,Corporate,USA,Low,59
CUST000277,SME,USA,Medium,25
CUST000278,Retail,India,Medium,74
CUST000279,Private Banking,UAE,Very High,19
CUST000280,SME,India,Low,18
CUST000281,Corporate,Singapore,Medium,52
CUST000282,Corporate,Singapore,Very High,30
CUST000283,Retail,India,High,58
CUST000284,Retail,UK,Medium,35
CUST000285,SME,USA,Medium,53
CUST000286,Retail,UK,Medium,77
CUST000287,Private Banking,USA,Medium,60
CUST000288,Retail,India,Very High,43
CUST000289,Private Banking,Singapore,Very High,66
CUST000290,Private Banking,Singapore,Medium,29
CUST000291,SME,USA,Very High,61
CUST000292,SME,Singapore,Very High,44
CUST000293,Retail,USA,High,58
CUST000294,Retail,USA,Very High,29
CUST000295,Private Banking,UAE,Low,33
CUST000296,Private Banking,USA,High,79
CUST000297,Retail,India,Low,30
CUST000298,SME,USA,Medium,30
CUST000299,SME,USA,Medium,24
CUST000300,SME,UK,Medium,47
CUST000301,Retail,USA,Very High,38
CUST000302,Retail,UAE,Very High,49
CUST000303,Private Banking,India,Low,45
CUST000304,Corporate,USA,Medium,18
CUST000305,Retail,UK,Medium,67
CUST000306,Retail,USA,Medium,47
CUST000307,Private Banking,UAE,Low,47
CUST000308,Retail,UK,Very High,55
CUST000309,SME,USA,High,40
CUST000310,Private Banking,Singapore,Low,63
CUST000311,SME,UAE,Very High,41
CUST000312,Private Banking,USA,Very High,66
CUST000313,SME,USA,High,54
CUST000314,Retail,Singapore,High,46
CUST000315,SME,UK,Medium,39
CUST000316,Corporate,Singapore,High,60
CUST000317,Private Banking,India,Very High,65
CUST000318,Corporate,Singapore,Low,46
CUST000319,Corporate,UAE,Medium,66
CUST000320,Private Banking,UAE,High,22
CUST000321,Private Banking,USA,Very High,49
CUST000322,Retail,USA,Low,53
CUST000323,Private Banking,UK,Very High,34
CUST000324,Corporate,USA,High,43
CUST000325,Corporate,India,Medium,69
CUST000326,Corporate,India,Very High,47
CUST000327,SME,UK,Very High,51
CUST000328,Corporate,Singapore,Very High,64
CUST000329,Retail,UAE,High,67
CUST000330,Retail,UK,High,38
CUST000331,Retail,USA,Medium,60
CUST000332,Private Banking,India,High,79
CUST000333,SME,India,Low,28
CUST000334,Private Banking,Singapore,Very High,20
CUST000335,Private Banking,UAE,High,53
CUST000336,Retail,India,Medium,35
CUST000337,Corporate,UK,Low,67
CUST000338,SME,India,Medium,73
CUST000339,Retail,UK,Very High,37
CUST000340,SME,USA,Very High,34
CUST000341,Retail,USA,High,44
CUST000342,SME,India,Medium,77
CUST000343,Private Banking,UK,Low,21
CUST000344,Retail,Singapore,Low,61
CUST000345,Corporate,UAE,Very High,24
CUST000346,Corporate,Singapore,Low,76
CUST000347,Corporate,UAE,High,24
CUST000348,Corporate,USA,Medium,70
CUST000349,Private Banking,USA,High,45
CUST000350,Private Banking,USA,Low,50
CUST000351,Private Banking,India,Low,51
CUST000352,Private Banking,Singapore,Very High,74
CUST000353,Retail,India,Low,58
CUST000354,SME,UAE,High,74
CUST000355,Retail,India,Medium,35
CUST000356,Corporate,UK,High,26
CUST000357,Retail,UAE,Very High,35
CUST000358,Corporate,UAE,Very High,70
CUST000359,Corporate,Singapore,High,78
CUST000360,Retail,UAE,Medium,68
CUST000361,SME,India,High,76
CUST000362,Corporate,USA,Very High,73
CUST000363,Private Banking,Singapore,High,77
CUST000364,Private Banking,Singapore,Medium,78
CUST000365,SME,India,Low,39
CUST000366,SME,Singapore,High,46
CUST000367,Retail,UK,Very High,37
CUST000368,Private Banking,UAE,High,52
CUST000369,Corporate,UK,High,56
CUST000370,SME,USA,Very High,38
CUST000371,SME,India,Medium,52
CUST000372,SME,UK,Low,49
CUST000373,Retail,Singapore,High,39
CUST000374,Corporate,Singapore,Low,28
CUST000375,Retail,India,Medium,43
CUST000376,SME,Singapore,Low,77
CUST000377,Retail,UAE,Medium,77
CUST000378,SME,UAE,Very High,28
CUST000379,Private Banking,UK,Medium,57
CUST000380,Corporate,USA,High,63
CUST000381,Corporate,USA,High,28
CUST000382,SME,USA,High,28
CUST000383,Corporate,Singapore,High,24
CUST000384,Private Banking,India,High,49
CUST000385,Corporate,USA,Low,46
CUST000386,Retail,India,High,76
CUST000387,Retail,USA,Low,41
CUST000388,Corporate,USA,Low,34
CUST000389,Private Banking,UAE,High,35
CUST000390,Private Banking,Singapore,High,58
CUST000391,SME,UK,Medium,37
CUST000392,Private Banking,USA,High,25
CUST000393,Private Banking,India,High,55
CUST000394,Corporate,USA,Very High,30
CUST000395,Corporate,UK,Medium,20
CUST000396,Corporate,Singapore,Very High,50
CUST000397,Retail,Singapore,Medium,25
CUST000398,SME,UAE,Low,73
CUST000399,Retail,Singapore,Medium,70
CUST000400,SME,UAE,Low,50
CUST000401,Private Banking,USA,Medium,69
CUST000402,Retail,UK,Medium,48
CUST000403,Private Banking,Singapore,Low,36
CUST000404,Private Banking,Singapore,High,61
CUST000405,Retail,UK,Medium,25
CUST000406,Private Banking,UK,Very High,38
CUST000407,SME,UK,Medium,48
CUST000408,Retail,India,Low,40
CUST000409,Private Banking,UAE,Medium,36
CUST000410,Corporate,UAE,Very High,23
CUST000411,Private Banking,UAE,Very High,77
CUST000412,SME,USA,Very High,55
CUST000413,Retail,UK,Medium,31
CUST000414,Private Banking,Singapore,High,74
CUST000415,Private Banking,UAE,High,80
CUST000416,Corporate,India,Low,62
CUST000417,Retail,India,Low,52
CUST000418,Corporate,UAE,Medium,54
CUST000419,Retail,USA,Medium,71
CUST000420,Corporate,Singapore,Low,63
CUST000421,Retail,USA,Very High,60
CUST000422,Corporate,UK,Medium,59
CUST000423,Corporate,UAE,High,65
CUST000424,Corporate,USA,Very High,55
CUST000425,Corporate,UAE,Medium,53
CUST000426,Corporate,UAE,High,58
CUST000427,Corporate,USA,Medium,78
CUST000428,Retail,USA,Low,29
CUST000429,SME,India,Very High,65
CUST000430,Private Banking,USA,Low,70
CUST000431,SME,UK,Medium,58
CUST000432,Private Banking,India,Very High,18
CUST000433,Corporate,USA,High,76
CUST000434,Corporate,UK,Low,68
CUST000435,Corporate,Singapore,Very High,49
CUST000436,SME,USA,Very High,80
CUST000437,Retail,India,Medium,64
CUST000438,SME,India,Medium,51
CUST000439,Corporate,UAE,Low,67
CUST000440,Retail,USA,Medium,57
CUST000441,Private Banking,USA,Low,35
CUST000442,Corporate,USA,Low,74
CUST000443,Retail,USA,Medium,71
CUST000444,Retail,UAE,Very High,54
CUST000445,Retail,UK,High,27
CUST000446,Private Banking,UAE,Medium,32
CUST000447,Corporate,India,High,65
CUST000448,Retail,UAE,Low,67
CUST000449,Corporate,Singapore,Medium,61
CUST000450,Private Banking,India,Low,25
CUST000451,SME,USA,Low,18
CUST000452,SME,USA,Medium,72
CUST000453,Private Banking,UK,Medium,59
CUST000454,Corporate,UK,Low,33
CUST000455,Private Banking,India,Low,62
CUST000456,Corporate,USA,Low,72
CUST000457,Retail,India,High,38
CUST000458,Retail,Singapore,High,31
CUST000459,Private Banking,Singapore,Very High,22
CUST000460,Corporate,USA,Very High,31
CUST000461,Private Banking,UAE,Medium,76
CUST000462,Private Banking,India,Medium,62
CUST000463,Corporate,USA,Very High,54
CUST000464,SME,Singapore,High,33
CUST000465,Retail,India,High,52
CUST000466,Corporate,UAE,Low,41
CUST000467,Corporate,UAE,Medium,23
CUST000468,Corporate,UAE,Very High,33
CUST000469,Private Banking,USA,Medium,40
CUST000470,Corporate,India,Low,42
CUST000471,Corporate,Singapore,Very High,79
CUST000472,Retail,Singapore,Medium,48
CUST000473,Private Banking,Singapore,Very High,19
CUST000474,SME,USA,Very High,67
CUST000475,Private Banking,UAE,Low,39
CUST000476,SME,UK,Medium,51
CUST000477,Retail,UAE,High,34
CUST000478,Retail,UAE,Low,20
CUST000479,Retail,USA,Very High,79
CUST000480,Corporate,Singapore,High,52
CUST000481,Corporate,UAE,High,20
CUST000482,Corporate,India,Low,30
CUST000483,Retail,Singapore,Very High,80
CUST000484,SME,India,High,27
CUST000485,Private Banking,UAE,Medium,45
CUST000486,SME,USA,Low,34
CUST000487,Corporate,UK,Very High,25
CUST000488,SME,USA,High,68
CUST000489,SME,India,Very High,54
CUST000490,Retail,UAE,Very High,43
CUST000491,Corporate,USA,Low,54
CUST000492,SME,Singapore,High,78
CUST000493,Private Banking,UK,High,66
CUST000494,Corporate,India,Medium,71
CUST000495,Corporate,USA,Very High,26
CUST000496,Private Banking,India,Very High,35
CUST000497,SME,India,Very High,69
CUST000498,Retail,India,Very High,71
CUST000499,Corporate,India,Medium,37
CUST000500,SME,USA,Low,50
CUST000501,Private Banking,Singapore,Very High,46
CUST000502,Corporate,USA,Medium,64
CUST000503,SME,Singapore,Very High,36
CUST000504,Private Banking,UAE,Low,71
CUST000505,Corporate,India,Medium,63
CUST000506,Retail,USA,Low,57
CUST000507,Retail,UK,Medium,50
CUST000508,Private Banking,India,Medium,52
CUST000509,SME,UAE,Medium,40
CUST000510,Corporate,Singapore,Low,77
CUST000511,Corporate,India,Medium,73
CUST000512,SME,India,Low,64
CUST000513,Corporate,UAE,Very High,26
CUST000514,Retail,UK,High,22
CUST000515,Retail,India,Very High,62
CUST000516,Corporate,India,Medium,28
CUST000517,Corporate,UK,Medium,71
CUST000518,Retail,India,Very High,63
CUST000519,Corporate,India,Medium,27
CUST000520,Corporate,USA,Very High,19
CUST000521,Private Banking,Singapore,Very High,80
CUST000522,Corporate,USA,Very High,31
CUST000523,SME,Singapore,High,23
CUST000524,Private Banking,UK,Medium,29
CUST000525,Corporate,India,High,71
CUST000526,SME,Singapore,Very High,24
CUST000527,Retail,USA,Low,20
CUST000528,SME,UK,Very High,51
CUST000529,Private Banking,India,Very High,31
CUST000530,Retail,UAE,Low,27
CUST000531,Private Banking,UAE,Medium,21
CUST000532,SME,India,Low,56
CUST000533,Corporate,Singapore,Very High,75
CUST000534,Private Banking,Singapore,Low,54
CUST000535,Corporate,Singapore,Very High,79
CUST000536,Retail,India,High,47
CUST000537,Private Banking,USA,High,19
CUST000538,Retail,India,Very High,33
CUST000539,SME,UK,Low,19
CUST000540,Private Banking,Singapore,Very High,23
CUST000541,SME,India,Very High,28
CUST000542,SME,India,Low,31
CUST000543,Private Banking,USA,Low,65
CUST000544,Private Banking,India,Very High,49
CUST000545,SME,Singapore,Low,19
CUST000546,Corporate,UK,High,65
CUST000547,Private Banking,India,Very High,25
CUST000548,SME,USA,Low,48
CUST000549,Retail,UAE,High,37
CUST000550,SME,UAE,Low,80
CUST000551,SME,Singapore,High,36
CUST000552,SME,Singapore,High,27
CUST000553,Retail,UAE,Low,27
CUST000554,Corporate,Singapore,Medium,76
CUST000555,Corporate,India,Medium,79
CUST000556,Retail,USA,High,37
CUST000557,Private Banking,UAE,Medium,42
CUST000558,Retail,Singapore,Medium,44
CUST000559,Corporate,UK,Low,32
CUST000560,SME,UAE,Very High,23
CUST000561,Private Banking,USA,High,64
CUST000562,Retail,Singapore,High,78
CUST000563,Corporate,UK,High,25
CUST000564,Private Banking,India,Medium,24
CUST000565,Retail,USA,Low,38
CUST000566,Retail,Singapore,Very High,52
CUST000567,Private Banking,UK,Very High,34
CUST000568,Private Banking,USA,Very High,68
CUST000569,Private Banking,Singapore,Medium,47
CUST000570,Private Banking,India,Low,50
CUST000571,Corporate,UK,Very High,34
CUST000572,Retail,USA,Medium,46
CUST000573,Retail,USA,Low,54
CUST000574,Retail,UAE,High,57
CUST000575,SME,India,Very High,37
CUST000576,Retail,India,Very High,54
CUST000577,SME,UAE,Medium,71
CUST000578,SME,UK,Medium,35
CUST000579,Corporate,USA,Very High,35
CUST000580,Private Banking,India,Medium,25
CUST000581,SME,USA,Very High,38
CUST000582,Corporate,UAE,Medium,27
CUST000583,Retail,Singapore,Low,28
CUST000584,SME,UAE,Medium,73
CUST000585,Retail,UK,High,18
CUST000586,SME,Singapore,Low,21
CUST000587,Retail,India,Very High,33
CUST000588,Corporate,UAE,Very High,33
CUST000589,Retail,USA,Low,18
CUST000590,Retail,India,High,25
CUST000591,Private Banking,India,Low,55
CUST000592,Retail,UAE,Medium,70
CUST000593,SME,Singapore,Very High,30
CUST000594,Private Banking,USA,Very High,65
CUST000595,Retail,UAE,Low,52
CUST000596,Corporate,UK,Low,78
CUST000597,Private Banking,UAE,High,42
CUST000598,SME,India,Low,19
CUST000599,Corporate,Singapore,Medium,45
CUST000600,Retail,India,Medium,78
CUST000601,Private Banking,India,Low,51
CUST000602,Retail,UK,Low,60
CUST000603,Corporate,UK,High,50
CUST000604,SME,USA,High,27
CUST000605,Retail,Singapore,High,69
CUST000606,Retail,India,High,31
CUST000607,Corporate,Singapore,High,44
CUST000608,Private Banking,India,Very High,38
CUST000609,Private Banking,USA,High,36
CUST000610,Corporate,UAE,Very High,46
CUST000611,SME,India,Low,21
CUST000612,SME,UK,Low,69
CUST000613,SME,USA,Low,62
CUST000614,SME,Singapore,Medium,50
CUST000615,Private Banking,USA,High,79
CUST000616,Retail,Singapore,Very High,27
CUST000617,Retail,USA,High,50
CUST000618,Retail,UAE,High,62
CUST000619,Corporate,Singapore,Very High,32
CUST000620,Corporate,Singapore,Very High,37
CUST000621,SME,Singapore,High,47
CUST000622,Retail,India,High,23
CUST000623,SME,USA,Low,67
CUST000624,SME,USA,High,24
CUST000625,Retail,UAE,Low,58
CUST000626,SME,UK,High,54
CUST000627,Retail,UK,Very High,25
CUST000628,Retail,India,Very High,56
CUST000629,SME,Singapore,Low,34
CUST000630,Private Banking,UAE,Low,21
CUST000631,Retail,Singapore,Medium,51
CUST000632,SME,UAE,Low,19
CUST000633,Retail,Singapore,Medium,80
CUST000634,SME,USA,Very High,22
CUST000635,Corporate,India,Medium,19
CUST000636,Corporate,USA,High,18
CUST000637,Private Banking,UAE,Very High,66
CUST000638,Corporate,Singapore,High,37
CUST000639,Private Banking,India,High,59
CUST000640,SME,Singapore,Very High,44
CUST000641,SME,UK,Very High,70
CUST000642,Retail,India,Low,39
CUST000643,SME,India,High,49
CUST000644,SME,UK,Very High,72
CUST000645,SME,UK,Medium,40
CUST000646,Private Banking,India,Very High,44
CUST000647,SME,Singapore,High,66
CUST000648,Retail,Singapore,Very High,60
CUST000649,SME,UAE,Very High,18
CUST000650,Private Banking,UAE,Very High,77
CUST000651,Corporate,UAE,Medium,72
CUST000652,SME,UK,Low,79
CUST000653,Private Banking,UAE,Very High,50
CUST000654,Corporate,USA,High,48
CUST000655,Private Banking,India,Medium,55
CUST000656,Retail,Singapore,High,18
CUST000657,Retail,UAE,Low,69
CUST000658,Corporate,USA,Very High,37
CUST000659,SME,Singapore,Medium,38
CUST000660,Corporate,Singapore,High,21
CUST000661,Corporate,UAE,Very High,53
CUST000662,SME,India,Medium,23
CUST000663,Corporate,UAE,High,56
CUST000664,Corporate,Singapore,High,34
CUST000665,SME,India,Very High,60
CUST000666,Corporate,UK,Low,67
CUST000667,Retail,India,Very High,67
CUST000668,SME,USA,Low,51
CUST000669,SME,UAE,Medium,18
CUST000670,Private Banking,Singapore,High,32
CUST000671,Corporate,USA,High,50
CUST000672,SME,India,High,55
CUST000673,Private Banking,USA,Low,43
CUST000674,Private Banking,UK,Low,40
CUST000675,Retail,India,Low,29
CUST000676,Retail,Singapore,High,37
CUST000677,SME,UK,Low,69
CUST000678,SME,Singapore,Low,25
CUST000679,Private Banking,India,High,57
CUST000680,Private Banking,India,Medium,49
CUST000681,SME,India,Very High,21
CUST000682,Retail,Singapore,Medium,21
CUST000683,SME,India,Very High,53
CUST000684,Retail,India,Low,69
CUST000685,Corporate,India,Low,31
CUST000686,Corporate,UAE,Low,33
CUST000687,Retail,UAE,Low,55
CUST000688,Private Banking,USA,Very High,20
CUST000689,Retail,UAE,Medium,66
CUST000690,Corporate,USA,Low,64
CUST000691,Corporate,India,High,72
CUST000692,Private Banking,USA,High,73
CUST000693,Corporate,India,Low,22
CUST000694,SME,UAE,High,32
CUST000695,Corporate,USA,Medium,63
CUST000696,Retail,India,Very High,77
CUST000697,SME,USA,Very High,51
CUST000698,Retail,UAE,Medium,67
CUST000699,Private Banking,USA,Low,63
CUST000700,SME,UAE,Low,78
CUST000701,Private Banking,India,Very High,19
CUST000702,Retail,USA,Very High,80
CUST000703,SME,Singapore,Medium,61
CUST000704,Private Banking,UK,Very High,49
CUST000705,Retail,USA,Medium,49
CUST000706,Corporate,Singapore,Low,46
CUST000707,Private Banking,USA,Low,75
CUST000708,Retail,Singapore,High,53
CUST000709,Retail,USA,High,68
CUST000710,Corporate,UAE,Low,18
CUST000711,SME,UK,High,30
CUST000712,SME,Singapore,Very High,79
CUST000713,SME,Singapore,Low,43
CUST000714,Retail,UAE,Very High,53
CUST000715,Corporate,UAE,High,43
CUST000716,Private Banking,India,Very High,69
CUST000717,Private Banking,UK,Low,45
CUST000718,Retail,Singapore,High,62
CUST000719,SME,India,High,21
CUST000720,Retail,UAE,High,70
CUST000721,SME,UAE,Low,18
CUST000722,Private Banking,India,Medium,30
CUST000723,Corporate,India,High,75
CUST000724,SME,UK,Medium,62
CUST000725,Retail,USA,Medium,54
CUST000726,SME,UK,High,50
CUST000727,Retail,Singapore,Low,18
CUST000728,Corporate,India,Very High,56
CUST000729,Retail,India,High,72
CUST000730,SME,India,Medium,24
CUST000731,Corporate,India,Very High,48
CUST000732,Corporate,USA,Very High,62
CUST000733,Corporate,UAE,Medium,32
CUST000734,Corporate,Singapore,High,53
CUST000735,Retail,India,Low,38
CUST000736,Retail,India,High,76
CUST000737,Private Banking,UAE,High,67
CUST000738,SME,UAE,Very High,72
CUST000739,Retail,UK,Very High,33
CUST000740,Corporate,UK,Low,26
CUST000741,Retail,UAE,Very High,39
CUST000742,Retail,Singapore,Medium,55
CUST000743,Corporate,USA,Very High,50
CUST000744,Retail,UK,High,34
CUST000745,SME,UAE,Low,66
CUST000746,Private Banking,Singapore,Medium,64
CUST000747,Private Banking,India,Medium,36
CUST000748,Corporate,UAE,High,67
CUST000749,Corporate,UAE,Very High,47
CUST000750,SME,India,High,22
CUST000751,Private Banking,India,Low,47
CUST000752,SME,India,Very High,25
CUST000753,Corporate,UAE,High,66
CUST000754,Private Banking,USA,Medium,48
CUST000755,Retail,Singapore,Low,49
CUST000756,Corporate,UK,Medium,51
CUST000757,Retail,Singapore,Very High,36
CUST000758,Retail,UK,High,63
CUST000759,Private Banking,Singapore,Very High,21
CUST000760,SME,USA,Medium,39
CUST000761,Corporate,UAE,Very High,80
CUST000762,SME,UAE,Medium,53
CUST000763,Corporate,India,Very High,44
CUST000764,Private Banking,UK,Medium,18
CUST000765,Private Banking,UAE,Medium,27
CUST000766,Private Banking,India,Medium,78
CUST000767,Corporate,Singapore,Very High,48
CUST000768,Private Banking,Singapore,High,56
CUST000769,SME,Singapore,Very High,64
CUST000770,Private Banking,USA,Low,44
CUST000771,Retail,UK,Very High,55
CUST000772,SME,Singapore,Low,62
CUST000773,Corporate,UK,Medium,34
CUST000774,Retail,UK,Low,61
CUST000775,SME,UAE,Medium,54
CUST000776,Private Banking,India,High,56
CUST000777,Private Banking,UAE,High,67
CUST000778,Retail,UK,Medium,61
CUST000779,Corporate,UAE,Very High,21
CUST000780,Private Banking,USA,Very High,49
CUST000781,Corporate,UK,High,28
CUST000782,Private Banking,India,Low,33
CUST000783,Corporate,Singapore,Medium,48
CUST000784,SME,UAE,Medium,47
CUST000785,SME,Singapore,Low,63
CUST000786,SME,Singapore,Medium,48
CUST000787,Retail,India,Low,71
CUST000788,Private Banking,UK,Very High,45
CUST000789,Retail,UAE,Low,45
CUST000790,SME,India,High,28
CUST000791,Corporate,India,High,35
CUST000792,Private Banking,USA,Medium,20
CUST000793,Corporate,Singapore,Low,71
CUST000794,Private Banking,USA,Low,31
CUST000795,SME,Singapore,Low,75
CUST000796,SME,UAE,Low,24
CUST000797,Corporate,Singapore,Very High,35
CUST000798,Private Banking,India,Low,45
CUST000799,Retail,India,Very High,47
CUST000800,Retail,Singapore,Low,43
CUST000801,SME,UAE,Low,74
CUST000802,Corporate,India,Low,36
CUST000803,SME,Singapore,Medium,44
CUST000804,Private Banking,Singapore,High,76
CUST000805,Corporate,UAE,Medium,72
CUST000806,Retail,UAE,Medium,54
CUST000807,Corporate,UAE,Very High,80
CUST000808,SME,USA,Low,52
CUST000809,SME,USA,Low,65
CUST000810,Private Banking,UK,High,21
CUST000811,SME,UK,High,24
CUST000812,SME,USA,Medium,26
CUST000813,Private Banking,Singapore,Very High,29
CUST000814,Retail,Singapore,Low,70
CUST000815,Private Banking,Singapore,High,59
CUST000816,Retail,UK,Very High,21
CUST000817,SME,UAE,Very High,46
CUST000818,Private Banking,UK,Medium,47
CUST000819,SME,USA,High,40
CUST000820,SME,USA,Very High,34
CUST000821,Corporate,India,Very High,64
CUST000822,Retail,USA,Very High,37
CUST000823,Retail,UAE,Very High,41
CUST000824,Private Banking,India,Medium,20
CUST000825,Retail,India,Medium,56
CUST000826,Retail,Singapore,Medium,67
CUST000827,Retail,UK,High,74
CUST000828,SME,USA,Low,35
CUST000829,Corporate,USA,Low,55
CUST000830,SME,Singapore,Medium,40
CUST000831,SME,Singapore,Medium,29
CUST000832,Retail,Singapore,Medium,40
CUST000833,Retail,India,Medium,69
CUST000834,Corporate,UK,High,72
CUST000835,Retail,India,Medium,39
CUST000836,Corporate,UK,Low,32
CUST000837,Private Banking,USA,High,62
CUST000838,SME,USA,Medium,66
CUST000839,SME,Singapore,Medium,36
CUST000840,SME,UAE,Medium,55
CUST000841,Private Banking,Singapore,Low,69
CUST000842,Retail,UK,Medium,25
CUST000843,SME,UK,High,23
CUST000844,SME,USA,Low,46
CUST000845,Corporate,USA,Very High,38
CUST000846,SME,India,Low,27
CUST000847,SME,UAE,Very High,30
CUST000848,Retail,UAE,Very High,37
CUST000849,Corporate,UK,Medium,22
CUST000850,Retail,UAE,Medium,56
CUST000851,Corporate,India,Medium,75
CUST000852,Private Banking,UK,Low,55
CUST000853,SME,Singapore,Very High,46
CUST000854,Retail,Singapore,Low,48
CUST000855,Corporate,Singapore,Very High,26
CUST000856,Private Banking,UK,Very High,38
CUST000857,SME,USA,Very High,34
CUST000858,Private Banking,India,Medium,62
CUST000859,Retail,USA,Very High,25
CUST000860,Private Banking,Singapore,Low,18
CUST000861,SME,USA,High,38
CUST000862,SME,UK,Low,30
CUST000863,SME,India,Low,40
CUST000864,SME,UK,High,18
CUST000865,Corporate,India,High,31
CUST000866,SME,India,Low,37
CUST000867,SME,India,Very High,49
CUST000868,Private Banking,Singapore,High,47
CUST000869,SME,UK,High,73
CUST000870,SME,Singapore,Low,50
CUST000871,SME,UK,High,62
CUST000872,Retail,USA,Medium,65
CUST000873,Retail,UK,Very High,49
CUST000874,Retail,UAE,Very High,58
CUST000875,Private Banking,USA,Medium,79
CUST000876,SME,Singapore,Medium,55
CUST000877,Private Banking,UK,Low,40
CUST000878,Retail,Singapore,High,47
CUST000879,Corporate,UAE,High,21
CUST000880,Corporate,USA,High,65
CUST000881,SME,USA,Medium,80
CUST000882,Corporate,UAE,Very High,26
CUST000883,Private Banking,Singapore,Low,65
CUST000884,Corporate,UAE,Very High,26
CUST000885,SME,UK,High,77
CUST000886,SME,UK,High,23
CUST000887,Private Banking,Singapore,Medium,29
CUST000888,SME,UK,Low,66
CUST000889,Retail,USA,Medium,40
CUST000890,Private Banking,Singapore,High,46
CUST000891,SME,USA,Very High,30
CUST000892,Corporate,Singapore,Low,23
CUST000893,SME,Singapore,Medium,77
CUST000894,Corporate,India,High,54
CUST000895,SME,USA,Low,68
CUST000896,Retail,USA,Very High,43
CUST000897,SME,UAE,Low,26
CUST000898,Private Banking,UAE,Low,34
CUST000899,Corporate,India,High,45
CUST000900,SME,Singapore,Low,48
CUST000901,Corporate,India,Low,63
CUST000902,SME,USA,Low,21
CUST000903,Retail,USA,Medium,33
CUST000904,Corporate,Singapore,Medium,26
CUST000905,SME,UK,Very High,23
CUST000906,Retail,USA,Medium,42
CUST000907,Retail,India,Very High,79
CUST000908,Retail,USA,Medium,47
CUST000909,Private Banking,India,High,43
CUST000910,Corporate,UAE,Low,77
CUST000911,Private Banking,India,Very High,80
CUST000912,Private Banking,Singapore,Very High,36
CUST000913,SME,USA,High,18
CUST000914,Retail,USA,High,32
CUST000915,Private Banking,Singapore,Medium,35
CUST000916,Private Banking,India,Very High,70
CUST000917,Private Banking,Singapore,Medium,61
CUST000918,Retail,Singapore,Medium,68
CUST000919,Private Banking,India,Low,59
CUST000920,Corporate,UK,Low,79
CUST000921,Private Banking,UK,Medium,78
CUST000922,SME,India,Very High,40
CUST000923,Corporate,UK,Low,76
CUST000924,SME,UAE,Medium,47
CUST000925,Private Banking,UAE,High,48
CUST000926,Private Banking,India,Very High,72
CUST000927,SME,UK,High,29
CUST000928,Retail,UK,Very High,69
CUST000929,Retail,UAE,High,72
CUST000930,Corporate,India,Very High,19
CUST000931,Retail,UAE,Medium,29
CUST000932,Corporate,Singapore,Low,74
CUST000933,SME,UK,Medium,46
CUST000934,Corporate,UK,High,22
CUST000935,Private Banking,Singapore,Medium,35
CUST000936,Corporate,UAE,High,68
CUST000937,SME,USA,Very High,54
CUST000938,Corporate,UAE,Low,28
CUST000939,Corporate,UK,High,65
CUST000940,SME,UAE,Medium,44
CUST000941,Retail,UK,Very High,29
CUST000942,SME,USA,Very High,64
CUST000943,Corporate,India,Low,80
CUST000944,Retail,USA,High,32
CUST000945,Corporate,UK,Very High,65
CUST000946,Corporate,Singapore,Low,43
CUST000947,Corporate,Singapore,High,67
CUST000948,Retail,India,Medium,48
CUST000949,Retail,UK,Very High,21
CUST000950,Corporate,UAE,Very High,65
CUST000951,Retail,UK,Medium,47
CUST000952,Corporate,UK,Medium,47
CUST000953,Retail,UAE,Very High,23
CUST000954,Private Banking,UK,Very High,34
CUST000955,Private Banking,UAE,Medium,61
CUST000956,Private Banking,Singapore,Very High,53
CUST000957,Retail,UK,High,74
CUST000958,Retail,USA,High,70
CUST000959,Retail,India,Medium,46
CUST000960,Private Banking,Singapore,Low,18
CUST000961,Corporate,UK,Low,62
CUST000962,Private Banking,USA,Very High,19
CUST000963,Corporate,Singapore,High,44
CUST000964,Private Banking,India,High,75
CUST000965,Retail,Singapore,Medium,46
CUST000966,Corporate,UAE,Medium,31
CUST000967,Retail,UAE,Very High,59
CUST000968,Private Banking,Singapore,Low,70
CUST000969,Private Banking,UAE,Low,53
CUST000970,SME,Singapore,Medium,44
CUST000971,Private Banking,UAE,High,67
CUST000972,Retail,USA,Low,67
CUST000973,Private Banking,USA,Very High,39
CUST000974,SME,USA,High,61
CUST000975,Retail,UAE,Very High,66
CUST000976,SME,USA,Very High,31
CUST000977,Corporate,Singapore,Very High,43
CUST000978,Retail,UK,High,72
CUST000979,Retail,UK,Medium,26
CUST000980,Retail,UAE,Low,34
CUST000981,Private Banking,India,Very High,61
CUST000982,Private Banking,India,Very High,43
CUST000983,SME,Singapore,Low,66
CUST000984,Retail,UAE,Medium,54
CUST000985,Retail,UAE,Medium,78
CUST000986,SME,USA,Low,61
CUST000987,SME,UAE,Low,53
CUST000988,SME,UAE,High,79
CUST000989,SME,Singapore,Very High,23
CUST000990,Private Banking,India,Very High,70
CUST000991,Corporate,USA,High,28
CUST000992,Private Banking,USA,High,28
CUST000993,Retail,Singapore,Medium,80
CUST000994,Retail,Singapore,High,37
CUST000995,Retail,India,High,40
CUST000996,Private Banking,UAE,Low,42
CUST000997,SME,India,High,70
CUST000998,Private Banking,Singapore,Low,41
CUST000999,Corporate,USA,Medium,79
CUST001000,Corporate,Singapore,High,60
CUST001001,SME,India,Medium,68
CUST001002,Retail,UAE,Low,44
CUST001003,Private Banking,USA,Low,42
CUST001004,Private Banking,UK,Medium,61
CUST001005,Retail,UK,Low,24
CUST001006,Private Banking,UK,Medium,75
CUST001007,Retail,UK,Low,30
CUST001008,Private Banking,India,Low,48
CUST001009,Retail,USA,Medium,44
CUST001010,Corporate,India,Very High,74
CUST001011,Retail,Singapore,Low,50
CUST001012,Retail,USA,Low,47
CUST001013,SME,UAE,Medium,51
CUST001014,SME,USA,Very High,53
CUST001015,SME,UK,High,71
CUST001016,Corporate,India,Low,47
CUST001017,SME,USA,High,78
CUST001018,SME,UAE,High,23
CUST001019,Retail,UAE,Low,45
CUST001020,Retail,USA,Very High,72
CUST001021,Retail,Singapore,Very High,43
CUST001022,Private Banking,Singapore,Low,53
CUST001023,Retail,USA,Medium,71
CUST001024,Retail,Singapore,Low,47
CUST001025,Retail,Singapore,Very High,30
CUST001026,Corporate,UK,High,31
CUST001027,Corporate,USA,Very High,58
CUST001028,SME,UK,High,51
CUST001029,Private Banking,India,Low,29
CUST001030,Retail,UK,Medium,37
CUST001031,SME,UK,Medium,44
CUST001032,Retail,USA,Low,78
CUST001033,SME,Singapore,Very High,41
CUST001034,SME,India,Medium,53
CUST001035,Corporate,USA,Very High,43
CUST001036,Retail,Singapore,Very High,59
CUST001037,Private Banking,India,Medium,76
CUST001038,Corporate,Singapore,Very High,38
CUST001039,SME,UK,Low,40
CUST001040,Corporate,Singapore,Very High,34
CUST001041,Retail,USA,Very High,68
CUST001042,Corporate,UK,Low,80
CUST001043,SME,UAE,High,71
CUST001044,SME,India,High,73
CUST001045,Private Banking,UAE,Medium,51
CUST001046,Corporate,UK,Very High,44
CUST001047,SME,Singapore,Medium,32
CUST001048,Private Banking,India,Very High,43
CUST001049,Private Banking,USA,Very High,36
CUST001050,Retail,Singapore,High,55
CUST001051,Corporate,USA,Very High,79
CUST001052,SME,Singapore,Low,78
CUST001053,Corporate,Singapore,Very High,29
CUST001054,SME,UAE,Medium,18
CUST001055,Private Banking,UAE,Very High,22
CUST001056,Private Banking,USA,Very High,29
CUST001057,SME,UK,Very High,57
CUST001058,SME,USA,Medium,31
CUST001059,Corporate,USA,Very High,73
CUST001060,Private Banking,USA,Very High,63
CUST001061,Private Banking,UAE,Medium,41
CUST001062,Private Banking,India,High,25
CUST001063,SME,UK,Medium,21
CUST001064,Corporate,USA,Medium,24
CUST001065,Corporate,Singapore,Medium,80
CUST001066,Retail,Singapore,Medium,43
CUST001067,Retail,India,Low,75
CUST001068,Retail,UK,High,21
CUST001069,Private Banking,UAE,Medium,71
CUST001070,Retail,UK,Medium,72
CUST001071,Retail,UK,Low,31
CUST001072,Corporate,India,Low,31
CUST001073,Private Banking,UK,Medium,75
CUST001074,Private Banking,Singapore,Low,55
CUST001075,Private Banking,UK,Very High,37
CUST001076,SME,Singapore,High,76
CUST001077,Retail,UK,Medium,21
CUST001078,SME,Singapore,High,71
CUST001079,SME,India,Very High,45
CUST001080,Private Banking,USA,Low,57
CUST001081,Corporate,USA,Very High,26
CUST001082,Retail,UK,Very High,52
CUST001083,SME,India,Low,48
CUST001084,Corporate,Singapore,Low,46
CUST001085,Private Banking,UAE,Low,77
CUST001086,Private Banking,USA,High,80
CUST001087,Private Banking,Singapore,High,72
CUST001088,Retail,UK,Medium,68
CUST001089,Corporate,UAE,High,25
CUST001090,SME,UK,Medium,79
CUST001091,Retail,Singapore,Very High,60
CUST001092,Corporate,UAE,Low,18
CUST001093,Retail,UAE,Very High,49
CUST001094,SME,Singapore,Low,49
CUST001095,Corporate,India,Medium,44
CUST001096,Retail,USA,Medium,79
CUST001097,Retail,Singapore,High,71
CUST001098,Retail,USA,Medium,51
CUST001099,Private Banking,Singapore,Medium,47
CUST001100,Retail,Singapore,High,64
CUST001101,SME,UK,High,35
CUST001102,Private Banking,UK,Low,67
CUST001103,Corporate,UAE,Very High,19
CUST001104,Private Banking,USA,Very High,73
CUST001105,SME,Singapore,High,22
CUST001106,Retail,UAE,Very High,38
CUST001107,Retail,USA,Low,68
CUST001108,Private Banking,India,High,23
CUST001109,Private Banking,Singapore,Medium,73
CUST001110,Corporate,India,High,40
CUST001111,Private Banking,Singapore,High,20
CUST001112,Retail,USA,High,50
CUST001113,Retail,UK,High,52
CUST001114,Retail,India,High,75
CUST001115,Private Banking,UK,High,63
CUST001116,Private Banking,UK,Medium,56
CUST001117,Retail,UAE,Low,59
CUST001118,Private Banking,UAE,Low,21
CUST001119,Corporate,India,Medium,75
CUST001120,Retail,UK,High,75
CUST001121,Corporate,India,High,19
CUST001122,SME,USA,Medium,29
CUST001123,Retail,USA,Low,61
CUST001124,SME,USA,Very High,43
CUST001125,SME,India,Medium,50
CUST001126,Corporate,USA,Very High,61
CUST001127,Corporate,India,Very High,52
CUST001128,Retail,Singapore,Very High,38
CUST001129,SME,USA,High,23
CUST001130,Private Banking,UK,Very High,63
CUST001131,SME,Singapore,Medium,39
CUST001132,Private Banking,Singapore,Medium,21
CUST001133,SME,USA,Very High,37
CUST001134,Corporate,India,Low,66
CUST001135,Private Banking,UAE,Low,50
CUST001136,Private Banking,India,Medium,20
CUST001137,Retail,USA,Low,52
CUST001138,Corporate,Singapore,Low,23
CUST001139,SME,Singapore,Very High,42
CUST001140,Retail,India,High,52
CUST001141,Corporate,USA,High,53
CUST001142,Retail,UK,Medium,69
CUST001143,Private Banking,Singapore,Medium,60
CUST001144,Retail,India,Very High,20
CUST001145,Corporate,UAE,Medium,27
CUST001146,Retail,UK,Medium,56
CUST001147,Private Banking,India,Very High,48
CUST001148,Corporate,UK,High,36
CUST001149,Private Banking,India,Medium,76
CUST001150,SME,India,Very High,66
CUST001151,Retail,UK,Very High,65
CUST001152,Retail,USA,High,64
CUST001153,SME,USA,High,44
CUST001154,Private Banking,UAE,Very High,26
CUST001155,Private Banking,Singapore,Medium,38
CUST001156,Private Banking,India,High,32
CUST001157,Retail,Singapore,Very High,22
CUST001158,Corporate,India,Medium,41
CUST001159,Private Banking,USA,Very High,18
CUST001160,SME,UAE,Very High,21
CUST001161,Corporate,India,Very High,33
CUST001162,Retail,UAE,Very High,33
CUST001163,Private Banking,India,High,20
CUST001164,SME,USA,Low,59
CUST001165,Private Banking,UK,Low,57
CUST001166,Retail,India,Medium,55
CUST001167,Retail,USA,Low,28
CUST001168,Retail,Singapore,Low,27
CUST001169,Corporate,Singapore,Low,56
CUST001170,Corporate,UK,Medium,62
CUST001171,SME,UAE,High,54
CUST001172,Private Banking,USA,High,32
CUST001173,Retail,USA,Medium,80
CUST001174,Private Banking,India,Low,57
CUST001175,Private Banking,India,Medium,73
CUST001176,Private Banking,UK,Very High,77
CUST001177,Corporate,UK,High,69
CUST001178,Corporate,USA,Medium,20
CUST001179,Corporate,UK,High,62
CUST001180,Corporate,UK,Medium,50
CUST001181,Retail,India,Low,58
CUST001182,Retail,USA,Very High,40
CUST001183,Corporate,USA,Medium,36
CUST001184,Corporate,UK,Very High,80
CUST001185,Private Banking,Singapore,Medium,56
CUST001186,Corporate,Singapore,Low,49
CUST001187,Private Banking,India,High,62
CUST001188,Private Banking,UAE,Low,33
CUST001189,Private Banking,India,Very High,71
CUST001190,SME,UK,Very High,19
CUST001191,Private Banking,India,High,46
CUST001192,SME,UAE,Very High,19
CUST001193,SME,Singapore,High,69
CUST001194,Retail,UK,High,19
CUST001195,Retail,UK,Medium,61
CUST001196,Retail,India,Very High,32
CUST001197,Retail,UAE,Very High,69
CUST001198,Retail,UK,Very High,21
CUST001199,Corporate,USA,Very High,54
CUST001200,Retail,UK,Medium,29
CUST001201,Corporate,UK,Low,31
CUST001202,SME,USA,High,37
CUST001203,Private Banking,USA,High,21
CUST001204,Private Banking,UK,High,31
CUST001205,Retail,UK,Very High,55
CUST001206,Retail,UK,Very High,25
CUST001207,Retail,USA,Very High,45
CUST001208,Corporate,UAE,Medium,45
CUST001209,Corporate,UAE,Low,53
CUST001210,SME,Singapore,High,63
CUST001211,Private Banking,UK,Very High,43
CUST001212,Retail,UK,Very High,21
CUST001213,SME,Singapore,Very High,72
CUST001214,Private Banking,India,High,33
CUST001215,Retail,India,Medium,28
CUST001216,Retail,USA,High,45
CUST001217,Private Banking,Singapore,Medium,30
CUST001218,SME,USA,Very High,31
CUST001219,SME,Singapore,Very High,36
CUST001220,Corporate,India,Medium,73
CUST001221,SME,UK,Medium,66
CUST001222,SME,UAE,Very High,42
CUST001223,SME,UK,Medium,46
CUST001224,Private Banking,Singapore,Medium,32
CUST001225,Corporate,Singapore,Low,26
CUST001226,SME,Singapore,Low,54
CUST001227,Retail,UK,Low,22
CUST001228,Private Banking,USA,Medium,32
CUST001229,SME,USA,High,36
CUST001230,SME,Singapore,High,49
CUST001231,Retail,USA,Medium,74
CUST001232,Retail,UAE,High,70
CUST001233,Corporate,India,High,71
CUST001234,Corporate,UK,Medium,75
CUST001235,Private Banking,India,Very High,38
CUST001236,Private Banking,USA,Low,30
CUST001237,SME,India,Low,18
CUST001238,Private Banking,UK,Medium,31
CUST001239,SME,Singapore,Very High,58
CUST001240,SME,Singapore,Very High,46
CUST001241,Private Banking,UAE,Medium,31
CUST001242,Retail,UAE,Low,79
CUST001243,Private Banking,UAE,High,64
CUST001244,Private Banking,India,Very High,18
CUST001245,SME,USA,High,21
CUST001246,SME,UAE,Low,39
CUST001247,Corporate,Singapore,High,26
CUST001248,Corporate,India,Low,58
CUST001249,Private Banking,UK,Low,26
CUST001250,Private Banking,UK,Low,61
CUST001251,Private Banking,UAE,High,50
CUST001252,SME,UAE,Very High,44
CUST001253,SME,UK,Low,71
CUST001254,Private Banking,Singapore,Low,71
CUST001255,Retail,Singapore,Very High,30
CUST001256,Corporate,UAE,High,78
CUST001257,Private Banking,India,High,54
CUST001258,Private Banking,UK,High,56
CUST001259,Private Banking,USA,Medium,24
CUST001260,SME,USA,Very High,65
CUST001261,Corporate,USA,Low,34
CUST001262,Private Banking,India,High,70
CUST001263,Corporate,India,High,56
CUST001264,SME,Singapore,Very High,67
CUST001265,Private Banking,UK,Medium,26
CUST001266,SME,Singapore,High,75
CUST001267,Private Banking,India,Medium,24
CUST001268,SME,USA,Low,60
CUST001269,Retail,UK,High,53
CUST001270,Corporate,Singapore,High,19
CUST001271,Retail,India,Medium,61
CUST001272,Private Banking,UAE,Medium,26
CUST001273,SME,USA,High,78
CUST001274,Private Banking,UK,Medium,70
CUST001275,SME,UK,Very High,63
CUST001276,Private Banking,USA,Very High,22
CUST001277,SME,Singapore,Medium,46
CUST001278,Private Banking,India,High,60
CUST001279,Corporate,India,Very High,51
CUST001280,Retail,UAE,Low,64
CUST001281,SME,UK,High,43
CUST001282,Corporate,UAE,High,43
CUST001283,Retail,UK,Very High,61
CUST001284,Private Banking,USA,High,54
CUST001285,Private Banking,Singapore,Medium,80
CUST001286,Retail,USA,Very High,27
CUST001287,SME,UAE,Low,21
CUST001288,Retail,USA,Medium,44
CUST001289,Retail,UAE,Very High,26
CUST001290,Retail,India,Very High,38
CUST001291,Corporate,UK,Very High,61
CUST001292,Private Banking,UK,High,49
CUST001293,Private Banking,UK,High,66
CUST001294,Corporate,UAE,High,24
CUST001295,SME,UK,Very High,45
CUST001296,Corporate,India,Low,21
CUST001297,Private Banking,USA,Very High,39
CUST001298,Private Banking,USA,Medium,36
CUST001299,Retail,UK,Low,44
CUST001300,Private Banking,UK,High,38
CUST001301,Retail,Singapore,Medium,75
CUST001302,Corporate,UK,High,22
CUST001303,Private Banking,UK,Low,27
CUST001304,SME,Singapore,Very High,76
CUST001305,Private Banking,India,Medium,71
CUST001306,Corporate,UAE,Low,64
CUST001307,Retail,UAE,Low,79
CUST001308,SME,UAE,Medium,20
CUST001309,Corporate,UK,Medium,76
CUST001310,SME,USA,Very High,21
CUST001311,SME,India,High,64
CUST001312,Retail,USA,Medium,19
CUST001313,Corporate,India,Medium,35
CUST001314,Retail,USA,Very High,58
CUST001315,Retail,USA,Very High,56
CUST001316,Private Banking,USA,Very High,26
CUST001317,Corporate,UK,Medium,53
CUST001318,Corporate,India,Medium,41
CUST001319,Private Banking,USA,High,51
CUST001320,Retail,UK,High,76
CUST001321,Retail,UAE,Medium,40
CUST001322,Private Banking,UAE,High,50
CUST001323,Retail,USA,High,49
CUST001324,SME,USA,High,61
CUST001325,Retail,UK,Low,26
CUST001326,Private Banking,India,Medium,63
CUST001327,Corporate,UK,Medium,59
CUST001328,Retail,Singapore,Low,40
CUST001329,SME,UK,High,57
CUST001330,Retail,UAE,Medium,72
CUST001331,Corporate,Singapore,Low,32
CUST001332,Retail,USA,Very High,60
CUST001333,Private Banking,UAE,High,52
CUST001334,Private Banking,UAE,High,57
CUST001335,Corporate,India,High,22
CUST001336,Private Banking,UK,Medium,30
CUST001337,Retail,USA,Medium,71
CUST001338,Corporate,USA,Very High,62
CUST001339,Corporate,India,Very High,28
CUST001340,SME,Singapore,Medium,80
CUST001341,Private Banking,India,High,64
CUST001342,Private Banking,USA,High,28
CUST001343,Private Banking,UAE,Very High,36
CUST001344,SME,India,Very High,30
CUST001345,Retail,UAE,Very High,29
CUST001346,SME,India,High,23
CUST001347,Retail,UAE,Medium,36
CUST001348,SME,UAE,High,70
CUST001349,Corporate,USA,High,44
CUST001350,Retail,UAE,Medium,33
CUST001351,SME,UAE,Medium,32
CUST001352,Private Banking,India,Very High,57
CUST001353,Retail,Singapore,Medium,32
CUST001354,Private Banking,USA,Low,20
CUST001355,Private Banking,UK,High,73
CUST001356,Private Banking,India,High,69
CUST001357,Private Banking,UAE,High,63
CUST001358,Corporate,India,Very High,44
CUST001359,Private Banking,UK,High,30
CUST001360,Retail,USA,Low,71
CUST001361,Private Banking,Singapore,Very High,50
CUST001362,Retail,UK,Low,38
CUST001363,Private Banking,USA,Low,53
CUST001364,Corporate,UK,Very High,28
CUST001365,Private Banking,USA,Medium,50
CUST001366,Corporate,USA,Very High,44
CUST001367,SME,USA,Low,73
CUST001368,SME,India,Very High,43
CUST001369,Retail,Singapore,Medium,55
CUST001370,Private Banking,India,Medium,25
CUST001371,Retail,UK,Low,53
CUST001372,Retail,Singapore,Very High,72
CUST001373,Retail,USA,Medium,70
CUST001374,Retail,UAE,Low,76
CUST001375,Private Banking,UAE,Low,73
CUST001376,Retail,India,Very High,55
CUST001377,SME,Singapore,Very High,67
CUST001378,SME,USA,Medium,42
CUST001379,SME,Singapore,High,75
CUST001380,Private Banking,UK,Very High,76
CUST001381,Retail,Singapore,High,20
CUST001382,Private Banking,UAE,High,47
CUST001383,Private Banking,USA,Medium,80
CUST001384,SME,UK,High,62
CUST001385,Private Banking,India,Very High,46
CUST001386,SME,India,Medium,71
CUST001387,SME,India,High,39
CUST001388,Corporate,India,High,46
CUST001389,Retail,UK,Medium,59
CUST001390,Retail,USA,Very High,57
CUST001391,SME,USA,High,63
CUST001392,Corporate,UK,Low,37
CUST001393,Corporate,USA,Medium,24
CUST001394,Retail,UK,Low,37
CUST001395,Private Banking,India,Low,66
CUST001396,SME,Singapore,High,72
CUST001397,Retail,Singapore,Very High,52
CUST001398,Private Banking,India,High,58
CUST001399,Private Banking,USA,Low,65
CUST001400,Retail,USA,Very High,74
CUST001401,Private Banking,USA,Very High,52
CUST001402,Retail,Singapore,Medium,58
CUST001403,Corporate,UK,High,45
CUST001404,Corporate,UK,Very High,80
CUST001405,Private Banking,USA,High,19
CUST001406,SME,UAE,Very High,79
CUST001407,Corporate,India,Low,45
CUST001408,SME,Singapore,High,48
CUST001409,SME,UAE,Medium,73
CUST001410,Retail,UK,Very High,41
CUST001411,Private Banking,Singapore,Medium,60
CUST001412,Private Banking,Singapore,Low,50
CUST001413,Private Banking,USA,Medium,63
CUST001414,Retail,Singapore,Low,39
CUST001415,Corporate,UK,Medium,70
CUST001416,SME,Singapore,Medium,37
CUST001417,Retail,UAE,High,22
CUST001418,Corporate,UK,Medium,55
CUST001419,Private Banking,UAE,Low,78
CUST001420,Private Banking,Singapore,High,36
CUST001421,Private Banking,UAE,High,42
CUST001422,SME,India,High,65
CUST001423,Corporate,USA,High,59
CUST001424,Retail,UAE,High,65
CUST001425,Retail,UAE,Low,46
CUST001426,Retail,UK,Low,78
CUST001427,SME,Singapore,Low,50
CUST001428,Retail,UAE,Low,59
CUST001429,Corporate,India,Medium,68
CUST001430,Corporate,UK,Very High,42
CUST001431,Retail,USA,High,70
CUST001432,SME,UAE,Very High,36
CUST001433,Retail,Singapore,Medium,52
CUST001434,Private Banking,UK,Medium,80
CUST001435,SME,India,Medium,45
CUST001436,Corporate,India,Very High,63
CUST001437,SME,India,Medium,44
CUST001438,Private Banking,UAE,Very High,25
CUST001439,Private Banking,UAE,Very High,45
CUST001440,Retail,India,Medium,38
CUST001441,Private Banking,Singapore,High,29
CUST001442,Retail,Singapore,Medium,26
CUST001443,SME,UK,Low,22
CUST001444,SME,UAE,Very High,53
CUST001445,SME,UAE,Very High,40
CUST001446,Retail,India,Very High,73
CUST001447,Private Banking,USA,Low,38
CUST001448,SME,UK,High,70
CUST001449,Private Banking,India,High,36
CUST001450,Retail,USA,Medium,31
CUST001451,SME,UK,Low,47
CUST001452,Corporate,UAE,High,45
CUST001453,Corporate,Singapore,Very High,70
CUST001454,Retail,India,Very High,33
CUST001455,Private Banking,Singapore,Very High,31
CUST001456,Retail,USA,High,65
CUST001457,Private Banking,USA,High,40
CUST001458,SME,Singapore,Very High,61
CUST001459,Private Banking,UAE,High,69
CUST001460,Retail,UK,Low,19
CUST001461,SME,USA,High,18
CUST001462,SME,UK,High,22
CUST001463,SME,UK,High,77
CUST001464,Corporate,USA,Very High,48
CUST001465,SME,Singapore,Medium,54
CUST001466,Retail,UK,Very High,66
CUST001467,SME,Singapore,Low,34
CUST001468,Corporate,UK,Very High,64
CUST001469,Retail,UK,Very High,36
CUST001470,SME,Singapore,High,23
CUST001471,Retail,UK,Very High,51
CUST001472,Private Banking,USA,High,31
CUST001473,Retail,Singapore,Low,36
CUST001474,Retail,USA,High,36
CUST001475,SME,UAE,Very High,59
CUST001476,Private Banking,UAE,Low,50
CUST001477,SME,India,High,50
CUST001478,Retail,India,Low,64
CUST001479,Private Banking,Singapore,Low,37
CUST001480,SME,USA,Low,38
CUST001481,Retail,India,High,32
CUST001482,Private Banking,UAE,Very High,28
CUST001483,Retail,India,Very High,69
CUST001484,Retail,USA,Very High,24
CUST001485,Retail,USA,Very High,58
CUST001486,Corporate,UAE,High,26
CUST001487,Corporate,UAE,Low,44
CUST001488,Retail,Singapore,Very High,70
CUST001489,SME,Singapore,Low,41
CUST001490,Corporate,Singapore,Medium,18
CUST001491,Private Banking,India,Low,29
CUST001492,SME,India,Medium,79
CUST001493,Private Banking,UK,High,76
CUST001494,Retail,UK,Medium,28
CUST001495,Corporate,India,Low,36
CUST001496,SME,India,Very High,44
CUST001497,Private Banking,India,Low,38
CUST001498,Retail,UK,High,65
CUST001499,SME,India,Low,80
CUST001500,Private Banking,UAE,Medium,31
CUST001501,SME,Singapore,Medium,72
CUST001502,SME,UK,Low,20
CUST001503,Corporate,Singapore,Medium,29
CUST001504,SME,India,High,42
CUST001505,SME,India,Low,79
CUST001506,Retail,India,Low,66
CUST001507,SME,UK,High,31
CUST001508,SME,USA,Low,30
CUST001509,SME,Singapore,High,29
CUST001510,Private Banking,India,Medium,28
CUST001511,SME,USA,High,39
CUST001512,Private Banking,UK,High,26
CUST001513,SME,UK,Medium,50
CUST001514,Private Banking,UK,High,57
CUST001515,Private Banking,UAE,Low,29
CUST001516,Corporate,USA,Very High,45
CUST001517,SME,UK,Medium,65
CUST001518,Retail,USA,High,33
CUST001519,Private Banking,UAE,Very High,58
CUST001520,SME,UK,High,29
CUST001521,Private Banking,Singapore,High,43
CUST001522,Retail,UK,Medium,42
CUST001523,Private Banking,UK,High,54
CUST001524,Retail,UK,Very High,66
CUST001525,Private Banking,Singapore,High,68
CUST001526,SME,USA,Low,57
CUST001527,Private Banking,UAE,High,24
CUST001528,Corporate,UAE,High,32
CUST001529,SME,UAE,High,28
CUST001530,Corporate,UAE,High,77
CUST001531,Private Banking,UAE,High,60
CUST001532,SME,UK,Medium,53
CUST001533,Private Banking,Singapore,High,65
CUST001534,SME,Singapore,High,30
CUST001535,Private Banking,UAE,Medium,37
CUST001536,Retail,UK,Very High,23
CUST001537,SME,UAE,Very High,78
CUST001538,SME,USA,Medium,38
CUST001539,Corporate,Singapore,High,44
CUST001540,Corporate,USA,Very High,33
CUST001541,Retail,UAE,Low,43
CUST001542,SME,UK,Very High,55
CUST001543,SME,USA,Low,44
CUST001544,Retail,UK,Medium,61
CUST001545,Retail,India,Very High,75
CUST001546,SME,UAE,Low,19
CUST001547,SME,India,Very High,69
CUST001548,SME,UAE,Medium,42
CUST001549,Retail,UAE,Medium,67
CUST001550,Retail,India,High,52
CUST001551,Private Banking,UAE,Low,53
CUST001552,SME,UAE,High,54
CUST001553,SME,India,Medium,80
CUST001554,Retail,UK,Very High,68
CUST001555,SME,USA,High,68
CUST001556,Private Banking,UAE,Medium,38
CUST001557,Corporate,Singapore,Medium,42
CUST001558,Corporate,UK,Very High,31
CUST001559,SME,USA,Low,47
CUST001560,SME,USA,High,18
CUST001561,SME,UAE,High,50
CUST001562,Retail,India,Medium,59
CUST001563,Private Banking,UAE,High,54
CUST001564,Private Banking,India,Very High,46
CUST001565,Retail,UAE,Medium,31
CUST001566,Corporate,Singapore,Low,20
CUST001567,Retail,UAE,Low,28
CUST001568,Corporate,USA,Low,25
CUST001569,Private Banking,Singapore,High,64
CUST001570,Retail,India,Medium,32
CUST001571,SME,UK,High,31
CUST001572,Private Banking,UAE,Very High,60
CUST001573,SME,UK,Low,36
CUST001574,Retail,USA,High,23
CUST001575,Retail,India,Very High,49
CUST001576,SME,India,Low,34
CUST001577,Retail,India,Very High,18
CUST001578,Corporate,USA,Low,67
CUST001579,Retail,India,High,59
CUST001580,SME,India,Medium,51
CUST001581,Private Banking,UAE,Low,43
CUST001582,Retail,India,Low,33
CUST001583,Corporate,Singapore,Low,79
CUST001584,SME,UK,High,37
CUST001585,Corporate,Singapore,Low,31
CUST001586,Corporate,Singapore,Low,45
CUST001587,Retail,UAE,Low,49
CUST001588,Retail,Singapore,Very High,21
CUST001589,Retail,UK,Very High,24
CUST001590,Retail,UAE,Low,31
CUST001591,SME,India,High,77
CUST001592,Retail,Singapore,High,75
CUST001593,Private Banking,India,Medium,80
CUST001594,Retail,UK,Low,25
CUST001595,SME,USA,Very High,72
CUST001596,Corporate,UK,Medium,76
CUST001597,Private Banking,India,Medium,80
CUST001598,Private Banking,UAE,High,49
CUST001599,Private Banking,UK,Very High,30
CUST001600,Retail,Singapore,Low,20
CUST001601,Private Banking,UK,Low,60
CUST001602,Private Banking,India,High,28
CUST001603,SME,Singapore,Low,40
CUST001604,Corporate,India,Low,63
CUST001605,SME,India,High,31
CUST001606,Corporate,India,Very High,56
CUST001607,Private Banking,Singapore,Very High,22
CUST001608,Private Banking,USA,High,70
CUST001609,Corporate,UK,Medium,38
CUST001610,SME,UAE,High,75
CUST001611,Retail,India,Medium,58
CUST001612,Corporate,UK,Very High,64
CUST001613,Retail,UAE,High,51
CUST001614,Corporate,UAE,Very High,56
CUST001615,Corporate,USA,Medium,80
CUST001616,Retail,India,High,24
CUST001617,Corporate,UAE,Very High,40
CUST001618,Private Banking,Singapore,High,41
CUST001619,Corporate,Singapore,Medium,46
CUST001620,Retail,UAE,Medium,42
CUST001621,Private Banking,Singapore,High,43
CUST001622,Corporate,India,High,42
CUST001623,Retail,UAE,Low,60
CUST001624,Retail,India,High,72
CUST001625,Corporate,India,Medium,18
CUST001626,Private Banking,USA,Very High,73
CUST001627,SME,UK,Low,68
CUST001628,Private Banking,India,Low,18
CUST001629,Private Banking,UAE,Low,61
CUST001630,Corporate,India,Very High,26
CUST001631,SME,India,Very High,44
CUST001632,SME,Singapore,Low,25
CUST001633,Corporate,Singapore,Medium,32
CUST001634,SME,USA,Medium,29
CUST001635,SME,USA,Medium,36
CUST001636,Retail,USA,High,48
CUST001637,Corporate,Singapore,Medium,40
CUST001638,Corporate,India,Low,35
CUST001639,Retail,India,High,46
CUST001640,Retail,Singapore,High,74
CUST001641,Retail,India,Medium,40
CUST001642,Retail,UK,Medium,38
CUST001643,Private Banking,Singapore,Medium,67
CUST001644,SME,India,Very High,36
CUST001645,Retail,UK,Very High,53
CUST001646,Retail,USA,Very High,51
CUST001647,SME,India,Medium,77
CUST001648,Retail,India,Low,75
CUST001649,Corporate,India,High,76
CUST001650,Corporate,Singapore,High,22
CUST001651,Corporate,Singapore,Low,77
CUST001652,Corporate,UK,Very High,53
CUST001653,Private Banking,UAE,High,64
CUST001654,SME,USA,Low,29
CUST001655,Retail,USA,Medium,19
CUST001656,Private Banking,Singapore,High,49
CUST001657,Retail,Singapore,Very High,53
CUST001658,Retail,Singapore,Low,32
CUST001659,Private Banking,UK,Medium,70
CUST001660,Private Banking,USA,Low,38
CUST001661,Corporate,USA,High,79
CUST001662,Corporate,UAE,High,55
CUST001663,Corporate,India,High,29
CUST001664,Retail,UAE,Very High,54
CUST001665,Retail,UK,High,75
CUST001666,SME,USA,Very High,18
CUST001667,Private Banking,India,Low,42
CUST001668,Corporate,UAE,Very High,33
CUST001669,SME,UAE,High,41
CUST001670,Private Banking,India,Low,43
CUST001671,Corporate,Singapore,Very High,44
CUST001672,Retail,Singapore,Very High,60
CUST001673,Retail,UK,Low,26
CUST001674,Corporate,Singapore,Low,50
CUST001675,Corporate,Singapore,Very High,64
CUST001676,Private Banking,USA,Medium,58
CUST001677,Private Banking,UK,High,37
CUST001678,Private Banking,UAE,Medium,38
CUST001679,Retail,USA,High,61
CUST001680,SME,Singapore,Medium,75
CUST001681,Corporate,Singapore,Medium,37
CUST001682,Retail,India,High,23
CUST001683,Private Banking,Singapore,High,25
CUST001684,Corporate,UK,Medium,78
CUST001685,Private Banking,USA,Low,38
CUST001686,Corporate,UK,Very High,36
CUST001687,Retail,UAE,Medium,71
CUST001688,Private Banking,USA,Very High,18
CUST001689,SME,UK,Medium,41
CUST001690,Private Banking,India,Medium,66
CUST001691,SME,Singapore,Medium,57
CUST001692,Corporate,USA,High,40
CUST001693,SME,Singapore,Low,38
CUST001694,SME,USA,Very High,32
CUST001695,Retail,UK,Low,76
CUST001696,SME,USA,Very High,43
CUST001697,SME,USA,Low,46
CUST001698,SME,India,Very High,36
CUST001699,SME,USA,Medium,71
CUST001700,SME,India,High,23
CUST001701,Private Banking,UAE,Medium,75
CUST001702,Retail,UK,Medium,55
CUST001703,SME,UAE,Very High,56
CUST001704,SME,UAE,Low,43
CUST001705,SME,Singapore,High,66
CUST001706,Retail,Singapore,Low,71
CUST001707,SME,USA,Medium,50
CUST001708,Retail,UK,High,18
CUST001709,SME,Singapore,Low,44
CUST001710,Retail,USA,Low,24
CUST001711,SME,Singapore,Medium,41
CUST001712,SME,UAE,Very High,23
CUST001713,Retail,India,Low,59
CUST001714,Retail,Singapore,High,45
CUST001715,Retail,UAE,Medium,29
CUST001716,Corporate,UAE,High,62
CUST001717,Private Banking,India,High,40
CUST001718,Corporate,India,Very High,55
CUST001719,SME,Singapore,Low,36
CUST001720,Corporate,Singapore,Medium,65
CUST001721,SME,India,Very High,59
CUST001722,Private Banking,UAE,Low,36
CUST001723,Corporate,UAE,High,46
CUST001724,Corporate,Singapore,Very High,18
CUST001725,Retail,USA,High,78
CUST001726,Corporate,Singapore,Low,76
CUST001727,Retail,UAE,Very High,45
CUST001728,Private Banking,UAE,High,21
CUST001729,Corporate,Singapore,Very High,59
CUST001730,Private Banking,India,Medium,19
CUST001731,SME,USA,Low,70
CUST001732,Corporate,UAE,Low,44
CUST001733,Retail,USA,Low,27
CUST001734,SME,Singapore,Low,61
CUST001735,Retail,UAE,Very High,58
CUST001736,Private Banking,India,Very High,58
CUST001737,Private Banking,UAE,Medium,39
CUST001738,SME,Singapore,Medium,30
CUST001739,Private Banking,India,High,55
CUST001740,SME,India,Medium,42
CUST001741,Corporate,USA,High,44
CUST001742,SME,UAE,Low,23
CUST001743,Corporate,Singapore,High,30
CUST001744,Retail,India,Low,78
CUST001745,SME,UAE,High,67
CUST001746,SME,USA,Medium,73
CUST001747,SME,India,Medium,27
CUST001748,Corporate,UAE,High,56
CUST001749,Private Banking,UAE,Medium,26
CUST001750,Private Banking,USA,High,24
CUST001751,Private Banking,USA,Medium,69
CUST001752,Private Banking,UAE,High,54
CUST001753,Retail,UK,Medium,76
CUST001754,SME,India,Low,24
CUST001755,Corporate,India,Very High,69
CUST001756,Corporate,Singapore,Very High,43
CUST001757,Corporate,Singapore,Very High,46
CUST001758,SME,UK,Low,69
CUST001759,SME,UAE,Medium,35
CUST001760,Corporate,UK,Medium,79
CUST001761,SME,UAE,High,61
CUST001762,Private Banking,UK,Very High,57
CUST001763,Private Banking,UAE,High,51
CUST001764,Private Banking,USA,High,55
CUST001765,Private Banking,Singapore,Medium,35
CUST001766,Corporate,UK,Low,19
CUST001767,Corporate,UAE,Medium,38
CUST001768,Retail,UAE,Medium,80
CUST001769,Private Banking,UK,Very High,52
CUST001770,Corporate,India,Medium,70
CUST001771,Retail,UAE,Medium,66
CUST001772,Private Banking,UAE,Very High,29
CUST001773,SME,UK,Low,57
CUST001774,Private Banking,USA,Medium,34
CUST001775,Corporate,Singapore,Low,26
CUST001776,Retail,UK,Very High,73
CUST001777,Corporate,India,Medium,27
CUST001778,SME,UK,Very High,47
CUST001779,Retail,UK,High,80
CUST001780,Private Banking,USA,Very High,72
CUST001781,SME,UK,Low,73
CUST001782,Corporate,India,Very High,19
CUST001783,SME,Singapore,Medium,23
CUST001784,Corporate,UAE,Medium,67
CUST001785,SME,Singapore,Very High,59
CUST001786,SME,India,High,38
CUST001787,Retail,UAE,Very High,43
CUST001788,Private Banking,India,Very High,30
CUST001789,Private Banking,Singapore,Medium,72
CUST001790,Private Banking,Singapore,Low,25
CUST001791,Retail,Singapore,Medium,19
CUST001792,Retail,USA,High,50
CUST001793,Corporate,Singapore,Very High,70
CUST001794,Corporate,USA,Medium,31
CUST001795,SME,UAE,Very High,61
CUST001796,Private Banking,India,Medium,78
CUST001797,Private Banking,UAE,Low,62
CUST001798,SME,UAE,Low,72
CUST001799,Corporate,UK,High,75
CUST001800,Private Banking,USA,Medium,19
CUST001801,Corporate,UAE,High,54
CUST001802,Retail,India,Medium,27
CUST001803,Corporate,USA,High,66
CUST001804,Retail,USA,Medium,41
CUST001805,Retail,India,Low,24
CUST001806,Corporate,UK,Very High,25
CUST001807,Private Banking,UK,Low,52
CUST001808,Retail,Singapore,Low,36
CUST001809,Corporate,India,Low,36
CUST001810,Retail,UK,Medium,22
CUST001811,Corporate,UAE,Very High,75
CUST001812,Corporate,India,Medium,71
CUST001813,Corporate,Singapore,Low,35
CUST001814,SME,UAE,High,47
CUST001815,Corporate,UK,Low,30
CUST001816,Retail,USA,Low,24
CUST001817,Private Banking,USA,High,42
CUST001818,Corporate,UAE,Low,49
CUST001819,Private Banking,USA,High,20
CUST001820,Retail,USA,Low,27
CUST001821,Private Banking,India,Very High,75
CUST001822,SME,UAE,Low,45
CUST001823,Retail,India,High,51
CUST001824,Private Banking,UAE,Very High,25
CUST001825,Retail,USA,Very High,70
CUST001826,Private Banking,UAE,High,55
CUST001827,SME,Singapore,Medium,44
CUST001828,Retail,UAE,Low,64
CUST001829,Corporate,India,High,80
CUST001830,SME,UK,Medium,34
CUST001831,Corporate,USA,Low,55
CUST001832,Corporate,UAE,High,46
CUST001833,SME,USA,High,33
CUST001834,Corporate,Singapore,Medium,55
CUST001835,SME,UK,Medium,42
CUST001836,Private Banking,Singapore,Low,47
CUST001837,Private Banking,UK,Low,22
CUST001838,Corporate,USA,High,77
CUST001839,Private Banking,UAE,Very High,56
CUST001840,SME,India,Medium,18
CUST001841,SME,USA,High,31
CUST001842,SME,UAE,Medium,48
CUST001843,Private Banking,UAE,Medium,34
CUST001844,Corporate,India,High,69
CUST001845,Retail,Singapore,High,26
CUST001846,Corporate,UK,Very High,24
CUST001847,SME,India,Very High,70
CUST001848,SME,India,Very High,26
CUST001849,Retail,UAE,Medium,53
CUST001850,SME,UAE,Very High,48
CUST001851,Private Banking,India,Low,74
CUST001852,Corporate,Singapore,High,26
CUST001853,Private Banking,USA,Very High,30
CUST001854,Retail,USA,Low,18
CUST001855,Private Banking,India,Medium,22
CUST001856,Retail,Singapore,High,27
CUST001857,SME,UK,High,49
CUST001858,SME,India,High,65
CUST001859,Private Banking,UAE,Very High,24
CUST001860,Private Banking,India,Very High,24
CUST001861,Private Banking,UK,Very High,40
CUST001862,Private Banking,UAE,Very High,44
CUST001863,Corporate,India,Very High,51
CUST001864,SME,Singapore,High,67
CUST001865,Corporate,India,Low,57
CUST001866,Corporate,Singapore,Medium,77
CUST001867,Corporate,Singapore,Very High,61
CUST001868,Corporate,Singapore,Very High,57
CUST001869,SME,Singapore,Medium,71
CUST001870,Retail,USA,Low,66
CUST001871,Corporate,Singapore,Low,47
CUST001872,Retail,UK,High,48
CUST001873,SME,UAE,Low,66
CUST001874,Retail,UK,Very High,68
CUST001875,Retail,India,High,20
CUST001876,Retail,India,Low,43
CUST001877,SME,UAE,Low,19
CUST001878,Retail,Singapore,Very High,40
CUST001879,SME,UK,Very High,76
CUST001880,Corporate,USA,Very High,73
CUST001881,SME,Singapore,High,36
CUST001882,SME,UK,Very High,75
CUST001883,Retail,USA,Medium,24
CUST001884,Corporate,USA,Very High,48
CUST001885,Retail,UK,Very High,33
CUST001886,Private Banking,UAE,High,61
CUST001887,SME,Singapore,Low,74
CUST001888,SME,India,Very High,62
CUST001889,SME,UAE,Very High,41
CUST001890,SME,USA,Medium,37
CUST001891,Private Banking,USA,High,34
CUST001892,SME,UAE,Medium,36
CUST001893,Retail,India,Low,62
CUST001894,SME,India,Very High,60
CUST001895,Retail,India,High,60
CUST001896,Private Banking,India,High,23
CUST001897,Retail,USA,High,35
CUST001898,SME,Singapore,Very High,74
CUST001899,Retail,UAE,Medium,64
CUST001900,Retail,Singapore,Medium,38
CUST001901,Private Banking,Singapore,Very High,56
CUST001902,SME,India,Low,76
CUST001903,Retail,India,Low,55
CUST001904,Retail,USA,Medium,22
CUST001905,Private Banking,USA,Low,64
CUST001906,Retail,UK,Low,29
CUST001907,SME,UK,High,22
CUST001908,Corporate,USA,Medium,57
CUST001909,Retail,USA,Medium,21
CUST001910,Corporate,Singapore,Very High,44
CUST001911,Private Banking,India,Medium,67
CUST001912,Private Banking,UAE,Medium,52
CUST001913,Retail,USA,Low,26
CUST001914,SME,UAE,Low,40
CUST001915,Corporate,UAE,High,67
CUST001916,Private Banking,India,High,76
CUST001917,SME,India,Low,20
CUST001918,Corporate,USA,Medium,61
CUST001919,SME,India,Very High,49
CUST001920,SME,USA,Very High,57
CUST001921,Corporate,Singapore,Low,53
CUST001922,Retail,UK,Medium,60
CUST001923,Private Banking,USA,Medium,48
CUST001924,Private Banking,UK,Low,66
CUST001925,Retail,UAE,Very High,45
CUST001926,Private Banking,India,Very High,48
CUST001927,Private Banking,Singapore,Medium,44
CUST001928,SME,UAE,High,19
CUST001929,Retail,UAE,Medium,47
CUST001930,Private Banking,Singapore,Medium,29
CUST001931,Private Banking,UAE,Very High,46
CUST001932,Retail,USA,Medium,46
CUST001933,Private Banking,India,Very High,70
CUST001934,Corporate,Singapore,Medium,53
CUST001935,Retail,UAE,High,55
CUST001936,SME,UK,Low,26
CUST001937,Corporate,UK,Very High,48
CUST001938,Private Banking,Singapore,Very High,38
CUST001939,Private Banking,UAE,High,19
CUST001940,SME,USA,High,79
CUST001941,Retail,UK,Low,77
CUST001942,Retail,UK,Low,67
CUST001943,Private Banking,India,Very High,39
CUST001944,Private Banking,USA,Medium,54
CUST001945,Retail,Singapore,High,73
CUST001946,Private Banking,UK,Low,52
CUST001947,Private Banking,India,Low,71
CUST001948,Corporate,USA,Very High,20
CUST001949,Retail,UK,Low,18
CUST001950,SME,UK,High,56
CUST001951,SME,USA,Very High,53
CUST001952,Private Banking,UK,Very High,21
CUST001953,SME,India,Medium,55
CUST001954,SME,India,Low,24
CUST001955,SME,UK,Low,22
CUST001956,Private Banking,India,Very High,35
CUST001957,SME,USA,Low,43
CUST001958,Corporate,Singapore,Medium,28
CUST001959,SME,Singapore,Very High,56
CUST001960,SME,India,Low,42
CUST001961,SME,India,Low,68
CUST001962,Private Banking,Singapore,Low,78
CUST001963,SME,UK,Medium,75
CUST001964,Private Banking,UAE,Medium,34
CUST001965,Private Banking,UK,Medium,48
CUST001966,Corporate,India,High,49
CUST001967,Retail,UK,High,43
CUST001968,Corporate,UAE,Very High,34
CUST001969,Retail,UAE,Very High,68
CUST001970,SME,UK,High,34
CUST001971,Corporate,Singapore,High,39
CUST001972,Retail,UK,Very High,59
CUST001973,Private Banking,USA,Very High,40
CUST001974,SME,UK,Medium,68
CUST001975,Corporate,USA,Medium,60
CUST001976,Corporate,USA,Very High,58
CUST001977,SME,UAE,Very High,31
CUST001978,Private Banking,UAE,High,51
CUST001979,Corporate,Singapore,Medium,19
CUST001980,Private Banking,UAE,High,51
CUST001981,Private Banking,India,High,33
CUST001982,SME,UAE,Medium,60
CUST001983,Corporate,UK,Medium,73
CUST001984,Private Banking,USA,High,73
CUST001985,Retail,UK,Low,66
CUST001986,Corporate,UK,Low,41
CUST001987,Retail,USA,Medium,52
CUST001988,Corporate,UAE,Very High,28
CUST001989,Retail,India,Very High,30
CUST001990,Corporate,Singapore,Medium,54
CUST001991,Retail,UAE,Very High,32
CUST001992,Private Banking,Singapore,High,35
CUST001993,Corporate,India,Medium,53
CUST001994,Retail,India,Very High,26
CUST001995,Corporate,USA,High,25
CUST001996,Corporate,India,Medium,62
CUST001997,Retail,UK,High,19
CUST001998,SME,USA,Low,37
CUST001999,SME,UK,Medium,74
CUST002000,Retail,Singapore,Very High,56
CUST002001,Corporate,Singapore,Medium,66
CUST002002,Private Banking,USA,High,30
CUST002003,Retail,India,Low,27
CUST002004,SME,UK,Low,35
CUST002005,SME,UAE,High,29
CUST002006,Private Banking,UK,Medium,53
CUST002007,Private Banking,UAE,Medium,69
CUST002008,Corporate,India,Low,51
CUST002009,Corporate,UAE,Medium,51
CUST002010,SME,USA,High,40
CUST002011,Corporate,UK,Low,34
CUST002012,Private Banking,India,Low,55
CUST002013,SME,UK,Low,23
CUST002014,Private Banking,UK,High,71
CUST002015,Corporate,UK,Medium,62
CUST002016,Private Banking,India,Very High,26
CUST002017,Private Banking,Singapore,Low,44
CUST002018,Private Banking,Singapore,Medium,46
CUST002019,Corporate,UAE,Low,71
CUST002020,SME,India,High,71
CUST002021,Private Banking,UK,Very High,64
CUST002022,SME,UAE,High,74
CUST002023,Retail,Singapore,Very High,19
CUST002024,Corporate,USA,Low,50
CUST002025,Private Banking,UAE,Medium,18
CUST002026,Retail,UAE,Medium,23
CUST002027,Private Banking,Singapore,Low,68
CUST002028,SME,USA,High,78
CUST002029,Retail,UAE,Very High,78
CUST002030,Retail,UK,High,20
CUST002031,Corporate,USA,Medium,76
CUST002032,SME,UAE,Very High,32
CUST002033,Retail,Singapore,Medium,35
CUST002034,SME,USA,Low,37
CUST002035,Corporate,India,High,59
CUST002036,SME,India,Medium,41
CUST002037,SME,UAE,High,41
CUST002038,Retail,Singapore,Medium,68
CUST002039,SME,India,Medium,34
CUST002040,SME,UAE,High,67
CUST002041,Corporate,UAE,Very High,47
CUST002042,SME,USA,Low,25
CUST002043,Corporate,UK,Low,65
CUST002044,Corporate,UK,Medium,75
CUST002045,Retail,USA,Medium,59
CUST002046,Corporate,Singapore,Very High,74
CUST002047,Corporate,Singapore,Low,74
CUST002048,Retail,Singapore,Very High,48
CUST002049,Retail,India,High,19
CUST002050,Private Banking,Singapore,Low,78
CUST002051,Private Banking,USA,Medium,42
CUST002052,Corporate,India,Very High,31
CUST002053,SME,USA,Low,71
CUST002054,Private Banking,Singapore,Low,65
CUST002055,Retail,USA,Very High,32
CUST002056,SME,Singapore,Low,55
CUST002057,SME,UAE,Low,68
CUST002058,Corporate,UAE,Medium,61
CUST002059,Private Banking,UAE,Very High,25
CUST002060,Retail,UK,Medium,54
CUST002061,Private Banking,UAE,Low,46
CUST002062,Corporate,UK,Low,41
CUST002063,SME,India,High,35
CUST002064,Corporate,India,Low,69
CUST002065,SME,India,Medium,67
CUST002066,Private Banking,USA,Medium,53
CUST002067,Private Banking,USA,Low,74
CUST002068,SME,UK,High,74
CUST002069,Retail,Singapore,High,50
CUST002070,Private Banking,UAE,Very High,21
CUST002071,SME,India,High,18
CUST002072,SME,UK,Very High,61
CUST002073,Private Banking,UK,High,58
CUST002074,Retail,USA,Medium,33
CUST002075,Private Banking,USA,Low,20
CUST002076,Retail,Singapore,Medium,46
CUST002077,SME,India,Low,73
CUST002078,Corporate,India,Medium,33
CUST002079,Corporate,UAE,Low,24
CUST002080,Corporate,Singapore,Medium,18
CUST002081,Retail,Singapore,Medium,41
CUST002082,SME,Singapore,Low,67
CUST002083,SME,India,Very High,51
CUST002084,Retail,UAE,Medium,44
CUST002085,Retail,Singapore,Low,59
CUST002086,Private Banking,Singapore,Very High,56
CUST002087,Retail,UAE,High,59
CUST002088,Private Banking,UAE,Very High,29
CUST002089,Retail,India,Low,40
CUST002090,SME,India,High,62
CUST002091,Retail,India,Very High,76
CUST002092,Retail,UAE,Low,45
CUST002093,SME,UK,High,73
CUST002094,Retail,USA,High,24
CUST002095,SME,Singapore,Very High,18
CUST002096,Corporate,India,Low,74
CUST002097,Retail,USA,High,69
CUST002098,Corporate,UK,High,77
CUST002099,Corporate,UAE,Very High,27
CUST002100,Private Banking,UK,High,42
CUST002101,Retail,USA,Medium,47
CUST002102,Private Banking,UAE,Low,33
CUST002103,Private Banking,UAE,Low,62
CUST002104,Private Banking,Singapore,Very High,33
CUST002105,Corporate,UAE,Low,26
CUST002106,Private Banking,UAE,Very High,52
CUST002107,SME,India,High,41
CUST002108,Private Banking,Singapore,Very High,24
CUST002109,SME,USA,Very High,65
CUST002110,Corporate,India,Medium,64
CUST002111,SME,Singapore,High,60
CUST002112,Private Banking,India,High,37
CUST002113,Private Banking,UAE,Medium,49
CUST002114,Private Banking,Singapore,Medium,18
CUST002115,Corporate,India,Low,69
CUST002116,Private Banking,UAE,Low,61
CUST002117,Corporate,Singapore,Low,41
CUST002118,SME,UK,Medium,25
CUST002119,Private Banking,USA,Very High,31
CUST002120,Private Banking,UK,Very High,19
CUST002121,Corporate,UAE,High,42
CUST002122,Private Banking,USA,Very High,77
CUST002123,Retail,Singapore,Very High,53
CUST002124,SME,India,Low,35
CUST002125,SME,UAE,Medium,43
CUST002126,SME,India,High,54
CUST002127,SME,Singapore,Low,60
CUST002128,SME,UAE,Low,42
CUST002129,Corporate,USA,Medium,35
CUST002130,Retail,India,High,21
CUST002131,Private Banking,Singapore,Low,23
CUST002132,Private Banking,Singapore,Medium,50
CUST002133,SME,UK,Very High,25
CUST002134,SME,India,Low,52
CUST002135,Retail,UAE,Very High,59
CUST002136,Retail,UAE,High,61
CUST002137,Private Banking,USA,High,71
CUST002138,Private Banking,UK,Very High,57
CUST002139,Retail,UK,Medium,77
CUST002140,SME,India,Very High,25
CUST002141,Retail,UK,Very High,68
CUST002142,Corporate,UAE,High,51
CUST002143,Retail,USA,Low,78
CUST002144,Retail,UAE,Low,49
CUST002145,SME,UK,Very High,73
CUST002146,SME,India,Very High,30
CUST002147,Retail,Singapore,Very High,80
CUST002148,Corporate,UK,Very High,70
CUST002149,SME,UAE,Low,44
CUST002150,Corporate,USA,Very High,31
CUST002151,Private Banking,USA,Low,23
CUST002152,SME,USA,Low,43
CUST002153,SME,India,Low,66
CUST002154,SME,India,Very High,22
CUST002155,Private Banking,UAE,High,30
CUST002156,SME,India,Very High,32
CUST002157,SME,UAE,Low,69
CUST002158,SME,India,Very High,57
CUST002159,Corporate,UK,Low,66
CUST002160,Retail,UK,Low,33
CUST002161,Private Banking,Singapore,High,65
CUST002162,Corporate,UK,High,50
CUST002163,SME,UK,Very High,75
CUST002164,SME,USA,Low,27
CUST002165,Private Banking,UK,Medium,56
CUST002166,SME,Singapore,High,67
CUST002167,Corporate,India,Very High,69
CUST002168,Corporate,India,Medium,38
CUST002169,Retail,UK,Very High,73
CUST002170,Private Banking,Singapore,Low,70
CUST002171,SME,Singapore,Very High,69
CUST002172,Retail,India,Very High,32
CUST002173,Corporate,UK,High,24
CUST002174,SME,USA,High,38
CUST002175,SME,India,High,42
CUST002176,SME,India,Medium,18
CUST002177,Private Banking,USA,Very High,51
CUST002178,Corporate,USA,Low,59
CUST002179,Private Banking,UK,High,74
CUST002180,Private Banking,Singapore,High,76
CUST002181,Retail,USA,Medium,62
CUST002182,Retail,UAE,Very High,58
CUST002183,SME,UK,Low,44
CUST002184,Private Banking,USA,Low,22
CUST002185,SME,Singapore,Very High,30
CUST002186,Private Banking,UAE,Low,48
CUST002187,SME,India,Very High,60
CUST002188,SME,UK,Low,63
CUST002189,SME,UK,Medium,59
CUST002190,SME,Singapore,High,24
CUST002191,SME,India,Very High,61
CUST002192,SME,Singapore,Medium,45
CUST002193,Corporate,UK,Low,24
CUST002194,Retail,UK,High,35
CUST002195,SME,UK,High,27
CUST002196,Retail,Singapore,High,33
CUST002197,Corporate,India,High,46
CUST002198,Private Banking,UK,Low,25
CUST002199,Private Banking,India,High,44
CUST002200,Corporate,India,High,24
CUST002201,Corporate,UAE,High,30
CUST002202,Retail,Singapore,Very High,20
CUST002203,Corporate,UK,Medium,37
CUST002204,Corporate,India,Low,50
CUST002205,SME,UAE,Low,60
CUST002206,Retail,India,Medium,38
CUST002207,Private Banking,UK,High,29
CUST002208,SME,India,Medium,33
CUST002209,Private Banking,UAE,Very High,45
CUST002210,Private Banking,USA,Medium,67
CUST002211,SME,USA,High,32
CUST002212,SME,USA,Very High,23
CUST002213,Corporate,India,Low,58
CUST002214,SME,USA,Low,71
CUST002215,SME,UK,Medium,35
CUST002216,SME,UK,Low,42
CUST002217,Private Banking,Singapore,Medium,35
CUST002218,Private Banking,Singapore,Medium,69
CUST002219,Corporate,USA,Medium,78
CUST002220,SME,UK,Medium,48
CUST002221,Corporate,India,Very High,45
CUST002222,Corporate,India,Very High,67
CUST002223,Corporate,UK,Medium,36
CUST002224,SME,USA,Medium,42
CUST002225,SME,USA,High,39
CUST002226,Retail,UAE,High,31
CUST002227,Corporate,India,High,28
CUST002228,Corporate,USA,High,74
CUST002229,Private Banking,India,Medium,54
CUST002230,Private Banking,USA,Very High,36
CUST002231,Corporate,Singapore,High,56
CUST002232,Retail,UAE,Very High,39
CUST002233,Retail,UK,Very High,25
CUST002234,SME,India,Low,66
CUST002235,Corporate,UK,Medium,53
CUST002236,Private Banking,Singapore,High,36
CUST002237,Private Banking,UAE,Very High,45
CUST002238,Private Banking,USA,High,47
CUST002239,Retail,UAE,Low,47
CUST002240,Retail,UAE,Low,23
CUST002241,Corporate,USA,Very High,76
CUST002242,Retail,India,Low,79
CUST002243,SME,USA,High,68
CUST002244,Private Banking,India,High,43
CUST002245,Private Banking,UK,Very High,45
CUST002246,Corporate,India,High,22
CUST002247,Private Banking,India,Low,42
CUST002248,Private Banking,UK,High,54
CUST002249,SME,Singapore,High,62
CUST002250,SME,UK,Very High,54
CUST002251,Corporate,India,High,38
CUST002252,Retail,UK,Very High,44
CUST002253,SME,UAE,High,37
CUST002254,Retail,Singapore,High,75
CUST002255,SME,USA,Very High,22
CUST002256,Private Banking,USA,Medium,75
CUST002257,Corporate,UAE,Low,37
CUST002258,Retail,Singapore,High,21
CUST002259,SME,USA,High,73
CUST002260,Private Banking,UAE,Medium,66
CUST002261,Private Banking,UK,Low,58
CUST002262,Private Banking,Singapore,High,54
CUST002263,SME,UAE,Low,60
CUST002264,Private Banking,Singapore,High,50
CUST002265,Corporate,Singapore,Low,64
CUST002266,Retail,India,Low,72
CUST002267,SME,UAE,Very High,56
CUST002268,Corporate,India,Medium,18
CUST002269,Corporate,USA,High,27
CUST002270,Private Banking,UAE,High,51
CUST002271,Private Banking,UAE,Low,75
CUST002272,SME,UAE,High,44
CUST002273,SME,India,Medium,65
CUST002274,Private Banking,Singapore,High,37
CUST002275,Corporate,Singapore,High,43
CUST002276,Private Banking,Singapore,Medium,24
CUST002277,Retail,Singapore,Medium,32
CUST002278,Corporate,UAE,Very High,23
CUST002279,Private Banking,India,Very High,74
CUST002280,SME,India,Very High,37
CUST002281,Corporate,UK,Very High,47
CUST002282,Private Banking,Singapore,Very High,74
CUST002283,SME,UAE,Medium,78
CUST002284,Private Banking,UAE,High,62
CUST002285,Retail,USA,Very High,70
CUST002286,Private Banking,UK,Very High,79
CUST002287,Corporate,USA,High,61
CUST002288,Corporate,Singapore,High,71
CUST002289,Corporate,Singapore,High,72
CUST002290,SME,UAE,Very High,68
CUST002291,Corporate,India,Medium,48
CUST002292,Private Banking,UAE,Very High,53
CUST002293,Private Banking,UK,Low,34
CUST002294,SME,India,Very High,44
CUST002295,Private Banking,UK,Low,37
CUST002296,Private Banking,UK,Medium,37
CUST002297,Retail,India,High,66
CUST002298,Private Banking,Singapore,Medium,21
CUST002299,Retail,India,Low,54
CUST002300,Corporate,India,Very High,41
CUST002301,Private Banking,UK,Medium,33
CUST002302,Corporate,UK,High,33
CUST002303,Corporate,UAE,High,33
CUST002304,Corporate,Singapore,Medium,73
CUST002305,SME,UAE,Very High,80
CUST002306,Retail,India,Low,34
CUST002307,Private Banking,India,Low,22
CUST002308,Retail,Singapore,High,55
CUST002309,Corporate,UAE,Low,23
CUST002310,Private Banking,UK,Low,23
CUST002311,Retail,UK,Medium,65
CUST002312,Private Banking,UK,Very High,45
CUST002313,Retail,UK,High,48
CUST002314,Private Banking,UAE,Low,50
CUST002315,Private Banking,USA,Very High,60
CUST002316,Retail,UK,Very High,64
CUST002317,Private Banking,UAE,Very High,53
CUST002318,SME,USA,Low,65
CUST002319,Corporate,Singapore,High,43
CUST002320,Corporate,USA,High,19
CUST002321,Retail,UK,Medium,62
CUST002322,SME,Singapore,Low,64
CUST002323,SME,USA,Medium,49
CUST002324,Private Banking,UK,Low,38
CUST002325,Corporate,UAE,Medium,57
CUST002326,Private Banking,Singapore,Medium,22
CUST002327,Corporate,India,High,22
CUST002328,SME,India,Very High,42
CUST002329,Retail,UK,Very High,37
CUST002330,Private Banking,Singapore,Medium,53
CUST002331,Retail,UK,Very High,64
CUST002332,Corporate,Singapore,High,47
CUST002333,Corporate,UK,Medium,18
CUST002334,SME,UK,High,36
CUST002335,Retail,India,Medium,76
CUST002336,SME,USA,Very High,59
CUST002337,SME,UK,Low,52
CUST002338,Private Banking,UAE,High,77
CUST002339,Private Banking,UAE,High,24
CUST002340,SME,India,Medium,76
CUST002341,Corporate,India,Medium,18
CUST002342,SME,UK,High,30
CUST002343,Corporate,UAE,High,52
CUST002344,Retail,UK,Medium,78
CUST002345,Corporate,Singapore,Low,49
CUST002346,Corporate,UK,Low,69
CUST002347,Corporate,India,Medium,80
CUST002348,Private Banking,UK,High,69
CUST002349,Retail,UAE,Very High,40
CUST002350,SME,Singapore,Medium,78
CUST002351,Retail,USA,Medium,37
CUST002352,Retail,USA,Low,64
CUST002353,Retail,Singapore,Low,70
CUST002354,Corporate,UAE,Medium,34
CUST002355,SME,USA,Medium,37
CUST002356,SME,India,High,54
CUST002357,Private Banking,Singapore,Low,71
CUST002358,Retail,Singapore,Low,50
CUST002359,Corporate,Singapore,Very High,75
CUST002360,SME,UK,Low,23
CUST002361,Corporate,UAE,Low,30
CUST002362,SME,India,High,74
CUST002363,Corporate,UK,Medium,72
CUST002364,Retail,India,High,32
CUST002365,Retail,Singapore,Low,69
CUST002366,Corporate,UK,Low,46
CUST002367,Private Banking,USA,Low,60
CUST002368,Retail,India,Very High,41
CUST002369,Corporate,UK,High,47
CUST002370,Private Banking,UAE,Medium,65
CUST002371,Corporate,UK,High,25
CUST002372,SME,USA,Low,27
CUST002373,Private Banking,USA,High,39
CUST002374,SME,India,Very High,37
CUST002375,Retail,USA,Low,19
CUST002376,Private Banking,India,Very High,80
CUST002377,Private Banking,USA,Low,19
CUST002378,Retail,USA,Medium,28
CUST002379,Corporate,Singapore,Low,43
CUST002380,SME,UAE,Medium,27
CUST002381,Retail,UAE,High,77
CUST002382,Private Banking,Singapore,Very High,71
CUST002383,Private Banking,Singapore,Low,51
CUST002384,SME,UK,Very High,54
CUST002385,Retail,India,Low,40
CUST002386,SME,Singapore,High,49
CUST002387,SME,Singapore,Very High,21
CUST002388,SME,Singapore,Medium,19
CUST002389,Retail,UAE,High,53
CUST002390,Corporate,USA,Very High,65
CUST002391,SME,UK,Medium,53
CUST002392,Private Banking,India,Medium,57
CUST002393,Corporate,India,High,39
CUST002394,SME,India,High,61
CUST002395,Retail,Singapore,Very High,19
CUST002396,Private Banking,India,High,53
CUST002397,Retail,Singapore,Medium,34
CUST002398,Retail,UAE,High,72
CUST002399,Corporate,UAE,High,46
CUST002400,Private Banking,USA,High,20
CUST002401,Retail,UK,Low,58
CUST002402,Corporate,UAE,Very High,79
CUST002403,Corporate,Singapore,Low,24
CUST002404,Private Banking,UK,High,45
CUST002405,SME,Singapore,Very High,51
CUST002406,Private Banking,UAE,High,45
CUST002407,SME,India,Medium,42
CUST002408,Retail,UAE,Medium,74
CUST002409,SME,USA,Low,74
CUST002410,Retail,India,Medium,53
CUST002411,Private Banking,India,High,48
CUST002412,Corporate,UAE,Low,66
CUST002413,Retail,Singapore,Low,31
CUST002414,Corporate,India,High,72
CUST002415,Corporate,Singapore,Medium,78
CUST002416,Corporate,UK,Low,55
CUST002417,Retail,UK,Very High,69
CUST002418,Retail,UK,Medium,37
CUST002419,Private Banking,Singapore,Medium,55
CUST002420,Corporate,India,Very High,48
CUST002421,SME,India,High,64
CUST002422,SME,Singapore,Very High,49
CUST002423,Retail,USA,High,73
CUST002424,Private Banking,USA,Very High,71
CUST002425,Corporate,UAE,Medium,55
CUST002426,SME,UK,Medium,73
CUST002427,SME,USA,Medium,63
CUST002428,Retail,India,Medium,27
CUST002429,SME,UK,Medium,20
CUST002430,Private Banking,USA,High,45
CUST002431,Corporate,UAE,Very High,76
CUST002432,Private Banking,UAE,Low,57
CUST002433,Private Banking,UK,High,69
CUST002434,SME,UAE,High,64
CUST002435,Corporate,USA,High,71
CUST002436,Private Banking,UK,Medium,23
CUST002437,SME,UK,Medium,23
CUST002438,Private Banking,UK,High,61
CUST002439,Corporate,USA,Medium,77
CUST002440,Private Banking,UK,Very High,79
CUST002441,Corporate,India,Low,63
CUST002442,Corporate,USA,Very High,61
CUST002443,SME,UAE,Very High,38
CUST002444,Retail,India,Very High,45
CUST002445,Corporate,UK,Medium,35
CUST002446,Private Banking,UK,High,22
CUST002447,Corporate,UAE,High,74
CUST002448,Retail,USA,Very High,46
CUST002449,Private Banking,Singapore,Low,76
CUST002450,Retail,USA,Medium,40
CUST002451,SME,India,Low,43
CUST002452,SME,India,Low,66
CUST002453,Corporate,USA,Very High,59
CUST002454,SME,Singapore,High,27
CUST002455,SME,USA,High,66
CUST002456,SME,UK,Medium,48
CUST002457,Private Banking,UAE,Low,54
CUST002458,Corporate,UAE,Low,79
CUST002459,Retail,USA,Low,35
CUST002460,Retail,Singapore,Medium,76
CUST002461,Corporate,USA,Low,22
CUST002462,Corporate,Singapore,Very High,65
CUST002463,SME,UK,Very High,43
CUST002464,Private Banking,India,High,38
CUST002465,Corporate,UK,Very High,74
CUST002466,Retail,UK,Medium,55
CUST002467,SME,UAE,Low,57
CUST002468,Private Banking,UAE,High,77
CUST002469,Private Banking,Singapore,Very High,26
CUST002470,Retail,UK,Medium,43
CUST002471,Corporate,USA,Low,24
CUST002472,SME,USA,High,44
CUST002473,Private Banking,Singapore,High,65
CUST002474,Retail,Singapore,Low,74
CUST002475,Corporate,UK,Medium,53
CUST002476,SME,India,Very High,47
CUST002477,Corporate,UK,Medium,23
CUST002478,SME,UAE,Medium,44
CUST002479,Corporate,Singapore,High,43
CUST002480,Private Banking,USA,High,36
CUST002481,Private Banking,India,Very High,53
CUST002482,Retail,UAE,High,23
CUST002483,Retail,USA,Low,47
CUST002484,Private Banking,UK,High,22
CUST002485,SME,USA,High,37
CUST002486,Retail,UK,Medium,39
CUST002487,SME,India,Very High,76
CUST002488,Corporate,USA,Medium,51
CUST002489,SME,USA,High,60
CUST002490,Private Banking,UK,Very High,46
CUST002491,Private Banking,UK,Very High,67
CUST002492,Corporate,USA,Low,48
CUST002493,Retail,UK,High,37
CUST002494,Corporate,Singapore,High,32
CUST002495,Private Banking,USA,Very High,60
CUST002496,Private Banking,India,High,73
CUST002497,Private Banking,USA,Medium,78
CUST002498,SME,India,High,67
CUST002499,Retail,UAE,Very High,78
CUST002500,SME,UK,Low,40
CUST002501,SME,UK,Very High,47
CUST002502,Retail,India,Low,25
CUST002503,Retail,UK,High,47
CUST002504,Private Banking,Singapore,High,57
CUST002505,Corporate,Singapore,Low,70
CUST002506,Corporate,USA,Very High,26
CUST002507,SME,UK,High,47
CUST002508,Corporate,UAE,High,24
CUST002509,SME,UK,High,59
CUST002510,Private Banking,UK,Low,43
CUST002511,Corporate,UK,Very High,31
CUST002512,Corporate,Singapore,Medium,73
CUST002513,SME,USA,High,79
CUST002514,Corporate,UK,Low,71
CUST002515,Corporate,UAE,High,71
CUST002516,Private Banking,UK,Low,59
CUST002517,Private Banking,UAE,Low,27
CUST002518,Corporate,India,Medium,44
CUST002519,SME,Singapore,Medium,65
CUST002520,Corporate,UAE,Low,37
CUST002521,Retail,UAE,Low,34
CUST002522,Private Banking,USA,Very High,58
CUST002523,Retail,UK,Very High,60
CUST002524,Private Banking,Singapore,High,25
CUST002525,Corporate,UK,High,20
CUST002526,SME,UAE,High,41
CUST002527,Private Banking,India,Low,47
CUST002528,Retail,Singapore,Very High,24
CUST002529,Retail,India,Very High,40
CUST002530,Retail,India,Low,46
CUST002531,Retail,UAE,Very High,54
CUST002532,Corporate,USA,Low,49
CUST002533,Private Banking,USA,Medium,78
CUST002534,Corporate,UK,Low,43
CUST002535,SME,India,High,55
CUST002536,SME,USA,Very High,46
CUST002537,Private Banking,Singapore,High,30
CUST002538,Private Banking,UAE,Medium,41
CUST002539,Corporate,USA,Very High,20
CUST002540,Private Banking,India,Very High,26
CUST002541,SME,USA,Medium,35
CUST002542,Retail,Singapore,Medium,69
CUST002543,Corporate,India,Medium,57
CUST002544,Retail,India,High,30
CUST002545,Retail,USA,Very High,76
CUST002546,Corporate,Singapore,Very High,58
CUST002547,Corporate,USA,Medium,45
CUST002548,Private Banking,Singapore,High,48
CUST002549,Private Banking,UAE,Low,78
CUST002550,Corporate,USA,Low,30
CUST002551,Retail,India,Very High,61
CUST002552,SME,UK,Very High,71
CUST002553,Corporate,USA,Medium,42
CUST002554,Retail,USA,Medium,80
CUST002555,Corporate,Singapore,Very High,33
CUST002556,Private Banking,USA,High,63
CUST002557,Retail,Singapore,Very High,45
CUST002558,Retail,India,Medium,61
CUST002559,SME,Singapore,Medium,22
CUST002560,Corporate,Singapore,High,73
CUST002561,SME,UAE,Low,77
CUST002562,Retail,USA,Very High,68
CUST002563,SME,UK,High,43
CUST002564,Corporate,UAE,High,58
CUST002565,Corporate,UAE,High,62
CUST002566,SME,Singapore,High,61
CUST002567,Corporate,UK,High,77
CUST002568,Retail,India,Low,69
CUST002569,Corporate,India,Medium,42
CUST002570,Private Banking,Singapore,Low,61
CUST002571,Corporate,Singapore,Low,31
CUST002572,Retail,USA,Medium,46
CUST002573,Private Banking,USA,High,67
CUST002574,Retail,USA,High,73
CUST002575,Private Banking,India,High,42
CUST002576,SME,Singapore,Low,78
CUST002577,Retail,UK,Medium,30
CUST002578,SME,UK,High,80
CUST002579,Retail,India,Low,29
CUST002580,Private Banking,Singapore,Medium,76
CUST002581,Private Banking,India,Medium,18
CUST002582,Private Banking,UAE,High,47
CUST002583,Private Banking,India,Low,44
CUST002584,Private Banking,UAE,Low,80
CUST002585,SME,UAE,Very High,27
CUST002586,Corporate,India,Very High,44
CUST002587,Private Banking,India,Very High,29
CUST002588,Retail,UAE,Medium,20
CUST002589,Corporate,USA,Very High,53
CUST002590,Retail,UK,Low,50
CUST002591,Private Banking,USA,Medium,20
CUST002592,SME,Singapore,Very High,72
CUST002593,Corporate,UK,Very High,34
CUST002594,Private Banking,UAE,High,24
CUST002595,Retail,UAE,Low,38
CUST002596,SME,USA,Low,42
CUST002597,Corporate,USA,Low,79
CUST002598,Private Banking,India,Medium,37
CUST002599,SME,UK,Low,63
CUST002600,Private Banking,India,Low,53
CUST002601,Retail,UK,Low,30
CUST002602,Private Banking,USA,Medium,55
CUST002603,Private Banking,UAE,Low,47
CUST002604,Corporate,Singapore,Low,79
CUST002605,Corporate,Singapore,Low,56
CUST002606,SME,UAE,Medium,67
CUST002607,Corporate,Singapore,Very High,68
CUST002608,Retail,Singapore,Medium,25
CUST002609,Private Banking,USA,Low,53
CUST002610,Private Banking,UK,High,50
CUST002611,Retail,Singapore,Medium,30
CUST002612,Corporate,USA,Medium,66
CUST002613,Corporate,Singapore,Low,18
CUST002614,Private Banking,UK,Very High,33
CUST002615,Corporate,India,Very High,37
CUST002616,Corporate,UK,Very High,54
CUST002617,SME,UK,Low,19
CUST002618,SME,India,High,21
CUST002619,Retail,Singapore,Medium,30
CUST002620,Retail,USA,High,41
CUST002621,Private Banking,USA,Low,77
CUST002622,SME,UK,Very High,24
CUST002623,Private Banking,UAE,Low,72
CUST002624,Private Banking,India,Medium,20
CUST002625,Corporate,UAE,Very High,76
CUST002626,Retail,USA,High,22
CUST002627,SME,UK,Very High,18
CUST002628,Corporate,India,Very High,34
CUST002629,SME,USA,High,31
CUST002630,SME,UAE,Very High,53
CUST002631,Corporate,India,Very High,66
CUST002632,Private Banking,UAE,Very High,73
CUST002633,Private Banking,India,Low,42
CUST002634,Corporate,Singapore,High,38
CUST002635,Private Banking,Singapore,Low,58
CUST002636,Private Banking,Singapore,Low,32
CUST002637,SME,Singapore,High,55
CUST002638,Private Banking,UAE,High,76
CUST002639,Private Banking,UK,High,25
CUST002640,Retail,UK,High,75
CUST002641,Retail,USA,High,62
CUST002642,Private Banking,Singapore,Low,52
CUST002643,Retail,UK,Very High,19
CUST002644,Corporate,UK,Medium,48
CUST002645,Retail,UAE,High,70
CUST002646,Corporate,UAE,Very High,71
CUST002647,Retail,India,Low,21
CUST002648,Private Banking,USA,Very High,43
CUST002649,Corporate,UAE,High,36
CUST002650,Corporate,UAE,High,47
CUST002651,SME,USA,Very High,27
CUST002652,SME,UAE,Medium,36
CUST002653,Corporate,UK,Low,66
CUST002654,SME,USA,Low,56
CUST002655,Corporate,UAE,High,65
CUST002656,Private Banking,India,Very High,42
CUST002657,SME,UAE,Low,31
CUST002658,SME,UAE,Very High,20
CUST002659,Private Banking,UAE,Very High,46
CUST002660,Corporate,UAE,Low,66
CUST002661,SME,USA,Very High,27
CUST002662,Private Banking,Singapore,Very High,47
CUST002663,SME,UAE,Low,60
CUST002664,Retail,India,Very High,66
CUST002665,SME,UK,Low,26
CUST002666,Private Banking,Singapore,Medium,60
CUST002667,Retail,UAE,Medium,36
CUST002668,SME,Singapore,Medium,30
CUST002669,SME,India,Medium,31
CUST002670,SME,UK,High,42
CUST002671,Retail,UAE,Low,71
CUST002672,Private Banking,USA,High,63
CUST002673,SME,India,Very High,57
CUST002674,Corporate,Singapore,Medium,39
CUST002675,Private Banking,USA,Very High,38
CUST002676,SME,USA,High,23
CUST002677,SME,USA,High,33
CUST002678,Private Banking,India,Low,68
CUST002679,Private Banking,UK,High,51
CUST002680,Corporate,UK,Very High,67
CUST002681,Corporate,Singapore,Low,25
CUST002682,Retail,UK,Medium,41
CUST002683,Corporate,UK,Medium,51
CUST002684,Retail,UK,Medium,80
CUST002685,Private Banking,UAE,High,80
CUST002686,SME,UK,High,69
CUST002687,Retail,UAE,Very High,53
CUST002688,Private Banking,USA,Very High,19
CUST002689,SME,India,Medium,64
CUST002690,SME,Singapore,Low,33
CUST002691,Retail,UAE,Low,75
CUST002692,Retail,USA,High,53
CUST002693,Private Banking,UAE,Medium,78
CUST002694,SME,USA,Very High,54
CUST002695,Private Banking,Singapore,Very High,30
CUST002696,Retail,UK,Medium,69
CUST002697,Corporate,USA,High,69
CUST002698,Private Banking,Singapore,Low,48
CUST002699,Private Banking,UK,High,25
CUST002700,Private Banking,India,Medium,30
CUST002701,SME,USA,Low,48
CUST002702,Retail,India,High,23
CUST002703,Retail,Singapore,Very High,37
CUST002704,Corporate,India,Medium,78
CUST002705,Retail,Singapore,Medium,64
CUST002706,Retail,India,Very High,41
CUST002707,Corporate,UK,High,22
CUST002708,Private Banking,UK,Very High,57
CUST002709,SME,India,Low,73
CUST002710,Corporate,UAE,Very High,26
CUST002711,Private Banking,UK,Low,67
CUST002712,Retail,UK,Medium,43
CUST002713,Private Banking,UK,High,28
CUST002714,Retail,Singapore,Very High,21
CUST002715,Private Banking,USA,High,36
CUST002716,SME,Singapore,Low,54
CUST002717,Corporate,USA,Very High,27
CUST002718,SME,USA,Medium,43
CUST002719,Retail,UAE,Low,68
CUST002720,Retail,UK,High,46
CUST002721,SME,Singapore,Medium,43
CUST002722,Private Banking,India,High,65
CUST002723,Corporate,USA,Low,57
CUST002724,Private Banking,India,Low,41
CUST002725,Retail,India,Very High,49
CUST002726,Private Banking,Singapore,Low,57
CUST002727,SME,UK,Low,54
CUST002728,SME,India,Low,72
CUST002729,SME,USA,High,26
CUST002730,SME,Singapore,Medium,80
CUST002731,Private Banking,India,High,54
CUST002732,SME,UAE,High,50
CUST002733,SME,USA,Low,39
CUST002734,Corporate,UK,Low,22
CUST002735,Private Banking,Singapore,Very High,23
CUST002736,Corporate,USA,Medium,80
CUST002737,Retail,UAE,High,71
CUST002738,Private Banking,UK,Low,68
CUST002739,Corporate,Singapore,High,53
CUST002740,Private Banking,Singapore,Very High,28
CUST002741,Private Banking,Singapore,High,56
CUST002742,Retail,USA,Medium,62
CUST002743,Retail,Singapore,High,59
CUST002744,Private Banking,UAE,Medium,66
CUST002745,Private Banking,UAE,Very High,28
CUST002746,Corporate,UK,Medium,58
CUST002747,Corporate,Singapore,High,73
CUST002748,Corporate,USA,Very High,51
CUST002749,Private Banking,Singapore,Very High,41
CUST002750,Private Banking,India,High,75
CUST002751,Private Banking,UK,Medium,75
CUST002752,Retail,Singapore,Low,66
CUST002753,SME,UK,Low,59
CUST002754,Corporate,Singapore,High,48
CUST002755,Private Banking,India,Low,64
CUST002756,Retail,USA,High,18
CUST002757,Retail,UAE,High,48
CUST002758,SME,UAE,Very High,26
CUST002759,Corporate,Singapore,Very High,42
CUST002760,SME,Singapore,High,34
CUST002761,SME,India,Medium,44
CUST002762,SME,India,Low,63
CUST002763,Corporate,India,Low,61
CUST002764,Corporate,Singapore,Very High,33
CUST002765,Retail,India,Very High,29
CUST002766,SME,UAE,High,76
CUST002767,Retail,UK,Very High,79
CUST002768,Corporate,UAE,Low,74
CUST002769,Retail,India,High,26
CUST002770,SME,Singapore,High,57
CUST002771,Corporate,UAE,High,28
CUST002772,SME,USA,Medium,71
CUST002773,Corporate,USA,Very High,61
CUST002774,Private Banking,UAE,Very High,69
CUST002775,Retail,UK,Medium,73
CUST002776,Retail,Singapore,Medium,45
CUST002777,SME,UK,Very High,64
CUST002778,SME,UAE,High,18
CUST002779,Retail,Singapore,Medium,56
CUST002780,Retail,USA,Low,63
CUST002781,Retail,UAE,High,71
CUST002782,Private Banking,UAE,Low,73
CUST002783,Corporate,UK,Medium,46
CUST002784,Private Banking,Singapore,High,38
CUST002785,Corporate,India,High,29
CUST002786,SME,India,Very High,57
CUST002787,Private Banking,USA,Medium,64
CUST002788,Retail,UAE,Very High,78
CUST002789,Corporate,UK,Medium,57
CUST002790,SME,UK,Medium,61
CUST002791,Private Banking,USA,Low,35
CUST002792,Corporate,Singapore,Medium,68
CUST002793,Corporate,Singapore,Very High,53
CUST002794,SME,UK,Very High,30
CUST002795,SME,USA,Low,75
CUST002796,SME,Singapore,Low,77
CUST002797,Private Banking,Singapore,High,39
CUST002798,SME,Singapore,Low,29
CUST002799,SME,UAE,High,24
CUST002800,SME,Singapore,High,66
CUST002801,Private Banking,UK,Low,58
CUST002802,Corporate,Singapore,Very High,28
CUST002803,Retail,Singapore,Medium,40
CUST002804,Retail,UK,Low,43
CUST002805,Retail,Singapore,Medium,70
CUST002806,SME,UK,Low,70
CUST002807,Retail,UAE,Low,41
CUST002808,Corporate,UK,Very High,21
CUST002809,Corporate,India,High,27
CUST002810,SME,UK,High,43
CUST002811,Corporate,India,Low,55
CUST002812,SME,UK,High,72
CUST002813,Retail,Singapore,High,32
CUST002814,Retail,UAE,Low,55
CUST002815,Retail,Singapore,High,75
CUST002816,Retail,UK,Medium,64
CUST002817,Corporate,USA,High,77
CUST002818,Retail,USA,Very High,25
CUST002819,Corporate,UAE,High,40
CUST002820,Private Banking,India,Very High,45
CUST002821,SME,Singapore,Medium,80
CUST002822,Corporate,UAE,Medium,19
CUST002823,Private Banking,India,Very High,26
CUST002824,Retail,USA,High,75
CUST002825,Private Banking,Singapore,High,26
CUST002826,Retail,India,Very High,45
CUST002827,Retail,UK,Low,36
CUST002828,SME,India,High,56
CUST002829,Private Banking,USA,High,60
CUST002830,Private Banking,USA,Very High,47
CUST002831,Retail,UK,Medium,61
CUST002832,SME,UAE,Low,76
CUST002833,Retail,USA,Low,24
CUST002834,Retail,India,High,66
CUST002835,Private Banking,India,Low,64
CUST002836,SME,USA,Medium,49
CUST002837,Retail,USA,Medium,20
CUST002838,Corporate,UAE,Low,42
CUST002839,SME,USA,Low,44
CUST002840,Private Banking,USA,High,23
CUST002841,Corporate,UAE,Low,40
CUST002842,Retail,USA,Very High,39
CUST002843,Private Banking,USA,Medium,42
CUST002844,Private Banking,Singapore,Low,18
CUST002845,Private Banking,Singapore,Very High,28
CUST002846,Retail,USA,Low,61
CUST002847,Corporate,UAE,Medium,58
CUST002848,SME,UAE,Medium,40
CUST002849,Private Banking,UK,Low,47
CUST002850,SME,India,Medium,21
CUST002851,Private Banking,USA,Very High,78
CUST002852,Corporate,India,High,40
CUST002853,Corporate,USA,Medium,44
CUST002854,Private Banking,India,High,42
CUST002855,Private Banking,UK,Low,78
CUST002856,Private Banking,UAE,Very High,46
CUST002857,Corporate,India,High,66
CUST002858,Private Banking,India,Low,45
CUST002859,Corporate,UK,Very High,20
CUST002860,Corporate,USA,High,70
CUST002861,Private Banking,Singapore,High,33
CUST002862,Retail,USA,Low,76
CUST002863,Private Banking,Singapore,Medium,19
CUST002864,Retail,Singapore,High,51
CUST002865,Corporate,UAE,High,66
CUST002866,SME,Singapore,Very High,63
CUST002867,Private Banking,UAE,Medium,19
CUST002868,SME,India,Very High,49
CUST002869,Private Banking,India,Medium,71
CUST002870,Private Banking,India,High,36
CUST002871,Private Banking,Singapore,Low,72
CUST002872,Retail,Singapore,High,60
CUST002873,Retail,Singapore,High,79
CUST002874,Corporate,UK,High,19
CUST002875,Retail,UK,High,55
CUST002876,Retail,USA,Low,60
CUST002877,SME,USA,Very High,43
CUST002878,Private Banking,Singapore,Very High,26
CUST002879,Corporate,UAE,Low,43
CUST002880,SME,India,Medium,69
CUST002881,Corporate,Singapore,Medium,67
CUST002882,Retail,India,Low,55
CUST002883,Retail,UK,Medium,38
CUST002884,SME,USA,High,57
CUST002885,SME,India,Very High,62
CUST002886,Corporate,India,Very High,54
CUST002887,Private Banking,UK,High,44
CUST002888,Private Banking,Singapore,Very High,62
CUST002889,SME,UK,Low,51
CUST002890,Private Banking,Singapore,Medium,39
CUST002891,SME,UAE,High,58
CUST002892,Private Banking,India,Low,28
CUST002893,SME,Singapore,Low,26
CUST002894,SME,UK,Low,41
CUST002895,Private Banking,UAE,Very High,72
CUST002896,Retail,Singapore,High,23
CUST002897,Corporate,USA,Low,70
CUST002898,Corporate,India,Medium,67
CUST002899,Retail,UK,Low,44
CUST002900,Private Banking,UAE,Low,63
CUST002901,Retail,Singapore,Medium,55
CUST002902,SME,UAE,High,67
CUST002903,Corporate,UAE,Low,55
CUST002904,Private Banking,Singapore,Very High,23
CUST002905,Corporate,Singapore,Very High,43
CUST002906,Corporate,USA,High,37
CUST002907,Corporate,Singapore,Low,27
CUST002908,SME,UK,Medium,34
CUST002909,Private Banking,Singapore,Low,33
CUST002910,Private Banking,Singapore,Very High,22
CUST002911,Corporate,UK,Low,32
CUST002912,Retail,India,Low,62
CUST002913,SME,UAE,Very High,58
CUST002914,Retail,UK,Low,56
CUST002915,SME,USA,Very High,18
CUST002916,Private Banking,India,Low,34
CUST002917,Private Banking,India,Low,71
CUST002918,Retail,USA,Medium,64
CUST002919,Corporate,UAE,Medium,74
CUST002920,Corporate,UAE,Very High,53
CUST002921,SME,UK,Low,80
CUST002922,Retail,Singapore,High,23
CUST002923,Corporate,India,Medium,66
CUST002924,Retail,USA,Low,25
CUST002925,Retail,UK,Low,78
CUST002926,Corporate,India,Medium,28
CUST002927,Corporate,India,Very High,73
CUST002928,Retail,UK,High,46
CUST002929,Retail,USA,High,44
CUST002930,Retail,USA,High,68
CUST002931,Retail,UAE,Very High,24
CUST002932,Corporate,USA,Very High,51
CUST002933,SME,India,Low,30
CUST002934,Retail,UK,High,66
CUST002935,Private Banking,UK,High,48
CUST002936,SME,Singapore,Very High,38
CUST002937,Private Banking,USA,High,68
CUST002938,Retail,UAE,High,19
CUST002939,SME,Singapore,Very High,34
CUST002940,Corporate,USA,Very High,18
CUST002941,SME,Singapore,Low,63
CUST002942,SME,UAE,High,23
CUST002943,SME,UAE,High,22
CUST002944,Retail,UAE,Low,32
CUST002945,SME,UAE,Very High,40
CUST002946,SME,India,Low,40
CUST002947,Private Banking,UAE,Medium,23
CUST002948,Retail,India,Low,52
CUST002949,Private Banking,UK,High,44
CUST002950,Retail,Singapore,High,32
CUST002951,Private Banking,India,Very High,77
CUST002952,Corporate,India,Low,35
CUST002953,Private Banking,UK,Very High,47
CUST002954,Corporate,USA,Very High,67
CUST002955,Corporate,USA,High,51
CUST002956,Retail,UAE,Low,75
CUST002957,SME,UAE,Low,19
CUST002958,Retail,UAE,Very High,18
CUST002959,Retail,UAE,Very High,78
CUST002960,SME,UAE,High,54
CUST002961,Corporate,USA,Medium,69
CUST002962,SME,India,Very High,51
CUST002963,Retail,India,Low,46
CUST002964,Retail,USA,Very High,71
CUST002965,Retail,India,High,57
CUST002966,Retail,Singapore,Low,35
CUST002967,Corporate,UK,Low,78
CUST002968,Corporate,UK,Very High,46
CUST002969,Corporate,Singapore,Medium,32
CUST002970,Corporate,USA,Very High,62
CUST002971,Corporate,UK,Medium,32
CUST002972,Retail,UAE,Low,70
CUST002973,SME,Singapore,High,33
CUST002974,Retail,India,High,57
CUST002975,SME,UAE,Very High,80
CUST002976,Corporate,Singapore,Very High,63
CUST002977,Retail,USA,Very High,59
CUST002978,Private Banking,Singapore,Low,47
CUST002979,SME,USA,High,66
CUST002980,Private Banking,Singapore,High,50
CUST002981,Private Banking,Singapore,Medium,68
CUST002982,Corporate,USA,Very High,72
CUST002983,Corporate,Singapore,Medium,73
CUST002984,Private Banking,UAE,Very High,60
CUST002985,Retail,UK,Low,77
CUST002986,SME,UK,Medium,68
CUST002987,Retail,UAE,Very High,46
CUST002988,Retail,UAE,Low,41
CUST002989,Corporate,USA,Low,48
CUST002990,SME,UK,Very High,56
CUST002991,SME,India,Low,42
CUST002992,SME,UK,Low,43
CUST002993,SME,UK,High,43
CUST002994,Corporate,UAE,Medium,70
CUST002995,Private Banking,India,Low,78
CUST002996,Corporate,UK,High,49
CUST002997,Retail,Singapore,Medium,34
CUST002998,SME,UAE,Low,64
CUST002999,Private Banking,UAE,Medium,41
CUST003000,Corporate,Singapore,Low,39
CUST003001,Retail,USA,Medium,42
CUST003002,Retail,India,Low,60
CUST003003,Retail,India,Low,23
CUST003004,Corporate,UAE,Low,44
CUST003005,Retail,USA,Very High,30
CUST003006,Corporate,UK,Low,26
CUST003007,Retail,Singapore,Low,21
CUST003008,SME,Singapore,High,60
CUST003009,Private Banking,USA,Low,66
CUST003010,Private Banking,UAE,Medium,30
CUST003011,SME,India,Low,34
CUST003012,Corporate,USA,Low,49
CUST003013,Private Banking,Singapore,Very High,72
CUST003014,Corporate,UK,Very High,22
CUST003015,SME,Singapore,Low,67
CUST003016,SME,Singapore,Low,44
CUST003017,SME,India,Very High,70
CUST003018,Corporate,India,Very High,42
CUST003019,Retail,Singapore,Low,27
CUST003020,SME,UAE,High,66
CUST003021,Retail,UAE,Medium,45
CUST003022,SME,UK,Low,44
CUST003023,Private Banking,UAE,High,18
CUST003024,SME,Singapore,Medium,68
CUST003025,Retail,USA,Medium,60
CUST003026,SME,UK,Medium,68
CUST003027,SME,UAE,Very High,76
CUST003028,Retail,Singapore,Very High,74
CUST003029,SME,UAE,High,56
CUST003030,Corporate,Singapore,Medium,38
CUST003031,SME,USA,Very High,66
CUST003032,Corporate,UK,High,61
CUST003033,Corporate,Singapore,Very High,67
CUST003034,Private Banking,USA,Low,73
CUST003035,Retail,India,High,68
CUST003036,SME,Singapore,Low,45
CUST003037,Corporate,India,Low,38
CUST003038,Private Banking,UAE,Low,71
CUST003039,Corporate,UK,High,56
CUST003040,Retail,UAE,Medium,67
CUST003041,Private Banking,USA,Very High,77
CUST003042,Retail,Singapore,High,54
CUST003043,Retail,Singapore,Low,63
CUST003044,Corporate,UAE,Medium,47
CUST003045,SME,India,Very High,29
CUST003046,Private Banking,UAE,Low,31
CUST003047,SME,Singapore,High,50
CUST003048,Corporate,India,Low,29
CUST003049,Corporate,UK,Very High,47
CUST003050,SME,UAE,Medium,56
CUST003051,Corporate,UAE,High,66
CUST003052,Corporate,India,Medium,34
CUST003053,Private Banking,UK,Low,22
CUST003054,Retail,UAE,Medium,43
CUST003055,Private Banking,India,Medium,63
CUST003056,Private Banking,Singapore,High,43
CUST003057,Private Banking,UAE,Low,24
CUST003058,SME,UK,High,64
CUST003059,SME,Singapore,Medium,19
CUST003060,Retail,USA,Low,41
CUST003061,Private Banking,Singapore,Low,65
CUST003062,SME,USA,Medium,58
CUST003063,Corporate,USA,Medium,50
CUST003064,Private Banking,Singapore,Medium,69
CUST003065,Retail,India,Very High,61
CUST003066,SME,India,Medium,58
CUST003067,Private Banking,Singapore,Very High,80
CUST003068,Corporate,UK,High,27
CUST003069,SME,India,Very High,26
CUST003070,Retail,India,Very High,72
CUST003071,Retail,USA,High,26
CUST003072,Private Banking,UK,Low,45
CUST003073,SME,UAE,Very High,66
CUST003074,SME,UAE,High,22
CUST003075,SME,USA,High,40
CUST003076,Corporate,India,Low,19
CUST003077,Corporate,India,Low,50
CUST003078,Retail,USA,High,62
CUST003079,Corporate,Singapore,Medium,45
CUST003080,SME,Singapore,Low,18
CUST003081,SME,UAE,Low,46
CUST003082,SME,Singapore,Medium,38
CUST003083,Retail,Singapore,Medium,18
CUST003084,SME,UK,Medium,74
CUST003085,Corporate,Singapore,Very High,39
CUST003086,SME,USA,Low,80
CUST003087,Private Banking,USA,Medium,72
CUST003088,Retail,USA,Low,73
CUST003089,Private Banking,UAE,Medium,25
CUST003090,Private Banking,UAE,Very High,71
CUST003091,Private Banking,UK,Low,33
CUST003092,SME,India,High,41
CUST003093,Corporate,UK,Low,78
CUST003094,Retail,UAE,Low,45
CUST003095,Private Banking,UK,Very High,18
CUST003096,Retail,USA,High,36
CUST003097,Corporate,USA,Low,24
CUST003098,Corporate,India,Very High,44
CUST003099,Corporate,Singapore,Very High,71
CUST003100,SME,USA,Low,55
CUST003101,SME,UK,Low,25
CUST003102,Corporate,India,High,70
CUST003103,Retail,USA,Very High,57
CUST003104,Private Banking,India,Medium,25
CUST003105,Corporate,Singapore,High,41
CUST003106,SME,Singapore,Medium,26
CUST003107,Retail,UK,Medium,80
CUST003108,Private Banking,UAE,High,33
CUST003109,Corporate,UK,Low,79
CUST003110,Corporate,UAE,Very High,29
CUST003111,Corporate,Singapore,High,20
CUST003112,Retail,India,Low,76
CUST003113,Corporate,Singapore,High,38
CUST003114,Private Banking,Singapore,Very High,46
CUST003115,SME,UAE,Low,32
CUST003116,Retail,UAE,High,52
CUST003117,Retail,Singapore,Low,34
CUST003118,Corporate,USA,Low,63
CUST003119,Private Banking,India,Very High,22
CUST003120,Corporate,Singapore,Medium,56
CUST003121,SME,UK,High,79
CUST003122,Corporate,UK,Medium,20
CUST003123,Corporate,UK,Very High,46
CUST003124,Corporate,UAE,Very High,56
CUST003125,Retail,India,Medium,68
CUST003126,Private Banking,USA,Medium,19
CUST003127,Corporate,UK,Very High,44
CUST003128,SME,UAE,High,38
CUST003129,Retail,India,Very High,18
CUST003130,Corporate,USA,Very High,76
CUST003131,Retail,India,High,60
CUST003132,SME,Singapore,Low,67
CUST003133,SME,Singapore,Very High,63
CUST003134,Private Banking,India,Low,76
CUST003135,SME,UK,Very High,45
CUST003136,Retail,Singapore,Medium,18
CUST003137,Private Banking,UK,Very High,75
CUST003138,Retail,India,Medium,64
CUST003139,Private Banking,USA,Medium,47
CUST003140,Retail,UK,Very High,77
CUST003141,Retail,Singapore,Medium,51
CUST003142,Private Banking,USA,High,74
CUST003143,SME,USA,High,64
CUST003144,Private Banking,USA,Low,52
CUST003145,Corporate,Singapore,Very High,43
CUST003146,SME,India,Low,59
CUST003147,Retail,UAE,Medium,49
CUST003148,Corporate,USA,High,68
CUST003149,Corporate,UK,Very High,61
CUST003150,Corporate,UK,High,25
CUST003151,Retail,UAE,Very High,55
CUST003152,SME,UAE,Medium,42
CUST003153,Corporate,UK,Medium,37
CUST003154,Private Banking,UK,Low,62
CUST003155,Private Banking,India,High,33
CUST003156,Corporate,USA,Medium,76
CUST003157,Corporate,USA,Low,47
CUST003158,Private Banking,UK,High,46
CUST003159,SME,UAE,High,44
CUST003160,Retail,UAE,Very High,51
CUST003161,Corporate,Singapore,High,61
CUST003162,Retail,UAE,Medium,21
CUST003163,Private Banking,India,Very High,47
CUST003164,Private Banking,India,Medium,38
CUST003165,Retail,India,Very High,50
CUST003166,SME,UAE,Medium,27
CUST003167,SME,Singapore,High,36
CUST003168,Retail,Singapore,Medium,44
CUST003169,Corporate,Singapore,High,61
CUST003170,Retail,Singapore,Medium,23
CUST003171,SME,UAE,High,30
CUST003172,SME,UAE,Medium,38
CUST003173,Corporate,India,High,57
CUST003174,Private Banking,Singapore,High,56
CUST003175,Retail,Singapore,Medium,79
CUST003176,SME,Singapore,High,48
CUST003177,Private Banking,India,High,45
CUST003178,Corporate,India,Medium,63
CUST003179,Corporate,UK,High,40
CUST003180,Private Banking,India,Medium,20
CUST003181,Retail,UAE,Low,48
CUST003182,Corporate,India,Medium,44
CUST003183,Corporate,UK,High,54
CUST003184,Corporate,UAE,Very High,25
CUST003185,SME,India,Medium,77
CUST003186,Retail,Singapore,Very High,61
CUST003187,Retail,UAE,High,19
CUST003188,Private Banking,UAE,Low,75
CUST003189,SME,Singapore,Medium,76
CUST003190,SME,India,High,42
CUST003191,Corporate,UK,Very High,53
CUST003192,Corporate,Singapore,Low,77
CUST003193,Corporate,UK,High,38
CUST003194,Corporate,USA,High,21
CUST003195,SME,UAE,Medium,63
CUST003196,Corporate,UAE,Low,49
CUST003197,Private Banking,UAE,High,77
CUST003198,SME,Singapore,Medium,49
CUST003199,Private Banking,Singapore,Low,34
CUST003200,Private Banking,India,Low,51
CUST003201,SME,Singapore,Very High,54
CUST003202,Private Banking,Singapore,Very High,74
CUST003203,Retail,Singapore,Medium,27
CUST003204,Retail,USA,Very High,41
CUST003205,Corporate,India,Very High,24
CUST003206,Private Banking,USA,Low,45
CUST003207,Private Banking,India,Low,79
CUST003208,Corporate,India,Medium,20
CUST003209,Retail,Singapore,Medium,34
CUST003210,Corporate,USA,Low,47
CUST003211,Private Banking,USA,Very High,75
CUST003212,SME,India,Very High,29
CUST003213,Retail,USA,Medium,61
CUST003214,SME,Singapore,Low,65
CUST003215,SME,USA,Very High,68
CUST003216,SME,India,Low,72
CUST003217,Corporate,Singapore,Low,48
CUST003218,Retail,Singapore,Medium,76
CUST003219,Private Banking,India,Low,75
CUST003220,SME,Singapore,Medium,59
CUST003221,Private Banking,UAE,High,29
CUST003222,Private Banking,India,High,36
CUST003223,Corporate,UAE,Very High,68
CUST003224,SME,USA,Medium,21
CUST003225,Private Banking,Singapore,Medium,28
CUST003226,Retail,India,Medium,44
CUST003227,Retail,UK,High,44
CUST003228,Private Banking,UK,High,26
CUST003229,Corporate,UAE,Very High,18
CUST003230,Private Banking,India,Very High,74
CUST003231,Corporate,UAE,Medium,62
CUST003232,Corporate,UK,Medium,41
CUST003233,Private Banking,Singapore,Very High,53
CUST003234,Private Banking,UK,Very High,49
CUST003235,Corporate,India,Very High,18
CUST003236,Corporate,UAE,High,48
CUST003237,Private Banking,UAE,Low,45
CUST003238,Retail,Singapore,Very High,79
CUST003239,SME,USA,High,27
CUST003240,Private Banking,USA,Low,68
CUST003241,SME,USA,Medium,75
CUST003242,Private Banking,India,Very High,34
CUST003243,Retail,UAE,Low,18
CUST003244,Corporate,Singapore,Very High,22
CUST003245,Private Banking,India,High,42
CUST003246,Private Banking,USA,Low,68
CUST003247,SME,India,Very High,42
CUST003248,Corporate,UAE,High,58
CUST003249,Retail,Singapore,Very High,55
CUST003250,SME,India,Medium,66
CUST003251,Corporate,Singapore,High,33
CUST003252,Corporate,UK,Low,71
CUST003253,Private Banking,India,Low,54
CUST003254,Retail,USA,High,53
CUST003255,Retail,USA,Very High,18
CUST003256,Retail,UAE,Low,62
CUST003257,Private Banking,UAE,Low,41
CUST003258,SME,India,Very High,47
CUST003259,Retail,India,Very High,70
CUST003260,Corporate,India,High,32
CUST003261,SME,UAE,High,64
CUST003262,Private Banking,USA,Very High,46
CUST003263,SME,UK,Very High,23
CUST003264,Retail,UK,Low,23
CUST003265,Retail,USA,Low,21
CUST003266,Private Banking,India,Low,49
CUST003267,Corporate,India,Medium,18
CUST003268,Corporate,India,Medium,40
CUST003269,Corporate,USA,Very High,28
CUST003270,SME,USA,Medium,20
CUST003271,Retail,India,Medium,57
CUST003272,Private Banking,UK,Very High,35
CUST003273,Private Banking,UK,Medium,73
CUST003274,Private Banking,UK,Very High,65
CUST003275,Corporate,UK,Medium,40
CUST003276,SME,UAE,High,60
CUST003277,SME,India,High,23
CUST003278,Private Banking,UK,Low,40
CUST003279,SME,UAE,High,20
CUST003280,Corporate,India,Medium,33
CUST003281,Private Banking,USA,Medium,73
CUST003282,Private Banking,UAE,Very High,65
CUST003283,Private Banking,UAE,Low,65
CUST003284,Private Banking,India,High,39
CUST003285,Private Banking,India,Very High,37
CUST003286,Retail,UK,High,57
CUST003287,Private Banking,USA,Low,35
CUST003288,Corporate,USA,Low,50
CUST003289,Retail,Singapore,High,50
CUST003290,Private Banking,Singapore,High,65
CUST003291,Retail,UK,Very High,34
CUST003292,Corporate,UK,Low,54
CUST003293,Private Banking,Singapore,Medium,34
CUST003294,Corporate,Singapore,High,27
CUST003295,Private Banking,USA,Low,24
CUST003296,Retail,India,Low,76
CUST003297,Corporate,India,High,44
CUST003298,Private Banking,USA,High,56
CUST003299,SME,Singapore,Low,33
CUST003300,Corporate,USA,Very High,25
CUST003301,SME,India,Very High,64
CUST003302,SME,UK,Low,74
CUST003303,Retail,Singapore,Medium,60
CUST003304,Private Banking,UK,Medium,40
CUST003305,Private Banking,Singapore,Low,39
CUST003306,Corporate,UK,Medium,70
CUST003307,Private Banking,USA,Low,63
CUST003308,SME,India,High,48
CUST003309,Corporate,USA,High,46
CUST003310,Corporate,UAE,Low,36
CUST003311,SME,USA,Medium,77
CUST003312,Private Banking,India,Very High,64
CUST003313,Corporate,UAE,Medium,23
CUST003314,Corporate,UAE,Low,47
CUST003315,SME,UAE,High,52
CUST003316,Retail,UK,High,69
CUST003317,SME,USA,Medium,45
CUST003318,Private Banking,UAE,Very High,55
CUST003319,Private Banking,UAE,High,36
CUST003320,Corporate,UK,High,74
CUST003321,Private Banking,UK,Low,33
CUST003322,Corporate,India,Low,76
CUST003323,SME,USA,Medium,44
CUST003324,Retail,UK,Very High,29
CUST003325,Private Banking,UK,Low,62
CUST003326,SME,UK,Very High,75
CUST003327,SME,USA,Low,25
CUST003328,SME,UK,High,68
CUST003329,Corporate,UAE,Medium,45
CUST003330,Corporate,UAE,Low,76
CUST003331,Retail,UK,Very High,53
CUST003332,Private Banking,Singapore,Medium,62
CUST003333,SME,India,Very High,19
CUST003334,Private Banking,UK,High,51
CUST003335,Retail,UK,Medium,24
CUST003336,Private Banking,India,Medium,63
CUST003337,SME,UAE,High,33
CUST003338,SME,India,Medium,71
CUST003339,Private Banking,Singapore,Very High,22
CUST003340,Private Banking,Singapore,High,37
CUST003341,Private Banking,UK,Very High,30
CUST003342,Retail,India,Medium,58
CUST003343,Retail,Singapore,Low,49
CUST003344,SME,USA,Very High,52
CUST003345,Retail,UAE,Very High,22
CUST003346,Corporate,UK,High,57
CUST003347,Corporate,USA,Very High,42
CUST003348,SME,UK,Very High,38
CUST003349,Corporate,India,Low,28
CUST003350,SME,UK,Medium,22
CUST003351,SME,USA,Very High,45
CUST003352,Retail,UK,High,42
CUST003353,Corporate,Singapore,Medium,62
CUST003354,Corporate,UAE,Low,39
CUST003355,SME,India,Medium,23
CUST003356,SME,Singapore,Very High,23
CUST003357,SME,Singapore,Medium,76
CUST003358,Retail,Singapore,Very High,78
CUST003359,Private Banking,USA,Very High,80
CUST003360,Corporate,Singapore,Very High,77
CUST003361,Private Banking,USA,Very High,26
CUST003362,Private Banking,USA,High,29
CUST003363,Private Banking,Singapore,Very High,65
CUST003364,Private Banking,India,Medium,27
CUST003365,Retail,USA,Very High,46
CUST003366,SME,UK,Very High,80
CUST003367,Retail,India,Very High,29
CUST003368,SME,Singapore,High,58
CUST003369,Corporate,UK,Very High,33
CUST003370,Corporate,UAE,Medium,30
CUST003371,SME,UAE,Very High,59
CUST003372,Retail,India,High,39
CUST003373,SME,UK,High,63
CUST003374,Private Banking,Singapore,Low,78
CUST003375,SME,UAE,Medium,65
CUST003376,SME,Singapore,High,70
CUST003377,Private Banking,India,High,63
CUST003378,SME,UK,Low,66
CUST003379,SME,UK,High,39
CUST003380,Corporate,UAE,Medium,80
CUST003381,Private Banking,UAE,Low,36
CUST003382,Retail,India,Very High,48
CUST003383,Retail,UK,Very High,58
CUST003384,Corporate,UAE,Very High,32
CUST003385,Private Banking,UK,Very High,56
CUST003386,Retail,UK,High,50
CUST003387,Corporate,UAE,Very High,65
CUST003388,SME,Singapore,Medium,63
CUST003389,SME,USA,Low,79
CUST003390,SME,UK,High,40
CUST003391,Private Banking,UAE,Low,18
CUST003392,Private Banking,Singapore,Medium,61
CUST003393,Corporate,UK,High,79
CUST003394,SME,UAE,High,20
CUST003395,Private Banking,UAE,Low,58
CUST003396,Corporate,Singapore,Low,23
CUST003397,SME,India,Medium,73
CUST003398,SME,USA,Low,62
CUST003399,Retail,Singapore,Very High,23
CUST003400,Private Banking,Singapore,Medium,33
CUST003401,Corporate,UAE,Low,38
CUST003402,Retail,India,Low,78
CUST003403,Retail,UK,Medium,31
CUST003404,Private Banking,UK,Medium,38
CUST003405,Private Banking,UAE,Low,26
CUST003406,Private Banking,UAE,Medium,50
CUST003407,Private Banking,India,High,77
CUST003408,Private Banking,UK,Very High,60
CUST003409,Corporate,UAE,High,40
CUST003410,Private Banking,UK,High,57
CUST003411,Corporate,UK,Low,75
CUST003412,Corporate,UK,Medium,62
CUST003413,Private Banking,Singapore,Low,46
CUST003414,Retail,UK,High,74
CUST003415,Corporate,India,Medium,57
CUST003416,Corporate,Singapore,High,26
CUST003417,Corporate,Singapore,Low,78
CUST003418,Private Banking,USA,Medium,67
CUST003419,Retail,UAE,High,24
CUST003420,Retail,USA,Medium,23
CUST003421,Corporate,UK,Very High,36
CUST003422,Corporate,UK,Medium,21
CUST003423,SME,India,Medium,48
CUST003424,Private Banking,USA,High,47
CUST003425,SME,India,Medium,37
CUST003426,Retail,Singapore,High,61
CUST003427,SME,Singapore,Low,68
CUST003428,SME,UK,High,18
CUST003429,SME,USA,Medium,67
CUST003430,Private Banking,Singapore,High,59
CUST003431,Retail,USA,High,23
CUST003432,SME,India,Low,41
CUST003433,SME,UK,Very High,54
CUST003434,Corporate,USA,Low,63
CUST003435,Retail,UK,Very High,56
CUST003436,Corporate,India,Medium,69
CUST003437,SME,Singapore,High,37
CUST003438,Private Banking,India,Low,53
CUST003439,Retail,India,Medium,69
CUST003440,Corporate,Singapore,High,69
CUST003441,Corporate,UAE,Low,30
CUST003442,SME,USA,Very High,62
CUST003443,SME,UAE,Very High,52
CUST003444,Private Banking,India,Medium,49
CUST003445,SME,UK,Medium,25
CUST003446,Retail,Singapore,Low,67
CUST003447,SME,USA,Low,74
CUST003448,SME,USA,Low,32
CUST003449,Retail,India,High,55
CUST003450,Corporate,USA,Low,28
CUST003451,Retail,USA,Low,55
CUST003452,Private Banking,UAE,High,69
CUST003453,Corporate,Singapore,Medium,25
CUST003454,Retail,USA,Low,50
CUST003455,SME,India,Medium,30
CUST003456,Corporate,UAE,Medium,24
CUST003457,Private Banking,Singapore,Medium,66
CUST003458,Private Banking,UAE,Very High,21
CUST003459,Corporate,India,Very High,23
CUST003460,Retail,Singapore,Low,57
CUST003461,Retail,USA,Very High,36
CUST003462,Retail,UK,Low,25
CUST003463,SME,Singapore,Medium,19
CUST003464,SME,UK,High,55
CUST003465,Corporate,UAE,Low,79
CUST003466,Private Banking,India,High,75
CUST003467,Private Banking,UAE,High,21
CUST003468,Private Banking,UAE,High,66
CUST003469,SME,UK,Very High,27
CUST003470,SME,India,Very High,66
CUST003471,SME,India,Very High,19
CUST003472,SME,UAE,Low,23
CUST003473,Retail,UK,Very High,80
CUST003474,Retail,Singapore,Very High,73
CUST003475,SME,India,Very High,43
CUST003476,Private Banking,India,Low,40
CUST003477,Corporate,UAE,Very High,43
CUST003478,SME,Singapore,Medium,31
CUST003479,Private Banking,India,Low,49
CUST003480,Retail,UK,Low,68
CUST003481,Retail,USA,Very High,73
CUST003482,Retail,UK,Low,53
CUST003483,Private Banking,Singapore,Medium,29
CUST003484,SME,UK,Medium,72
CUST003485,Retail,UAE,High,74
CUST003486,Private Banking,UK,High,74
CUST003487,SME,USA,Medium,33
CUST003488,Private Banking,UK,Low,71
CUST003489,Private Banking,Singapore,Medium,51
CUST003490,Corporate,USA,Medium,61
CUST003491,Corporate,USA,High,65
CUST003492,Corporate,UK,High,73
CUST003493,Retail,Singapore,Low,75
CUST003494,Private Banking,India,Medium,76
CUST003495,Corporate,USA,Medium,67
CUST003496,SME,UAE,Very High,52
CUST003497,SME,USA,Very High,30
CUST003498,Private Banking,USA,Medium,27
CUST003499,SME,USA,Low,20
CUST003500,Corporate,Singapore,Very High,34
CUST003501,Private Banking,UK,High,44
CUST003502,Private Banking,UK,Very High,65
CUST003503,Private Banking,UK,Low,43
CUST003504,SME,UAE,Low,26
CUST003505,Retail,UAE,Medium,24
CUST003506,Private Banking,UK,High,74
CUST003507,SME,USA,Very High,48
CUST003508,Private Banking,India,Low,34
CUST003509,Corporate,USA,High,18
CUST003510,Retail,India,High,34
CUST003511,Retail,UK,Very High,29
CUST003512,Retail,UK,Medium,62
CUST003513,Private Banking,India,Low,44
CUST003514,Private Banking,India,Low,37
CUST003515,Private Banking,India,Medium,74
CUST003516,Private Banking,India,Low,51
CUST003517,SME,UAE,Low,68
CUST003518,Corporate,UK,High,63
CUST003519,Corporate,UAE,High,76
CUST003520,Corporate,Singapore,Very High,50
CUST003521,SME,UAE,High,77
CUST003522,SME,UAE,Very High,23
CUST003523,Corporate,India,Medium,36
CUST003524,Corporate,UK,High,39
CUST003525,Corporate,UAE,Very High,19
CUST003526,Retail,Singapore,Low,72
CUST003527,Retail,India,Very High,59
CUST003528,SME,Singapore,Very High,67
CUST003529,SME,Singapore,Very High,69
CUST003530,Private Banking,UK,Medium,62
CUST003531,Retail,UAE,Medium,42
CUST003532,SME,USA,High,60
CUST003533,Retail,USA,High,71
CUST003534,Private Banking,India,Medium,34
CUST003535,Retail,USA,Low,44
CUST003536,Corporate,India,Low,22
CUST003537,SME,UAE,High,72
CUST003538,Retail,Singapore,High,70
CUST003539,Corporate,USA,High,30
CUST003540,Private Banking,UAE,Low,18
CUST003541,Private Banking,Singapore,Very High,77
CUST003542,Corporate,USA,High,74
CUST003543,Retail,UK,Medium,56
CUST003544,Corporate,UK,High,57
CUST003545,Private Banking,UAE,High,36
CUST003546,SME,India,Very High,71
CUST003547,Corporate,UAE,Medium,48
CUST003548,Corporate,Singapore,Low,79
CUST003549,Retail,India,Very High,79
CUST003550,Retail,UAE,Medium,35
CUST003551,Corporate,UAE,High,62
CUST003552,Corporate,USA,Medium,32
CUST003553,Corporate,India,Very High,63
CUST003554,SME,USA,Medium,70
CUST003555,SME,UAE,High,76
CUST003556,Private Banking,India,Low,21
CUST003557,Retail,UAE,Low,47
CUST003558,Retail,Singapore,High,58
CUST003559,Corporate,UAE,Very High,78
CUST003560,Retail,Singapore,Low,72
CUST003561,Corporate,USA,High,53
CUST003562,Corporate,India,High,29
CUST003563,SME,UK,High,67
CUST003564,SME,USA,Medium,58
CUST003565,SME,UAE,Medium,61
CUST003566,Private Banking,UK,Very High,60
CUST003567,Private Banking,USA,Low,60
CUST003568,SME,India,Medium,44
CUST003569,Corporate,UAE,High,58
CUST003570,Private Banking,UAE,Low,70
CUST003571,Retail,UK,Medium,74
CUST003572,Retail,USA,Very High,79
CUST003573,Retail,USA,High,22
CUST003574,Retail,UAE,Low,25
CUST003575,Private Banking,India,Low,37
CUST003576,Private Banking,UK,High,42
CUST003577,Retail,India,Medium,21
CUST003578,Private Banking,UK,High,29
CUST003579,Corporate,UAE,Medium,79
CUST003580,Corporate,Singapore,Medium,49
CUST003581,Private Banking,UK,Very High,47
CUST003582,Retail,India,Very High,53
CUST003583,Retail,Singapore,High,33
CUST003584,SME,UK,Low,28
CUST003585,Retail,USA,Low,53
CUST003586,SME,Singapore,Very High,48
CUST003587,Retail,USA,Very High,60
CUST003588,Private Banking,UAE,Low,27
CUST003589,Private Banking,UK,Medium,53
CUST003590,SME,USA,High,47
CUST003591,Retail,UAE,High,43
CUST003592,SME,India,Low,71
CUST003593,Retail,Singapore,Very High,18
CUST003594,Retail,UAE,Low,69
CUST003595,SME,UAE,Low,51
CUST003596,Private Banking,UAE,Medium,28
CUST003597,Retail,UAE,Low,54
CUST003598,SME,UK,High,56
CUST003599,SME,UAE,Very High,64
CUST003600,Corporate,USA,Very High,73
CUST003601,Private Banking,Singapore,Very High,40
CUST003602,Retail,UAE,High,61
CUST003603,Corporate,UK,Very High,38
CUST003604,Private Banking,Singapore,Very High,48
CUST003605,Private Banking,UK,High,23
CUST003606,SME,USA,Low,46
CUST003607,Corporate,UAE,Very High,54
CUST003608,Corporate,India,Low,30
CUST003609,Corporate,UK,Medium,66
CUST003610,SME,India,Medium,45
CUST003611,SME,UAE,Medium,21
CUST003612,SME,Singapore,Very High,60
CUST003613,Corporate,UK,Medium,78
CUST003614,Corporate,UAE,Medium,33
CUST003615,Retail,USA,Low,47
CUST003616,Corporate,India,Very High,32
CUST003617,Corporate,India,Very High,50
CUST003618,Corporate,Singapore,Medium,35
CUST003619,Private Banking,UAE,Very High,41
CUST003620,Retail,Singapore,High,63
CUST003621,SME,UAE,Low,21
CUST003622,Corporate,Singapore,Very High,64
CUST003623,Private Banking,USA,Medium,30
CUST003624,SME,UAE,Very High,32
CUST003625,SME,UK,Medium,27
CUST003626,Corporate,UAE,Medium,67
CUST003627,SME,UAE,Medium,75
CUST003628,SME,UAE,Medium,29
CUST003629,Corporate,USA,Medium,24
CUST003630,Retail,Singapore,Medium,63
CUST003631,Private Banking,India,Low,52
CUST003632,Corporate,Singapore,Medium,34
CUST003633,Retail,Singapore,Very High,18
CUST003634,Corporate,Singapore,Medium,32
CUST003635,SME,India,Medium,52
CUST003636,Corporate,UK,Very High,58
CUST003637,Retail,Singapore,High,59
CUST003638,Private Banking,USA,Low,35
CUST003639,Private Banking,Singapore,Very High,24
CUST003640,Corporate,India,Very High,78
CUST003641,Private Banking,USA,Very High,52
CUST003642,Retail,UAE,High,41
CUST003643,Corporate,UK,High,64
CUST003644,SME,India,High,49
CUST003645,SME,UAE,Medium,45
CUST003646,Corporate,India,High,31
CUST003647,SME,UAE,Medium,59
CUST003648,Private Banking,USA,High,57
CUST003649,SME,UK,Medium,51
CUST003650,SME,USA,Low,32
CUST003651,Private Banking,USA,Very High,76
CUST003652,SME,Singapore,Low,62
CUST003653,Corporate,India,Medium,28
CUST003654,Retail,USA,High,66
CUST003655,Private Banking,UK,High,67
CUST003656,Retail,India,Medium,39
CUST003657,Retail,UAE,Very High,45
CUST003658,Private Banking,India,Very High,59
CUST003659,Private Banking,Singapore,High,49
CUST003660,Private Banking,UAE,Low,73
CUST003661,Corporate,USA,Very High,33
CUST003662,SME,USA,High,64
CUST003663,Retail,India,Medium,51
CUST003664,Corporate,Singapore,High,27
CUST003665,Private Banking,UAE,Medium,27
CUST003666,Retail,UK,High,54
CUST003667,Private Banking,Singapore,Very High,36
CUST003668,SME,USA,Very High,32
CUST003669,Corporate,USA,High,76
CUST003670,Corporate,India,Medium,53
CUST003671,Corporate,UK,High,44
CUST003672,Corporate,UAE,High,30
CUST003673,Retail,UAE,Low,50
CUST003674,Private Banking,Singapore,Low,21
CUST003675,SME,India,Low,60
CUST003676,SME,UAE,Medium,42
CUST003677,Private Banking,Singapore,Medium,40
CUST003678,Private Banking,UAE,Medium,64
CUST003679,SME,Singapore,Medium,36
CUST003680,Private Banking,UK,Medium,56
CUST003681,Retail,UAE,Very High,18
CUST003682,Retail,USA,Low,20
CUST003683,Retail,UK,Very High,43
CUST003684,Retail,UAE,Medium,80
CUST003685,SME,UAE,High,37
CUST003686,Private Banking,USA,Medium,60
CUST003687,Private Banking,USA,High,57
CUST003688,Corporate,UK,Low,48
CUST003689,Private Banking,India,Low,56
CUST003690,SME,UAE,Low,76
CUST003691,Private Banking,UK,High,58
CUST003692,Retail,India,High,40
CUST003693,Private Banking,Singapore,High,44
CUST003694,Private Banking,USA,High,34
CUST003695,Private Banking,Singapore,Medium,52
CUST003696,Private Banking,USA,Low,65
CUST003697,Corporate,Singapore,Low,60
CUST003698,Corporate,UAE,Very High,40
CUST003699,Retail,USA,Medium,46
CUST003700,Corporate,UAE,Very High,23
CUST003701,SME,UAE,High,33
CUST003702,Corporate,UK,Low,56
CUST003703,Private Banking,USA,High,57
CUST003704,SME,USA,Low,43
CUST003705,SME,UK,Low,27
CUST003706,SME,India,Very High,35
CUST003707,Private Banking,USA,Medium,34
CUST003708,SME,UK,Medium,40
CUST003709,Corporate,USA,Very High,56
CUST003710,Corporate,Singapore,Low,29
CUST003711,Retail,UK,Very High,20
CUST003712,SME,USA,Very High,22
CUST003713,Retail,USA,Low,31
CUST003714,Corporate,UK,Very High,57
CUST003715,Corporate,UAE,Very High,18
CUST003716,Corporate,USA,Low,31
CUST003717,Private Banking,UAE,High,46
CUST003718,Corporate,UAE,Very High,65
CUST003719,Retail,India,Very High,23
CUST003720,SME,Singapore,Low,69
CUST003721,Corporate,India,Medium,64
CUST003722,Private Banking,UK,High,53
CUST003723,Private Banking,USA,Low,58
CUST003724,Retail,India,High,25
CUST003725,Corporate,USA,Medium,31
CUST003726,SME,UK,Medium,72
CUST003727,Private Banking,UAE,Low,24
CUST003728,SME,USA,High,38
CUST003729,Retail,India,Medium,55
CUST003730,Corporate,UAE,Medium,68
CUST003731,Retail,India,Low,22
CUST003732,SME,UK,High,72
CUST003733,Private Banking,India,Low,76
CUST003734,Corporate,USA,Low,42
CUST003735,Retail,USA,High,56
CUST003736,Retail,Singapore,Very High,58
CUST003737,Corporate,India,High,39
CUST003738,Retail,USA,Low,60
CUST003739,SME,USA,Very High,52
CUST003740,Private Banking,India,Very High,68
CUST003741,Private Banking,India,Very High,18
CUST003742,Retail,UK,Medium,56
CUST003743,SME,Singapore,High,19
CUST003744,Private Banking,India,Very High,23
CUST003745,SME,USA,Medium,31
CUST003746,SME,India,Medium,35
CUST003747,Corporate,Singapore,Medium,20
CUST003748,Corporate,India,Low,78
CUST003749,SME,UAE,Low,77
CUST003750,Private Banking,UAE,High,51
CUST003751,Corporate,UAE,Medium,63
CUST003752,Private Banking,UK,Low,42
CUST003753,Private Banking,India,Low,62
CUST003754,SME,UAE,Medium,64
CUST003755,Retail,Singapore,Low,42
CUST003756,Corporate,India,Very High,38
CUST003757,Private Banking,India,Medium,25
CUST003758,Retail,USA,Very High,21
CUST003759,Retail,USA,Low,75
CUST003760,Retail,Singapore,Medium,73
CUST003761,SME,Singapore,Low,29
CUST003762,Corporate,UK,Very High,55
CUST003763,SME,India,Very High,68
CUST003764,SME,Singapore,Low,68
CUST003765,Corporate,UK,Very High,53
CUST003766,Retail,India,Very High,58
CUST003767,Retail,USA,Very High,73
CUST003768,Retail,UK,High,19
CUST003769,Corporate,Singapore,Low,22
CUST003770,SME,India,Medium,68
CUST003771,Private Banking,India,Low,43
CUST003772,Corporate,India,Low,34
CUST003773,Corporate,UAE,Low,74
CUST003774,Retail,USA,Very High,76
CUST003775,Retail,UK,Low,69
CUST003776,SME,UK,Very High,54
CUST003777,Corporate,UK,High,54
CUST003778,Corporate,India,Very High,18
CUST003779,Corporate,USA,Low,44
CUST003780,SME,UAE,High,39
CUST003781,Private Banking,UAE,Medium,61
CUST003782,Corporate,USA,Low,49
CUST003783,Corporate,Singapore,High,23
CUST003784,Corporate,Singapore,Low,36
CUST003785,Corporate,UAE,Very High,76
CUST003786,Private Banking,Singapore,High,72
CUST003787,SME,USA,High,47
CUST003788,Private Banking,UAE,Low,74
CUST003789,Corporate,Singapore,Low,24
CUST003790,Private Banking,UK,Very High,26
CUST003791,Private Banking,India,Very High,36
CUST003792,Private Banking,USA,High,55
CUST003793,Retail,Singapore,Very High,26
CUST003794,Private Banking,UAE,Low,25
CUST003795,Private Banking,UAE,Medium,67
CUST003796,Private Banking,UAE,Low,67
CUST003797,SME,UK,Medium,35
CUST003798,Private Banking,USA,Very High,48
CUST003799,Retail,India,Very High,41
CUST003800,Private Banking,Singapore,Very High,65
CUST003801,Private Banking,UK,Low,28
CUST003802,Retail,UK,Very High,78
CUST003803,SME,Singapore,Low,63
CUST003804,SME,UK,Medium,35
CUST003805,SME,Singapore,High,27
CUST003806,Corporate,UAE,Low,18
CUST003807,Corporate,USA,High,56
CUST003808,Private Banking,India,Very High,29
CUST003809,Retail,UK,Low,39
CUST003810,SME,India,High,76
CUST003811,SME,UK,Medium,67
CUST003812,Retail,Singapore,Low,50
CUST003813,Corporate,UK,Very High,19
CUST003814,Corporate,USA,Medium,36
CUST003815,SME,Singapore,Medium,26
CUST003816,Retail,India,Low,74
CUST003817,SME,USA,High,76
CUST003818,Corporate,Singapore,Low,68
CUST003819,Corporate,India,High,73
CUST003820,Retail,USA,Very High,50
CUST003821,SME,UK,Medium,61
CUST003822,Private Banking,UAE,Medium,62
CUST003823,Corporate,India,Medium,24
CUST003824,Retail,UAE,Medium,32
CUST003825,Retail,Singapore,Very High,57
CUST003826,Retail,USA,Low,59
CUST003827,Retail,India,Very High,27
CUST003828,Corporate,Singapore,Very High,40
CUST003829,Private Banking,USA,Very High,69
CUST003830,SME,UK,High,50
CUST003831,Private Banking,UAE,High,67
CUST003832,Corporate,Singapore,Very High,31
CUST003833,Corporate,USA,Medium,30
CUST003834,Private Banking,Singapore,High,37
CUST003835,Corporate,Singapore,Medium,58
CUST003836,Corporate,Singapore,High,25
CUST003837,Retail,UAE,Medium,53
CUST003838,Retail,UK,Low,33
CUST003839,Corporate,UK,High,32
CUST003840,SME,USA,Very High,28
CUST003841,Retail,UK,Very High,43
CUST003842,Private Banking,UAE,Very High,76
CUST003843,Private Banking,India,Medium,52
CUST003844,Private Banking,UK,High,63
CUST003845,Private Banking,India,Medium,21
CUST003846,Private Banking,UK,Medium,22
CUST003847,SME,UAE,High,56
CUST003848,SME,India,High,67
CUST003849,SME,UAE,Medium,24
CUST003850,Retail,UAE,High,63
CUST003851,Retail,UK,High,32
CUST003852,Retail,India,Low,69
CUST003853,Private Banking,India,High,77
CUST003854,Corporate,UK,Medium,55
CUST003855,Private Banking,UK,High,63
CUST003856,Private Banking,UK,High,77
CUST003857,SME,Singapore,Low,56
CUST003858,Private Banking,India,Low,61
CUST003859,Corporate,Singapore,Medium,70
CUST003860,SME,UK,Very High,28
CUST003861,Private Banking,USA,Very High,19
CUST003862,Retail,India,Low,65
CUST003863,SME,UK,Medium,36
CUST003864,Corporate,USA,Very High,41
CUST003865,Corporate,USA,Very High,58
CUST003866,Retail,USA,Low,71
CUST003867,Private Banking,USA,Very High,21
CUST003868,SME,India,High,54
CUST003869,SME,UAE,High,31
CUST003870,Private Banking,UAE,Medium,50
CUST003871,SME,UAE,High,55
CUST003872,Retail,Singapore,Medium,25
CUST003873,SME,Singapore,Medium,32
CUST003874,Corporate,UK,Low,77
CUST003875,Private Banking,India,High,46
CUST003876,SME,India,High,64
CUST003877,SME,UAE,Very High,37
CUST003878,Private Banking,UAE,Very High,34
CUST003879,Retail,UAE,Low,32
CUST003880,Private Banking,UAE,Very High,73
CUST003881,Corporate,UAE,Low,18
CUST003882,Private Banking,UAE,Medium,28
CUST003883,SME,India,Medium,68
CUST003884,SME,India,Medium,72
CUST003885,Private Banking,USA,Medium,48
CUST003886,Corporate,UAE,Medium,45
CUST003887,Corporate,Singapore,Medium,30
CUST003888,Retail,UK,High,59
CUST003889,Private Banking,USA,Medium,60
CUST003890,Retail,UAE,Very High,60
CUST003891,Private Banking,India,High,52
CUST003892,Corporate,Singapore,Low,29
CUST003893,SME,UK,High,31
CUST003894,Corporate,USA,High,55
CUST003895,Retail,India,High,80
CUST003896,Private Banking,UK,Low,27
CUST003897,Corporate,Singapore,Low,19
CUST003898,Private Banking,Singapore,Very High,53
CUST003899,Retail,UAE,Low,37
CUST003900,SME,UAE,High,58
CUST003901,Retail,India,Very High,64
CUST003902,Corporate,USA,High,77
CUST003903,Corporate,USA,High,54
CUST003904,Corporate,Singapore,Low,57
CUST003905,SME,UAE,Medium,76
CUST003906,Retail,Singapore,Very High,30
CUST003907,Private Banking,UK,Very High,29
CUST003908,Private Banking,UAE,Very High,45
CUST003909,Private Banking,UAE,Very High,41
CUST003910,SME,UK,Very High,22
CUST003911,SME,UK,Low,49
CUST003912,Corporate,USA,Low,55
CUST003913,Corporate,Singapore,Low,79
CUST003914,Corporate,Singapore,Very High,68
CUST003915,Private Banking,Singapore,Medium,30
CUST003916,Retail,UAE,Very High,25
CUST003917,Corporate,India,Low,24
CUST003918,Retail,India,Medium,57
CUST003919,Retail,UK,High,51
CUST003920,Retail,UK,High,29
CUST003921,SME,UAE,High,49
CUST003922,SME,India,High,55
CUST003923,Retail,India,Low,73
CUST003924,Private Banking,India,Very High,67
CUST003925,Corporate,UAE,Low,37
CUST003926,Retail,UK,Very High,32
CUST003927,Retail,UAE,Very High,57
CUST003928,Private Banking,UAE,Medium,42
CUST003929,Private Banking,Singapore,Low,55
CUST003930,Private Banking,India,Low,69
CUST003931,SME,Singapore,Very High,29
CUST003932,Private Banking,UK,Medium,61
CUST003933,SME,India,High,50
CUST003934,Private Banking,USA,Very High,80
CUST003935,SME,UK,High,57
CUST003936,Private Banking,India,High,41
CUST003937,Private Banking,USA,Medium,28
CUST003938,Private Banking,UAE,Low,25
CUST003939,Retail,UK,High,61
CUST003940,Retail,UAE,Very High,31
CUST003941,SME,UAE,Low,70
CUST003942,Private Banking,USA,High,44
CUST003943,Private Banking,India,Low,77
CUST003944,Corporate,USA,Very High,30
CUST003945,Corporate,USA,Very High,79
CUST003946,Private Banking,USA,High,71
CUST003947,SME,Singapore,Very High,35
CUST003948,Corporate,UAE,Low,28
CUST003949,Private Banking,Singapore,Medium,49
CUST003950,Private Banking,UAE,Very High,74
CUST003951,Corporate,USA,Very High,69
CUST003952,Corporate,UK,Very High,59
CUST003953,Private Banking,UAE,High,70
CUST003954,Corporate,UAE,Low,40
CUST003955,Corporate,Singapore,High,72
CUST003956,Private Banking,UK,High,59
CUST003957,Retail,Singapore,High,19
CUST003958,Corporate,Singapore,Very High,49
CUST003959,SME,USA,Low,53
CUST003960,Corporate,USA,Very High,38
CUST003961,SME,USA,High,39
CUST003962,Retail,Singapore,Very High,69
CUST003963,Corporate,UK,Low,67
CUST003964,Private Banking,USA,Low,41
CUST003965,SME,USA,Medium,30
CUST003966,Corporate,UAE,Medium,29
CUST003967,Retail,Singapore,Very High,56
CUST003968,Private Banking,UK,Low,62
CUST003969,Corporate,India,Very High,32
CUST003970,Private Banking,Singapore,Low,79
CUST003971,Corporate,India,High,18
CUST003972,Private Banking,Singapore,Medium,69
CUST003973,Corporate,India,High,24
CUST003974,Retail,Singapore,Very High,41
CUST003975,SME,USA,Very High,58
CUST003976,Private Banking,Singapore,Medium,75
CUST003977,Corporate,UAE,Very High,35
CUST003978,Private Banking,UK,Very High,73
CUST003979,Private Banking,India,Medium,31
CUST003980,SME,UAE,Medium,70
CUST003981,Private Banking,UK,Low,39
CUST003982,SME,India,High,70
CUST003983,Retail,India,Low,19
CUST003984,SME,UAE,Very High,20
CUST003985,Private Banking,USA,Low,61
CUST003986,Corporate,India,Very High,37
CUST003987,Corporate,USA,Very High,48
CUST003988,Private Banking,Singapore,Medium,33
CUST003989,Retail,UAE,Low,34
CUST003990,Corporate,Singapore,High,46
CUST003991,Corporate,UK,Very High,51
CUST003992,SME,UK,Low,78
CUST003993,Corporate,Singapore,Very High,20
CUST003994,SME,UAE,Low,64
CUST003995,Private Banking,USA,Very High,39
CUST003996,Private Banking,UAE,Low,48
CUST003997,Retail,USA,Low,78
CUST003998,SME,USA,Medium,33
CUST003999,Private Banking,India,Medium,54
CUST004000,Retail,Singapore,Medium,49
CUST004001,Private Banking,UK,High,56
CUST004002,Corporate,India,Medium,76
CUST004003,SME,UAE,Very High,77
CUST004004,Private Banking,India,High,76
CUST004005,Retail,UAE,Low,66
CUST004006,Retail,UAE,High,25
CUST004007,Retail,UAE,High,20
CUST004008,Private Banking,India,Very High,51
CUST004009,SME,USA,High,46
CUST004010,Corporate,USA,Medium,69
CUST004011,Retail,Singapore,High,51
CUST004012,Corporate,UAE,Medium,45
CUST004013,Corporate,UK,Low,73
CUST004014,Corporate,UK,Medium,48
CUST004015,SME,USA,Low,57
CUST004016,Retail,Singapore,Low,73
CUST004017,Private Banking,USA,Medium,68
CUST004018,Private Banking,UK,Medium,65
CUST004019,Retail,UAE,Very High,65
CUST004020,Corporate,USA,High,78
CUST004021,Corporate,UK,Low,53
CUST004022,Corporate,USA,Medium,19
CUST004023,SME,Singapore,Low,47
CUST004024,Corporate,UAE,Low,72
CUST004025,Corporate,Singapore,Very High,57
CUST004026,Retail,India,High,28
CUST004027,SME,India,Medium,56
CUST004028,Private Banking,UAE,Medium,32
CUST004029,Retail,USA,Medium,76
CUST004030,SME,UK,Very High,40
CUST004031,Corporate,India,Medium,19
CUST004032,Private Banking,USA,Low,69
CUST004033,Corporate,UK,Low,69
CUST004034,SME,UAE,Medium,77
CUST004035,SME,India,Low,27
CUST004036,Corporate,Singapore,Low,53
CUST004037,Corporate,India,Low,36
CUST004038,SME,Singapore,Low,60
CUST004039,SME,India,Very High,77
CUST004040,SME,India,High,51
CUST004041,Retail,India,Medium,76
CUST004042,Retail,UK,High,51
CUST004043,Corporate,UAE,Medium,76
CUST004044,Corporate,UAE,Very High,56
CUST004045,Private Banking,Singapore,Medium,35
CUST004046,Corporate,UK,Medium,51
CUST004047,Retail,UK,Low,52
CUST004048,SME,UAE,Medium,73
CUST004049,SME,USA,Medium,45
CUST004050,Corporate,Singapore,High,73
CUST004051,Retail,USA,High,29
CUST004052,Corporate,UK,Very High,61
CUST004053,Private Banking,USA,Low,39
CUST004054,Corporate,USA,Low,33
CUST004055,Retail,USA,Low,54
CUST004056,Private Banking,USA,High,72
CUST004057,Corporate,UK,Very High,42
CUST004058,Retail,UK,Low,70
CUST004059,Corporate,USA,High,55
CUST004060,Retail,UK,Low,50
CUST004061,SME,UK,High,44
CUST004062,Corporate,India,Medium,76
CUST004063,Corporate,India,Very High,77
CUST004064,Private Banking,USA,High,40
CUST004065,Corporate,USA,Medium,41
CUST004066,Corporate,USA,Low,72
CUST004067,Retail,USA,Medium,60
CUST004068,SME,UAE,Very High,67
CUST004069,Corporate,UK,Very High,67
CUST004070,Private Banking,UAE,Very High,35
CUST004071,Corporate,USA,Medium,41
CUST004072,Corporate,India,Medium,31
CUST004073,Private Banking,Singapore,High,65
CUST004074,SME,UAE,Very High,57
CUST004075,Retail,India,Very High,21
CUST004076,Corporate,UK,High,56
CUST004077,Corporate,USA,High,54
CUST004078,Private Banking,UAE,High,77
CUST004079,Retail,UAE,Very High,26
CUST004080,SME,USA,High,68
CUST004081,Private Banking,UAE,Low,27
CUST004082,Corporate,UK,Medium,39
CUST004083,Retail,Singapore,Very High,45
CUST004084,Private Banking,UK,Low,42
CUST004085,Corporate,India,Medium,76
CUST004086,SME,UAE,Medium,61
CUST004087,Private Banking,UAE,High,30
CUST004088,Retail,UK,High,78
CUST004089,Retail,Singapore,High,24
CUST004090,Private Banking,India,Low,39
CUST004091,Corporate,UK,High,53
CUST004092,SME,UK,High,40
CUST004093,Corporate,UK,Very High,69
CUST004094,SME,India,Very High,53
CUST004095,SME,Singapore,High,68
CUST004096,Private Banking,UAE,Very High,50
CUST004097,Retail,USA,High,66
CUST004098,Retail,UK,Low,19
CUST004099,Private Banking,India,High,30
CUST004100,Retail,UAE,Low,41
CUST004101,Corporate,UAE,High,67
CUST004102,SME,India,Very High,55
CUST004103,SME,Singapore,Very High,53
CUST004104,Private Banking,India,Medium,73
CUST004105,Retail,UAE,Low,51
CUST004106,Corporate,India,Low,20
CUST004107,Corporate,UK,Medium,56
CUST004108,Retail,India,Low,41
CUST004109,SME,Singapore,Low,28
CUST004110,Private Banking,UK,Low,20
CUST004111,SME,Singapore,Medium,78
CUST004112,Private Banking,Singapore,Very High,55
CUST004113,Retail,Singapore,Low,60
CUST004114,SME,USA,Very High,51
CUST004115,SME,India,Medium,51
CUST004116,Corporate,UK,Very High,51
CUST004117,Retail,UAE,Very High,45
CUST004118,Private Banking,Singapore,High,74
CUST004119,SME,India,Medium,37
CUST004120,Retail,Singapore,High,29
CUST004121,Private Banking,UAE,High,48
CUST004122,Corporate,Singapore,Very High,37
CUST004123,Corporate,India,High,47
CUST004124,SME,Singapore,Very High,56
CUST004125,Private Banking,UAE,Medium,46
CUST004126,Corporate,USA,Low,61
CUST004127,Private Banking,UAE,High,35
CUST004128,SME,UK,Very High,51
CUST004129,Private Banking,India,High,77
CUST004130,Corporate,UAE,Medium,80
CUST004131,Corporate,Singapore,Low,69
CUST004132,Corporate,UK,Very High,43
CUST004133,Corporate,Singapore,Medium,57
CUST004134,Corporate,India,Medium,58
CUST004135,Private Banking,USA,Low,72
CUST004136,Private Banking,UK,Very High,42
CUST004137,Private Banking,USA,Low,79
CUST004138,Retail,USA,Medium,71
CUST004139,SME,USA,Medium,33
CUST004140,SME,UK,Very High,53
CUST004141,Private Banking,Singapore,Medium,75
CUST004142,Retail,Singapore,Very High,31
CUST004143,SME,UAE,High,21
CUST004144,Private Banking,India,Medium,50
CUST004145,Private Banking,UAE,High,63
CUST004146,Corporate,UAE,Medium,21
CUST004147,Corporate,UK,High,55
CUST004148,Private Banking,UK,Very High,60
CUST004149,Private Banking,UK,Very High,50
CUST004150,Private Banking,USA,Low,21
CUST004151,Corporate,UK,Low,72
CUST004152,SME,UAE,Very High,59
CUST004153,Private Banking,UK,High,78
CUST004154,Corporate,Singapore,Very High,76
CUST004155,SME,Singapore,Very High,20
CUST004156,Corporate,UAE,Low,34
CUST004157,Private Banking,UK,Medium,74
CUST004158,Corporate,UK,Medium,20
CUST004159,Retail,UK,Medium,23
CUST004160,Private Banking,UAE,High,47
CUST004161,Retail,UK,Medium,21
CUST004162,SME,UK,Low,58
CUST004163,Retail,USA,High,60
CUST004164,Retail,UK,Very High,41
CUST004165,Retail,Singapore,Medium,38
CUST004166,Corporate,India,Low,58
CUST004167,Corporate,Singapore,Medium,71
CUST004168,SME,USA,Very High,75
CUST004169,Private Banking,UAE,Medium,29
CUST004170,Private Banking,USA,Low,67
CUST004171,Corporate,Singapore,Medium,31
CUST004172,Retail,India,Very High,20
CUST004173,Retail,UAE,Low,20
CUST004174,Corporate,Singapore,Medium,56
CUST004175,Retail,USA,High,40
CUST004176,Private Banking,UK,Very High,41
CUST004177,Retail,UK,Medium,48
CUST004178,Retail,Singapore,High,57
CUST004179,Private Banking,India,Low,69
CUST004180,Corporate,Singapore,High,75
CUST004181,SME,India,High,78
CUST004182,Retail,UAE,Very High,64
CUST004183,Corporate,India,Medium,20
CUST004184,Private Banking,India,Low,56
CUST004185,SME,Singapore,Low,43
CUST004186,Private Banking,UK,High,69
CUST004187,SME,UAE,Low,36
CUST004188,Private Banking,Singapore,Medium,20
CUST004189,Corporate,Singapore,Low,57
CUST004190,SME,UAE,High,33
CUST004191,Retail,Singapore,Very High,45
CUST004192,Private Banking,UK,Very High,72
CUST004193,Retail,Singapore,Medium,30
CUST004194,Private Banking,India,Very High,79
CUST004195,Corporate,UK,Low,44
CUST004196,SME,UK,Very High,38
CUST004197,Corporate,UK,Medium,44
CUST004198,Private Banking,Singapore,Low,61
CUST004199,SME,UAE,Very High,65
CUST004200,Retail,Singapore,Very High,64
CUST004201,Corporate,India,Low,18
CUST004202,Corporate,UAE,Very High,20
CUST004203,Private Banking,USA,Low,38
CUST004204,Private Banking,India,Low,80
CUST004205,SME,India,Low,72
CUST004206,Private Banking,UAE,Medium,69
CUST004207,SME,Singapore,High,69
CUST004208,SME,USA,Medium,66
CUST004209,SME,India,High,35
CUST004210,Corporate,USA,High,79
CUST004211,Retail,UAE,High,48
CUST004212,Retail,UAE,High,30
CUST004213,SME,India,Medium,20
CUST004214,SME,UK,Medium,43
CUST004215,Corporate,UAE,High,58
CUST004216,Corporate,India,Low,27
CUST004217,Retail,UK,Low,72
CUST004218,Retail,UK,High,52
CUST004219,Retail,UK,Low,21
CUST004220,SME,Singapore,High,43
CUST004221,Corporate,Singapore,Medium,80
CUST004222,Private Banking,Singapore,Medium,18
CUST004223,Corporate,UAE,High,62
CUST004224,Corporate,Singapore,Very High,62
CUST004225,Retail,India,High,25
CUST004226,Private Banking,UK,Medium,46
CUST004227,Private Banking,India,Medium,24
CUST004228,Private Banking,India,High,46
CUST004229,Retail,India,Medium,39
CUST004230,SME,USA,Medium,73
CUST004231,SME,USA,Very High,23
CUST004232,Private Banking,USA,High,42
CUST004233,Retail,UAE,Very High,56
CUST004234,Private Banking,UK,Low,40
CUST004235,Retail,UAE,Medium,79
CUST004236,SME,India,Low,80
CUST004237,Retail,UK,High,75
CUST004238,Retail,UAE,Medium,33
CUST004239,Retail,UAE,Medium,74
CUST004240,Private Banking,UK,Very High,19
CUST004241,Corporate,UK,Low,42
CUST004242,Corporate,UK,High,70
CUST004243,SME,UK,Medium,77
CUST004244,Corporate,UAE,Low,60
CUST004245,Private Banking,UAE,High,18
CUST004246,Corporate,UAE,Medium,73
CUST004247,Retail,UAE,High,45
CUST004248,SME,Singapore,Very High,25
CUST004249,SME,UAE,Low,66
CUST004250,SME,UAE,Low,25
CUST004251,Private Banking,USA,Low,65
CUST004252,Retail,India,Medium,45
CUST004253,Retail,USA,Low,55
CUST004254,Corporate,USA,Low,70
CUST004255,Retail,UAE,Low,21
CUST004256,SME,Singapore,Very High,62
CUST004257,Private Banking,Singapore,Low,40
CUST004258,Private Banking,UAE,Very High,72
CUST004259,Private Banking,India,Low,35
CUST004260,Private Banking,Singapore,Very High,50
CUST004261,SME,India,Low,54
CUST004262,Corporate,UAE,Very High,37
CUST004263,Private Banking,India,Very High,46
CUST004264,SME,UK,High,42
CUST004265,Retail,USA,Medium,27
CUST004266,Retail,UK,Low,80
CUST004267,SME,UK,Very High,33
CUST004268,Private Banking,UK,Medium,40
CUST004269,Retail,India,Very High,40
CUST004270,Retail,UAE,Very High,65
CUST004271,Corporate,USA,Very High,58
CUST004272,Private Banking,Singapore,High,52
CUST004273,Retail,USA,Medium,64
CUST004274,Retail,UAE,Very High,34
CUST004275,Private Banking,UK,Very High,46
CUST004276,SME,UK,High,59
CUST004277,Corporate,Singapore,Medium,41
CUST004278,Private Banking,USA,Very High,66
CUST004279,Retail,Singapore,High,27
CUST004280,Retail,India,Medium,21
CUST004281,Private Banking,UK,Very High,58
CUST004282,Retail,Singapore,Very High,69
CUST004283,Private Banking,India,Low,54
CUST004284,Private Banking,USA,Medium,31
CUST004285,Corporate,Singapore,Low,31
CUST004286,Retail,Singapore,Very High,53
CUST004287,SME,India,High,59
CUST004288,Private Banking,USA,Medium,50
CUST004289,Private Banking,UK,Medium,33
CUST004290,Corporate,UK,Medium,45
CUST004291,SME,India,Medium,56
CUST004292,Corporate,USA,Very High,34
CUST004293,Private Banking,USA,Low,25
CUST004294,SME,USA,Medium,43
CUST004295,SME,UK,High,25
CUST004296,Private Banking,Singapore,Medium,69
CUST004297,SME,Singapore,Medium,23
CUST004298,Private Banking,UAE,Very High,39
CUST004299,Retail,Singapore,High,61
CUST004300,Private Banking,UK,Low,38
CUST004301,Corporate,UAE,Very High,64
CUST004302,Private Banking,USA,Low,47
CUST004303,Corporate,Singapore,Low,76
CUST004304,SME,UK,Medium,37
CUST004305,Corporate,Singapore,High,33
CUST004306,Retail,India,High,49
CUST004307,Corporate,India,Medium,75
CUST004308,Private Banking,Singapore,Low,57
CUST004309,Corporate,USA,Low,64
CUST004310,SME,UAE,High,46
CUST004311,Corporate,UAE,Medium,74
CUST004312,Corporate,Singapore,Medium,54
CUST004313,Retail,UAE,Very High,74
CUST004314,Private Banking,India,High,38
CUST004315,Retail,UAE,High,32
CUST004316,Corporate,UK,Low,21
CUST004317,Retail,India,High,27
CUST004318,Private Banking,USA,Very High,34
CUST004319,SME,UK,High,71
CUST004320,SME,India,Low,24
CUST004321,Retail,USA,Very High,57
CUST004322,Retail,Singapore,Medium,66
CUST004323,SME,UK,Very High,80
CUST004324,Corporate,Singapore,High,68
CUST004325,Retail,India,Low,38
CUST004326,Private Banking,India,Medium,37
CUST004327,Private Banking,UK,Very High,21
CUST004328,Retail,UAE,High,71
CUST004329,SME,UAE,Medium,37
CUST004330,Corporate,UK,High,44
CUST004331,SME,India,Medium,79
CUST004332,Retail,Singapore,High,63
CUST004333,Corporate,UAE,Medium,27
CUST004334,SME,USA,High,18
CUST004335,Private Banking,India,Very High,33
CUST004336,Corporate,Singapore,High,42
CUST004337,Private Banking,India,High,71
CUST004338,Corporate,UAE,Low,64
CUST004339,Retail,UAE,Low,68
CUST004340,SME,USA,Low,21
CUST004341,Private Banking,USA,High,24
CUST004342,Private Banking,Singapore,High,26
CUST004343,Retail,UK,Low,65
CUST004344,SME,India,Medium,28
CUST004345,Corporate,India,Very High,39
CUST004346,Private Banking,India,Very High,50
CUST004347,Retail,USA,High,45
CUST004348,Corporate,India,High,35
CUST004349,Retail,Singapore,Medium,61
CUST004350,SME,UAE,Very High,41
CUST004351,Retail,Singapore,High,80
CUST004352,Retail,UK,Very High,62
CUST004353,Corporate,USA,Low,46
CUST004354,Retail,UK,Very High,53
CUST004355,SME,USA,Low,63
CUST004356,Corporate,Singapore,High,55
CUST004357,SME,Singapore,Low,70
CUST004358,Retail,India,High,28
CUST004359,Corporate,USA,Low,36
CUST004360,Retail,UK,Low,66
CUST004361,Retail,Singapore,High,62
CUST004362,Private Banking,USA,Medium,55
CUST004363,Retail,UK,Medium,44
CUST004364,Corporate,Singapore,Low,75
CUST004365,Retail,Singapore,Low,24
CUST004366,Private Banking,UK,Low,27
CUST004367,Retail,USA,High,62
CUST004368,Corporate,UAE,Very High,43
CUST004369,Corporate,USA,High,52
CUST004370,Retail,USA,Medium,47
CUST004371,SME,USA,Low,33
CUST004372,Private Banking,UAE,High,78
CUST004373,Retail,UAE,High,79
CUST004374,Corporate,USA,Low,76
CUST004375,Corporate,Singapore,Medium,64
CUST004376,Retail,USA,Low,75
CUST004377,Retail,India,Medium,21
CUST004378,Corporate,Singapore,Medium,24
CUST004379,Corporate,UAE,Medium,74
CUST004380,SME,UK,Medium,52
CUST004381,Corporate,India,Medium,27
CUST004382,Corporate,UAE,Medium,78
CUST004383,Private Banking,UAE,Low,58
CUST004384,SME,Singapore,Low,26
CUST004385,Corporate,Singapore,High,28
CUST004386,SME,USA,Very High,46
CUST004387,Retail,UAE,Very High,42
CUST004388,Retail,UK,Medium,57
CUST004389,SME,USA,Very High,58
CUST004390,Private Banking,UAE,Very High,37
CUST004391,Retail,USA,Very High,49
CUST004392,SME,India,Low,46
CUST004393,Corporate,Singapore,High,71
CUST004394,Retail,India,Medium,71
CUST004395,SME,India,High,72
CUST004396,Retail,India,Very High,79
CUST004397,SME,UK,Very High,69
CUST004398,SME,UK,High,29
CUST004399,Private Banking,UK,High,74
CUST004400,Retail,UAE,Medium,55
CUST004401,SME,UAE,Very High,66
CUST004402,SME,USA,High,62
CUST004403,SME,Singapore,Low,69
CUST004404,SME,USA,Medium,76
CUST004405,Private Banking,Singapore,Medium,67
CUST004406,Private Banking,USA,Very High,51
CUST004407,Retail,UAE,Low,35
CUST004408,SME,Singapore,High,75
CUST004409,Private Banking,Singapore,Low,51
CUST004410,Corporate,USA,Medium,22
CUST004411,Retail,UAE,Medium,61
CUST004412,Retail,Singapore,High,33
CUST004413,Corporate,UAE,Low,40
CUST004414,Retail,UAE,Low,49
CUST004415,Private Banking,UK,Low,64
CUST004416,Corporate,USA,High,60
CUST004417,Private Banking,Singapore,High,47
CUST004418,Private Banking,USA,Very High,63
CUST004419,Private Banking,Singapore,Low,33
CUST004420,Retail,UK,High,22
CUST004421,Corporate,USA,High,65
CUST004422,Corporate,UK,Medium,28
CUST004423,Corporate,USA,High,39
CUST004424,Retail,Singapore,Medium,63
CUST004425,Retail,UK,Low,40
CUST004426,Corporate,India,Very High,31
CUST004427,Corporate,India,Low,19
CUST004428,Private Banking,UAE,High,39
CUST004429,Retail,Singapore,Very High,32
CUST004430,Private Banking,UK,Low,78
CUST004431,Corporate,India,High,22
CUST004432,Private Banking,Singapore,Very High,74
CUST004433,SME,Singapore,Medium,34
CUST004434,SME,UAE,Very High,71
CUST004435,Private Banking,India,Medium,74
CUST004436,SME,Singapore,Low,26
CUST004437,Retail,UAE,Low,74
CUST004438,SME,UK,High,61
CUST004439,Private Banking,UK,Medium,79
CUST004440,Retail,India,Medium,46
CUST004441,Corporate,USA,Very High,33
CUST004442,Private Banking,Singapore,Low,23
CUST004443,Corporate,USA,Medium,33
CUST004444,Retail,India,Very High,28
CUST004445,SME,India,Very High,64
CUST004446,Corporate,USA,High,61
CUST004447,Retail,India,Medium,70
CUST004448,Retail,USA,Low,33
CUST004449,Private Banking,UK,High,63
CUST004450,Retail,India,Low,26
CUST004451,Retail,USA,Medium,37
CUST004452,Retail,UK,Low,52
CUST004453,Retail,UAE,Low,26
CUST004454,Corporate,UAE,Low,45
CUST004455,Private Banking,USA,Very High,59
CUST004456,SME,Singapore,Low,36
CUST004457,Private Banking,India,Medium,60
CUST004458,SME,India,High,30
CUST004459,Corporate,UAE,High,31
CUST004460,SME,UK,High,26
CUST004461,Retail,India,Very High,41
CUST004462,Retail,India,Low,36
CUST004463,Private Banking,India,Low,18
CUST004464,Corporate,India,Medium,25
CUST004465,SME,UK,High,39
CUST004466,Private Banking,USA,High,26
CUST004467,Retail,UAE,Medium,61
CUST004468,SME,Singapore,High,45
CUST004469,Private Banking,Singapore,Low,49
CUST004470,Private Banking,India,Very High,63
CUST004471,Private Banking,UAE,Very High,48
CUST004472,Private Banking,UK,Low,31
CUST004473,Private Banking,UAE,Low,26
CUST004474,SME,USA,Low,52
CUST004475,SME,USA,Very High,59
CUST004476,SME,India,High,50
CUST004477,Private Banking,Singapore,Low,35
CUST004478,Corporate,India,High,38
CUST004479,Corporate,USA,Very High,77
CUST004480,Retail,UAE,Medium,35
CUST004481,Retail,USA,Low,49
CUST004482,Private Banking,UK,Low,33
CUST004483,Retail,UK,Very High,69
CUST004484,Corporate,USA,High,57
CUST004485,SME,USA,Low,67
CUST004486,Corporate,Singapore,Very High,64
CUST004487,SME,India,High,75
CUST004488,Corporate,UK,Medium,67
CUST004489,SME,USA,Medium,46
CUST004490,Retail,USA,High,34
CUST004491,Retail,UAE,Medium,51
CUST004492,Corporate,UAE,Very High,18
CUST004493,SME,India,Very High,79
CUST004494,Retail,UK,Medium,47
CUST004495,Corporate,Singapore,Low,61
CUST004496,Corporate,UK,High,64
CUST004497,Corporate,Singapore,High,35
CUST004498,Corporate,India,Very High,66
CUST004499,Private Banking,UAE,Very High,62
CUST004500,SME,Singapore,Low,66
CUST004501,Retail,India,Very High,67
CUST004502,SME,India,High,19
CUST004503,Corporate,UAE,Low,25
CUST004504,SME,UK,Very High,24
CUST004505,Private Banking,UK,Very High,52
CUST004506,Retail,UK,Low,78
CUST004507,Retail,UK,Very High,44
CUST004508,Private Banking,India,Very High,34
CUST004509,Corporate,Singapore,Very High,26
CUST004510,Corporate,UK,Very High,21
CUST004511,Corporate,USA,Very High,48
CUST004512,Retail,India,Low,80
CUST004513,Retail,USA,Very High,47
CUST004514,Retail,Singapore,Medium,28
CUST004515,Corporate,UAE,Low,62
CUST004516,Corporate,UK,Medium,68
CUST004517,Retail,UAE,Medium,26
CUST004518,Corporate,UAE,Very High,67
CUST004519,Private Banking,UK,Low,66
CUST004520,SME,India,High,69
CUST004521,SME,USA,Low,69
CUST004522,Private Banking,UAE,Medium,34
CUST004523,Private Banking,USA,Medium,36
CUST004524,Private Banking,India,High,72
CUST004525,Retail,India,Medium,21
CUST004526,Retail,USA,Very High,67
CUST004527,Corporate,Singapore,Medium,33
CUST004528,Retail,UK,High,62
CUST004529,Private Banking,UK,Low,50
CUST004530,Retail,Singapore,Very High,41
CUST004531,Retail,UAE,Low,19
CUST004532,SME,UK,Medium,75
CUST004533,Private Banking,UK,Medium,64
CUST004534,SME,UK,Very High,69
CUST004535,Private Banking,UK,Low,80
CUST004536,Corporate,Singapore,Very High,26
CUST004537,Corporate,India,Medium,31
CUST004538,Retail,India,High,34
CUST004539,Retail,India,Low,55
CUST004540,Retail,Singapore,Low,42
CUST004541,Retail,UAE,Low,33
CUST004542,Private Banking,USA,Medium,21
CUST004543,Retail,UK,Medium,29
CUST004544,Retail,UK,High,28
CUST004545,Private Banking,UAE,Medium,65
CUST004546,Corporate,Singapore,High,60
CUST004547,SME,UK,Very High,25
CUST004548,Retail,UAE,Low,79
CUST004549,Corporate,USA,High,35
CUST004550,SME,UAE,Low,52
CUST004551,Corporate,UK,High,31
CUST004552,Private Banking,UK,Medium,43
CUST004553,SME,USA,High,21
CUST004554,Retail,UK,High,79
CUST004555,Retail,Singapore,Medium,26
CUST004556,SME,UK,High,55
CUST004557,SME,UK,Low,62
CUST004558,SME,UK,Medium,50
CUST004559,Retail,UK,Low,77
CUST004560,Private Banking,UK,Low,73
CUST004561,Private Banking,USA,Low,55
CUST004562,Private Banking,Singapore,High,34
CUST004563,Corporate,Singapore,High,29
CUST004564,Corporate,UAE,Very High,49
CUST004565,Private Banking,UK,High,67
CUST004566,Corporate,USA,Very High,34
CUST004567,SME,India,High,45
CUST004568,Corporate,India,Low,45
CUST004569,Retail,UAE,Medium,42
CUST004570,Corporate,USA,Very High,26
CUST004571,Private Banking,UK,High,69
CUST004572,SME,UAE,Very High,55
CUST004573,SME,USA,High,75
CUST004574,Corporate,UAE,Low,55
CUST004575,Retail,Singapore,Low,19
CUST004576,Corporate,India,Very High,28
CUST004577,Corporate,UK,High,64
CUST004578,SME,USA,Very High,20
CUST004579,Retail,UAE,Low,54
CUST004580,SME,Singapore,High,47
CUST004581,Retail,UAE,Medium,43
CUST004582,SME,UK,Low,63
CUST004583,Private Banking,UK,Medium,25
CUST004584,Private Banking,India,Medium,26
CUST004585,Corporate,India,Medium,65
CUST004586,Corporate,Singapore,High,78
CUST004587,Corporate,Singapore,Very High,53
CUST004588,Corporate,Singapore,Medium,45
CUST004589,Retail,UAE,High,54
CUST004590,Private Banking,UK,High,77
CUST004591,Corporate,USA,High,63
CUST004592,Corporate,UAE,Low,29
CUST004593,Private Banking,Singapore,Low,49
CUST004594,Corporate,Singapore,Very High,64
CUST004595,Retail,USA,Medium,26
CUST004596,SME,UK,Low,28
CUST004597,SME,USA,Medium,43
CUST004598,SME,UAE,Very High,24
CUST004599,Private Banking,UAE,High,63
CUST004600,Retail,UK,Low,35
CUST004601,Private Banking,UK,High,24
CUST004602,Retail,Singapore,Very High,32
CUST004603,Retail,India,Low,40
CUST004604,Retail,Singapore,Medium,52
CUST004605,SME,India,Very High,67
CUST004606,Corporate,UK,High,28
CUST004607,SME,UAE,Very High,49
CUST004608,Private Banking,UK,Medium,31
CUST004609,SME,UK,High,31
CUST004610,SME,UAE,Medium,64
CUST004611,SME,UAE,Medium,56
CUST004612,Private Banking,USA,Medium,23
CUST004613,Corporate,India,Low,18
CUST004614,SME,UAE,Low,49
CUST004615,Private Banking,Singapore,Low,34
CUST004616,SME,UK,Very High,79
CUST004617,Private Banking,UK,Medium,73
CUST004618,Private Banking,India,High,75
CUST004619,Corporate,UAE,Medium,25
CUST004620,Retail,UK,Medium,18
CUST004621,SME,India,Very High,32
CUST004622,Retail,USA,High,21
CUST004623,Private Banking,USA,Medium,71
CUST004624,SME,UAE,Very High,72
CUST004625,SME,India,Medium,57
CUST004626,Private Banking,Singapore,High,78
CUST004627,Retail,UK,High,21
CUST004628,SME,UAE,High,56
CUST004629,Retail,USA,Medium,44
CUST004630,Retail,India,Low,48
CUST004631,SME,Singapore,Low,53
CUST004632,Private Banking,India,Medium,78
CUST004633,Retail,USA,High,40
CUST004634,SME,Singapore,High,54
CUST004635,Private Banking,India,Medium,33
CUST004636,SME,India,High,69
CUST004637,Private Banking,UK,Low,47
CUST004638,Corporate,UAE,Low,30
CUST004639,SME,Singapore,Low,70
CUST004640,Retail,UAE,Low,74
CUST004641,Corporate,India,Very High,39
CUST004642,Retail,Singapore,High,25
CUST004643,SME,India,Low,46
CUST004644,Private Banking,UAE,High,51
CUST004645,Private Banking,UK,High,61
CUST004646,Corporate,India,High,54
CUST004647,Retail,UK,High,20
CUST004648,Corporate,USA,Very High,29
CUST004649,SME,UAE,Very High,57
CUST004650,Corporate,UAE,Medium,46
CUST004651,SME,USA,Very High,79
CUST004652,Corporate,India,Low,36
CUST004653,SME,India,High,68
CUST004654,SME,USA,High,66
CUST004655,Corporate,India,High,76
CUST004656,Private Banking,Singapore,Low,49
CUST004657,Private Banking,UK,Medium,77
CUST004658,Corporate,USA,Medium,72
CUST004659,Corporate,India,Very High,68
CUST004660,Private Banking,UAE,High,79
CUST004661,Retail,UAE,Very High,54
CUST004662,Corporate,USA,High,46
CUST004663,Corporate,USA,Low,79
CUST004664,Retail,India,Very High,59
CUST004665,Private Banking,UAE,Medium,80
CUST004666,Private Banking,UK,Low,50
CUST004667,Private Banking,USA,Medium,59
CUST004668,Private Banking,USA,High,31
CUST004669,Private Banking,UAE,Low,22
CUST004670,SME,UK,Medium,74
CUST004671,Retail,UAE,High,40
CUST004672,SME,UK,Medium,77
CUST004673,Private Banking,USA,Low,35
CUST004674,Private Banking,India,High,20
CUST004675,Private Banking,USA,Medium,42
CUST004676,Corporate,India,Very High,41
CUST004677,Private Banking,USA,Medium,45
CUST004678,SME,India,Medium,60
CUST004679,SME,UAE,Medium,79
CUST004680,Corporate,UAE,Low,27
CUST004681,Corporate,UAE,Very High,29
CUST004682,Retail,Singapore,Medium,18
CUST004683,Retail,USA,High,47
CUST004684,Corporate,USA,Low,41
CUST004685,SME,Singapore,High,29
CUST004686,Corporate,UAE,Very High,19
CUST004687,Retail,USA,Low,74
CUST004688,Corporate,UAE,Medium,44
CUST004689,Retail,Singapore,Low,30
CUST004690,Corporate,India,Medium,70
CUST004691,Private Banking,UK,Medium,26
CUST004692,Corporate,UAE,High,57
CUST004693,Private Banking,UAE,Low,65
CUST004694,Private Banking,India,Very High,20
CUST004695,Retail,UAE,High,78
CUST004696,Private Banking,India,High,68
CUST004697,SME,Singapore,Very High,20
CUST004698,Retail,UK,Low,64
CUST004699,Private Banking,UK,High,30
CUST004700,Private Banking,USA,Very High,23
CUST004701,Private Banking,Singapore,Very High,45
CUST004702,SME,India,High,75
CUST004703,Private Banking,UAE,High,71
CUST004704,Retail,UK,High,80
CUST004705,Corporate,USA,Very High,45
CUST004706,Retail,USA,Medium,36
CUST004707,Private Banking,UK,Low,35
CUST004708,SME,UAE,High,74
CUST004709,SME,India,High,24
CUST004710,Private Banking,Singapore,Very High,31
CUST004711,Corporate,USA,Medium,23
CUST004712,SME,Singapore,Medium,63
CUST004713,SME,USA,Medium,25
CUST004714,Corporate,USA,Low,18
CUST004715,Private Banking,India,Medium,73
CUST004716,SME,India,High,63
CUST004717,Corporate,USA,High,77
CUST004718,Corporate,UAE,Very High,77
CUST004719,Private Banking,India,High,71
CUST004720,Corporate,India,Very High,59
CUST004721,Private Banking,UAE,Low,36
CUST004722,Corporate,UAE,Medium,54
CUST004723,Retail,India,Very High,61
CUST004724,Corporate,UK,Very High,59
CUST004725,Private Banking,UAE,Very High,66
CUST004726,Private Banking,UK,Very High,64
CUST004727,Private Banking,UAE,Very High,73
CUST004728,Corporate,UAE,Very High,20
CUST004729,Corporate,Singapore,Low,50
CUST004730,Corporate,Singapore,Very High,37
CUST004731,Corporate,UK,Medium,22
CUST004732,Private Banking,UK,Low,36
CUST004733,Private Banking,USA,Medium,55
CUST004734,Private Banking,Singapore,Very High,41
CUST004735,Corporate,UK,Medium,28
CUST004736,Retail,UAE,Low,61
CUST004737,Corporate,India,Very High,74
CUST004738,SME,USA,Very High,68
CUST004739,SME,USA,Very High,68
CUST004740,Corporate,India,Low,42
CUST004741,Private Banking,Singapore,High,44
CUST004742,Private Banking,Singapore,Low,33
CUST004743,SME,India,High,33
CUST004744,Retail,Singapore,Low,52
CUST004745,SME,USA,Medium,33
CUST004746,Retail,India,Low,76
CUST004747,Retail,USA,High,60
CUST004748,Retail,UAE,High,34
CUST004749,Corporate,UK,Very High,38
CUST004750,Corporate,Singapore,High,40
CUST004751,SME,USA,Very High,24
CUST004752,Corporate,India,High,30
CUST004753,Private Banking,USA,Very High,77
CUST004754,Corporate,UK,Very High,63
CUST004755,SME,UK,Low,77
CUST004756,Private Banking,USA,Medium,59
CUST004757,Private Banking,India,Medium,39
CUST004758,Corporate,UAE,Very High,76
CUST004759,Private Banking,Singapore,Medium,69
CUST004760,Corporate,USA,Very High,60
CUST004761,Corporate,India,Very High,59
CUST004762,SME,UK,Very High,75
CUST004763,Retail,India,Low,67
CUST004764,Private Banking,Singapore,High,73
CUST004765,Private Banking,USA,High,58
CUST004766,Private Banking,UAE,Medium,55
CUST004767,SME,UAE,High,26
CUST004768,Private Banking,USA,High,71
CUST004769,Retail,UAE,Very High,30
CUST004770,Private Banking,UAE,Low,23
CUST004771,Retail,Singapore,Very High,70
CUST004772,Retail,USA,Low,61
CUST004773,Corporate,Singapore,Low,30
CUST004774,Private Banking,Singapore,Low,76
CUST004775,SME,India,High,58
CUST004776,Retail,USA,Low,58
CUST004777,Corporate,UK,Very High,28
CUST004778,Corporate,UK,Very High,62
CUST004779,SME,Singapore,Low,24
CUST004780,Private Banking,UK,Very High,44
CUST004781,SME,Singapore,Medium,61
CUST004782,Corporate,India,Medium,36
CUST004783,SME,Singapore,Very High,26
CUST004784,Corporate,Singapore,Low,79
CUST004785,Corporate,India,Medium,21
CUST004786,Private Banking,UK,High,78
CUST004787,Corporate,India,High,75
CUST004788,SME,India,Medium,74
CUST004789,Corporate,USA,High,30
CUST004790,Corporate,India,Very High,35
CUST004791,Corporate,India,Medium,65
CUST004792,SME,Singapore,Low,72
CUST004793,Private Banking,India,Medium,34
CUST004794,Corporate,India,High,77
CUST004795,SME,India,Low,76
CUST004796,Retail,UAE,Very High,24
CUST004797,SME,Singapore,High,62
CUST004798,SME,Singapore,Very High,48
CUST004799,SME,UAE,Very High,40
CUST004800,Corporate,UK,Very High,43
CUST004801,Retail,UAE,Medium,46
CUST004802,Corporate,UAE,Medium,39
CUST004803,Corporate,UK,Low,36
CUST004804,Private Banking,India,Medium,76
CUST004805,Private Banking,UAE,Very High,24
CUST004806,Corporate,Singapore,Medium,69
CUST004807,SME,USA,High,29
CUST004808,Private Banking,India,Medium,79
CUST004809,Retail,UK,Low,77
CUST004810,Retail,Singapore,High,71
CUST004811,SME,Singapore,Low,45
CUST004812,SME,UAE,High,50
CUST004813,SME,UK,Very High,48
CUST004814,SME,Singapore,Low,71
CUST004815,SME,USA,Low,32
CUST004816,Private Banking,India,Low,27
CUST004817,Private Banking,UK,Medium,54
CUST004818,Corporate,UK,Very High,60
CUST004819,Retail,UK,Medium,23
CUST004820,Retail,UAE,Medium,80
CUST004821,SME,India,Very High,72
CUST004822,Corporate,USA,Low,20
CUST004823,Retail,UK,High,30
CUST004824,Private Banking,UK,Medium,43
CUST004825,Corporate,UK,High,31
CUST004826,SME,USA,Very High,55
CUST004827,Retail,UK,Medium,28
CUST004828,Retail,India,Very High,58
CUST004829,SME,Singapore,Very High,43
CUST004830,SME,UK,Medium,47
CUST004831,Retail,USA,Very High,76
CUST004832,Corporate,UAE,Low,21
CUST004833,SME,Singapore,High,31
CUST004834,Retail,India,Low,55
CUST004835,Retail,India,Very High,31
CUST004836,SME,UK,Very High,59
CUST004837,Private Banking,UAE,High,36
CUST004838,Private Banking,UK,Very High,25
CUST004839,Private Banking,Singapore,High,79
CUST004840,Private Banking,India,Medium,36
CUST004841,Corporate,UAE,Medium,32
CUST004842,SME,UK,Very High,40
CUST004843,Private Banking,USA,High,78
CUST004844,Retail,UK,High,65
CUST004845,Private Banking,Singapore,High,25
CUST004846,Private Banking,UK,Very High,31
CUST004847,Corporate,India,High,24
CUST004848,Private Banking,UAE,Very High,40
CUST004849,Corporate,USA,Very High,38
CUST004850,Private Banking,India,Low,68
CUST004851,SME,Singapore,Very High,65
CUST004852,Corporate,Singapore,Medium,54
CUST004853,Private Banking,UK,High,58
CUST004854,SME,India,Low,54
CUST004855,SME,Singapore,Medium,38
CUST004856,Retail,UK,High,40
CUST004857,Private Banking,USA,High,71
CUST004858,SME,UAE,Medium,32
CUST004859,Private Banking,UAE,Very High,20
CUST004860,Corporate,India,High,27
CUST004861,Private Banking,UK,Medium,21
CUST004862,SME,USA,Very High,20
CUST004863,Retail,Singapore,Very High,27
CUST004864,SME,USA,Medium,25
CUST004865,Retail,USA,Medium,41
CUST004866,SME,UK,Medium,56
CUST004867,SME,Singapore,High,20
CUST004868,Retail,UK,Very High,75
CUST004869,SME,USA,High,19
CUST004870,Private Banking,UAE,High,30
CUST004871,Retail,USA,Very High,52
CUST004872,SME,UK,Very High,43
CUST004873,Private Banking,USA,Low,21
CUST004874,Private Banking,USA,Medium,37
CUST004875,Corporate,UAE,Very High,80
CUST004876,Private Banking,UAE,High,62
CUST004877,SME,UAE,Low,61
CUST004878,Corporate,Singapore,Very High,50
CUST004879,SME,UK,Low,51
CUST004880,Corporate,UK,Medium,39
CUST004881,Private Banking,Singapore,Very High,68
CUST004882,SME,UAE,Very High,54
CUST004883,SME,Singapore,Medium,38
CUST004884,Private Banking,Singapore,Very High,33
CUST004885,Corporate,UAE,Medium,48
CUST004886,Retail,UK,Very High,29
CUST004887,SME,Singapore,High,58
CUST004888,Corporate,UAE,Very High,43
CUST004889,Retail,India,High,24
CUST004890,Corporate,USA,Very High,23
CUST004891,Retail,UAE,Very High,28
CUST004892,Private Banking,USA,Very High,78
CUST004893,SME,UK,High,56
CUST004894,Corporate,India,Medium,61
CUST004895,Corporate,India,Very High,57
CUST004896,Corporate,UAE,Low,32
CUST004897,Corporate,UK,Low,72
CUST004898,SME,Singapore,Low,52
CUST004899,SME,USA,Low,25
CUST004900,Private Banking,USA,Medium,35
CUST004901,Private Banking,UAE,Low,69
CUST004902,SME,Singapore,Very High,79
CUST004903,Private Banking,USA,Medium,58
CUST004904,Retail,India,Medium,28
CUST004905,Retail,India,Very High,31
CUST004906,Retail,USA,High,29
CUST004907,Retail,India,Medium,33
CUST004908,Retail,UK,Medium,31
CUST004909,Retail,Singapore,Medium,70
CUST004910,Private Banking,Singapore,Low,36
CUST004911,Retail,USA,Medium,23
CUST004912,SME,UAE,Low,29
CUST004913,SME,India,Very High,48
CUST004914,SME,India,Low,29
CUST004915,Corporate,USA,Low,75
CUST004916,SME,India,Very High,49
CUST004917,Corporate,UAE,Low,18
CUST004918,Retail,India,Low,78
CUST004919,Private Banking,UAE,High,71
CUST004920,SME,Singapore,High,72
CUST004921,Corporate,USA,Medium,34
CUST004922,SME,USA,Very High,25
CUST004923,Corporate,India,High,36
CUST004924,Private Banking,UK,Very High,57
CUST004925,Retail,India,Very High,80
CUST004926,Retail,USA,Very High,18
CUST004927,SME,UAE,Medium,52
CUST004928,SME,India,High,21
CUST004929,Retail,USA,Medium,60
CUST004930,Retail,USA,Medium,36
CUST004931,Retail,Singapore,Medium,28
CUST004932,Retail,UAE,Low,19
CUST004933,Corporate,USA,Medium,29
CUST004934,Corporate,India,Medium,26
CUST004935,Corporate,Singapore,Very High,42
CUST004936,SME,UK,Medium,59
CUST004937,Retail,Singapore,Low,32
CUST004938,Retail,India,Very High,47
CUST004939,Corporate,UK,Medium,51
CUST004940,SME,Singapore,Very High,49
CUST004941,Retail,India,Low,43
CUST004942,Private Banking,USA,Low,25
CUST004943,Private Banking,UAE,Very High,65
CUST004944,SME,USA,Low,29
CUST004945,Corporate,India,High,30
CUST004946,Private Banking,UK,Medium,45
CUST004947,Private Banking,Singapore,Low,28
CUST004948,SME,India,High,23
CUST004949,Private Banking,UK,Medium,59
CUST004950,Retail,UK,Low,41
CUST004951,SME,India,High,67
CUST004952,Retail,India,High,19
CUST004953,Private Banking,UK,High,18
CUST004954,Corporate,USA,High,28
CUST004955,Corporate,UAE,Very High,46
CUST004956,Retail,Singapore,Very High,50
CUST004957,Corporate,UAE,Very High,57
CUST004958,Private Banking,India,Low,53
CUST004959,SME,India,Very High,43
CUST004960,Corporate,UK,Low,39
CUST004961,SME,UK,High,63
CUST004962,Retail,India,Very High,75
CUST004963,SME,UAE,Medium,47
CUST004964,Private Banking,Singapore,Medium,53
CUST004965,SME,USA,Low,25
CUST004966,SME,Singapore,Low,41
CUST004967,Retail,India,Medium,22
CUST004968,SME,UK,Low,45
CUST004969,SME,UAE,Low,22
CUST004970,Retail,UK,Low,29
CUST004971,Corporate,India,Very High,38
CUST004972,Retail,India,Very High,58
CUST004973,Corporate,UAE,Low,64
CUST004974,Retail,UAE,Low,60
CUST004975,Private Banking,UK,High,78
CUST004976,Private Banking,USA,Very High,76
CUST004977,Private Banking,Singapore,Low,28
CUST004978,Corporate,India,Very High,65
CUST004979,Retail,UK,High,52
CUST004980,Retail,Singapore,Low,54
CUST004981,Retail,India,Low,66
CUST004982,Corporate,UK,Very High,49
CUST004983,Private Banking,UAE,Very High,44
CUST004984,Retail,USA,High,26
CUST004985,Corporate,USA,Very High,65
CUST004986,Retail,India,Very High,20
CUST004987,SME,India,Very High,45
CUST004988,Corporate,UK,Low,77
CUST004989,Private Banking,UAE,Low,26
CUST004990,SME,Singapore,Low,34
CUST004991,Corporate,Singapore,High,46
CUST004992,SME,UAE,Very High,60
CUST004993,SME,UK,Medium,64
CUST004994,SME,India,High,58
CUST004995,SME,USA,High,51
CUST004996,Private Banking,Singapore,High,63
CUST004997,Private Banking,Singapore,Very High,79
CUST004998,SME,USA,Medium,31
CUST004999,Corporate,UAE,Low,28
CUST005000,Corporate,India,Medium,54
CUST005001,Private Banking,UAE,Medium,63
CUST005002,Corporate,UAE,High,52
CUST005003,Corporate,UK,Medium,61
CUST005004,Private Banking,Singapore,Medium,38
CUST005005,Private Banking,UK,Medium,63
CUST005006,SME,USA,Low,53
CUST005007,Private Banking,UAE,Very High,28
CUST005008,SME,UAE,Medium,39
CUST005009,SME,Singapore,High,75
CUST005010,Retail,UAE,Medium,21
CUST005011,Retail,UAE,Very High,30
CUST005012,SME,UK,Low,25
CUST005013,Corporate,Singapore,Low,41
CUST005014,Private Banking,Singapore,High,74
CUST005015,Corporate,Singapore,Very High,31
CUST005016,Private Banking,Singapore,Very High,29
CUST005017,SME,Singapore,High,47
CUST005018,Retail,UK,High,35
CUST005019,Corporate,UK,Low,65
CUST005020,Corporate,Singapore,High,73
CUST005021,Corporate,Singapore,Low,22
CUST005022,Retail,UAE,High,34
CUST005023,Corporate,UK,High,48
CUST005024,Corporate,Singapore,Low,58
CUST005025,Corporate,Singapore,High,42
CUST005026,SME,USA,Low,75
CUST005027,Corporate,India,Medium,57
CUST005028,Retail,India,Very High,35
CUST005029,Private Banking,USA,Medium,75
CUST005030,Corporate,UAE,High,29
CUST005031,Private Banking,Singapore,High,46
CUST005032,SME,UK,Medium,59
CUST005033,Private Banking,UK,Low,41
CUST005034,SME,India,Low,47
CUST005035,Corporate,India,High,41
CUST005036,Retail,USA,Medium,72
CUST005037,Corporate,UAE,Medium,76
CUST005038,SME,India,High,79
CUST005039,Private Banking,USA,Medium,34
CUST005040,Corporate,Singapore,Low,19
CUST005041,Retail,Singapore,High,43
CUST005042,Corporate,Singapore,Very High,52
CUST005043,Private Banking,Singapore,High,31
CUST005044,Retail,India,High,58
CUST005045,Private Banking,India,Very High,44
CUST005046,Private Banking,India,Low,42
CUST005047,Private Banking,Singapore,Very High,76
CUST005048,Corporate,USA,Low,74
CUST005049,SME,India,Very High,56
CUST005050,Retail,UAE,High,18
CUST005051,Private Banking,India,High,46
CUST005052,Retail,UK,Low,24
CUST005053,Retail,Singapore,High,18
CUST005054,SME,Singapore,Low,44
CUST005055,Retail,India,High,66
CUST005056,Retail,Singapore,Very High,28
CUST005057,Private Banking,USA,Medium,58
CUST005058,SME,India,Medium,21
CUST005059,Private Banking,India,High,65
CUST005060,Corporate,Singapore,High,20
CUST005061,Private Banking,USA,Very High,66
CUST005062,Private Banking,USA,Very High,50
CUST005063,Corporate,Singapore,Low,77
CUST005064,Retail,India,High,23
CUST005065,Corporate,UK,Medium,34
CUST005066,Private Banking,India,Very High,32
CUST005067,Private Banking,Singapore,Medium,63
CUST005068,Private Banking,India,High,55
CUST005069,Corporate,Singapore,High,65
CUST005070,Corporate,UAE,High,60
CUST005071,Private Banking,UAE,Medium,75
CUST005072,Private Banking,USA,Medium,55
CUST005073,SME,India,High,38
CUST005074,Private Banking,UAE,Very High,60
CUST005075,SME,UAE,Very High,45
CUST005076,Retail,UAE,High,64
CUST005077,Retail,India,High,55
CUST005078,SME,USA,High,64
CUST005079,Retail,UK,Low,67
CUST005080,Corporate,Singapore,Low,80
CUST005081,SME,UK,Very High,65
CUST005082,Retail,Singapore,High,67
CUST005083,Private Banking,USA,Very High,45
CUST005084,Retail,USA,Very High,31
CUST005085,Corporate,UK,Very High,76
CUST005086,Private Banking,India,Very High,38
CUST005087,Retail,Singapore,Low,21
CUST005088,Retail,USA,High,26
CUST005089,Private Banking,Singapore,Medium,42
CUST005090,Corporate,UK,Low,51
CUST005091,Retail,Singapore,High,40
CUST005092,Corporate,India,High,80
CUST005093,SME,UK,Very High,41
CUST005094,SME,UK,Medium,69
CUST005095,Corporate,Singapore,Very High,67
CUST005096,Private Banking,USA,High,20
CUST005097,Private Banking,UAE,High,67
CUST005098,Corporate,UAE,Medium,49
CUST005099,Corporate,USA,High,64
CUST005100,SME,UK,Low,28
CUST005101,SME,UK,High,44
CUST005102,Private Banking,USA,Low,23
CUST005103,Private Banking,UK,Medium,72
CUST005104,SME,UAE,Medium,57
CUST005105,Corporate,USA,Very High,38
CUST005106,SME,Singapore,Very High,49
CUST005107,Corporate,USA,Low,27
CUST005108,Retail,Singapore,High,35
CUST005109,Retail,UAE,Low,21
CUST005110,Corporate,India,High,54
CUST005111,Retail,Singapore,High,27
CUST005112,Private Banking,USA,High,48
CUST005113,Corporate,Singapore,High,22
CUST005114,SME,USA,Very High,42
CUST005115,SME,UK,Medium,57
CUST005116,Corporate,UAE,Low,37
CUST005117,SME,UAE,Medium,19
CUST005118,Corporate,India,High,27
CUST005119,Retail,UAE,Medium,31
CUST005120,Corporate,UAE,Low,22
CUST005121,Private Banking,USA,Very High,30
CUST005122,Private Banking,Singapore,Medium,59
CUST005123,Private Banking,UK,Medium,60
CUST005124,SME,USA,Low,36
CUST005125,Retail,USA,Low,48
CUST005126,Retail,UAE,Low,33
CUST005127,SME,Singapore,Low,50
CUST005128,Corporate,UK,High,23
CUST005129,Corporate,Singapore,Very High,59
CUST005130,Private Banking,India,Medium,61
CUST005131,Retail,USA,Medium,23
CUST005132,SME,UAE,Low,64
CUST005133,SME,India,Low,55
CUST005134,SME,UAE,Very High,64
CUST005135,Private Banking,UAE,Very High,68
CUST005136,Private Banking,UAE,Medium,72
CUST005137,Private Banking,UK,Very High,42
CUST005138,Corporate,UK,High,37
CUST005139,Corporate,USA,Low,31
CUST005140,Corporate,USA,Low,57
CUST005141,Corporate,UK,Medium,40
CUST005142,Retail,India,Low,26
CUST005143,Private Banking,USA,Medium,54
CUST005144,Corporate,UK,Medium,33
CUST005145,Retail,USA,Medium,30
CUST005146,SME,Singapore,Low,31
CUST005147,Corporate,India,High,80
CUST005148,Corporate,UK,Low,47
CUST005149,Retail,Singapore,Very High,34
CUST005150,Retail,UAE,Medium,69
CUST005151,Private Banking,India,Very High,46
CUST005152,Corporate,India,High,58
CUST005153,Retail,UK,High,70
CUST005154,Private Banking,UAE,Medium,24
CUST005155,Private Banking,UK,Medium,65
CUST005156,Corporate,Singapore,Very High,62
CUST005157,Private Banking,Singapore,Low,29
CUST005158,Corporate,India,Very High,54
CUST005159,Corporate,UAE,Medium,40
CUST005160,SME,India,Medium,32
CUST005161,Corporate,USA,Medium,47
CUST005162,Private Banking,India,Medium,41
CUST005163,SME,USA,High,51
CUST005164,Retail,USA,High,71
CUST005165,Corporate,India,Very High,61
CUST005166,Corporate,USA,Low,65
CUST005167,Corporate,UK,Very High,60
CUST005168,Corporate,UK,Very High,34
CUST005169,Corporate,Singapore,Medium,70
CUST005170,Retail,India,High,22
CUST005171,Corporate,Singapore,High,73
CUST005172,SME,USA,Very High,49
CUST005173,Corporate,UK,High,49
CUST005174,Retail,India,Very High,66
CUST005175,Private Banking,USA,High,66
CUST005176,Retail,India,High,42
CUST005177,Private Banking,India,Medium,45
CUST005178,Private Banking,Singapore,High,75
CUST005179,Retail,Singapore,Low,21
CUST005180,Corporate,India,Very High,48
CUST005181,Retail,UAE,Medium,35
CUST005182,Private Banking,India,Medium,24
CUST005183,Private Banking,India,Medium,60
CUST005184,Corporate,India,Very High,55
CUST005185,SME,India,Very High,74
CUST005186,Corporate,UK,Very High,38
CUST005187,SME,UAE,High,36
CUST005188,SME,USA,Medium,73
CUST005189,SME,USA,Very High,49
CUST005190,Corporate,India,High,61
CUST005191,Retail,UAE,Very High,51
CUST005192,Retail,UK,High,65
CUST005193,Private Banking,India,High,41
CUST005194,Private Banking,UAE,Low,73
CUST005195,Private Banking,UAE,High,80
CUST005196,Retail,USA,Medium,44
CUST005197,SME,UAE,High,44
CUST005198,Retail,UK,High,38
CUST005199,Retail,UAE,Low,73
CUST005200,Retail,Singapore,Medium,55
CUST005201,Corporate,UAE,Medium,29
CUST005202,SME,UK,High,77
CUST005203,Retail,USA,Medium,41
CUST005204,Private Banking,USA,Very High,22
CUST005205,SME,India,Medium,59
CUST005206,Private Banking,USA,Very High,72
CUST005207,Corporate,USA,Very High,55
CUST005208,Private Banking,USA,High,51
CUST005209,Private Banking,USA,Very High,65
CUST005210,SME,India,Very High,77
CUST005211,SME,India,High,28
CUST005212,Private Banking,India,High,63
CUST005213,SME,UAE,Medium,29
CUST005214,Corporate,USA,Low,45
CUST005215,Corporate,Singapore,Medium,18
CUST005216,Retail,Singapore,Very High,36
CUST005217,Private Banking,USA,Low,25
CUST005218,Private Banking,UAE,Medium,80
CUST005219,Retail,USA,Low,54
CUST005220,Private Banking,Singapore,Very High,61
CUST005221,Retail,USA,High,60
CUST005222,Corporate,Singapore,Very High,18
CUST005223,Private Banking,Singapore,Medium,30
CUST005224,Retail,UAE,Medium,40
CUST005225,Private Banking,UAE,Medium,59
CUST005226,Corporate,UAE,Very High,41
CUST005227,Private Banking,USA,High,28
CUST005228,Corporate,India,Low,69
CUST005229,Corporate,India,Low,31
CUST005230,SME,UAE,Medium,19
CUST005231,SME,Singapore,High,67
CUST005232,SME,UAE,High,73
CUST005233,Private Banking,Singapore,High,26
CUST005234,SME,UK,Very High,23
CUST005235,Retail,USA,Medium,18
CUST005236,SME,USA,Low,61
CUST005237,Private Banking,USA,High,50
CUST005238,Private Banking,Singapore,Low,53
CUST005239,Corporate,Singapore,Low,63
CUST005240,Retail,India,Medium,50
CUST005241,Retail,UAE,Very High,68
CUST005242,Retail,Singapore,Very High,45
CUST005243,Private Banking,UAE,Medium,43
CUST005244,Corporate,UAE,Medium,50
CUST005245,Retail,Singapore,Medium,44
CUST005246,Corporate,USA,High,39
CUST005247,Retail,Singapore,Medium,80
CUST005248,Private Banking,USA,Low,63
CUST005249,SME,USA,High,19
CUST005250,SME,UAE,High,31
CUST005251,Corporate,Singapore,Low,60
CUST005252,SME,Singapore,High,65
CUST005253,Corporate,Singapore,Very High,78
CUST005254,Corporate,UAE,Very High,71
CUST005255,Retail,USA,High,21
CUST005256,SME,India,High,43
CUST005257,Private Banking,USA,Low,47
CUST005258,Retail,Singapore,Very High,39
CUST005259,SME,UK,High,68
CUST005260,Retail,USA,High,28
CUST005261,SME,USA,Medium,76
CUST005262,Retail,India,High,25
CUST005263,Corporate,USA,Very High,46
CUST005264,Private Banking,UAE,High,54
CUST005265,Retail,Singapore,Very High,64
CUST005266,Retail,UAE,High,46
CUST005267,Private Banking,UK,Medium,50
CUST005268,SME,Singapore,Very High,24
CUST005269,Corporate,UK,Low,74
CUST005270,SME,USA,High,53
CUST005271,Corporate,USA,High,30
CUST005272,Corporate,UK,Very High,48
CUST005273,Private Banking,UAE,Low,64
CUST005274,SME,USA,Very High,39
CUST005275,Corporate,India,Low,63
CUST005276,Retail,UK,High,64
CUST005277,Private Banking,UAE,Medium,27
CUST005278,SME,USA,High,79
CUST005279,SME,UAE,Low,77
CUST005280,Retail,USA,High,23
CUST005281,SME,UAE,Low,44
CUST005282,Private Banking,India,High,60
CUST005283,SME,UAE,Low,63
CUST005284,Private Banking,USA,Low,77
CUST005285,Private Banking,Singapore,Low,60
CUST005286,SME,India,Medium,77
CUST005287,SME,USA,Low,78
CUST005288,Retail,Singapore,Low,66
CUST005289,Private Banking,UAE,Very High,45
CUST005290,SME,UAE,Medium,78
CUST005291,Retail,Singapore,Very High,32
CUST005292,Corporate,UK,Medium,75
CUST005293,Private Banking,UK,Very High,48
CUST005294,Retail,UAE,Low,55
CUST005295,Retail,UK,Very High,60
CUST005296,Corporate,UAE,High,71
CUST005297,SME,USA,Very High,49
CUST005298,Private Banking,India,High,34
CUST005299,Private Banking,UAE,Medium,56
CUST005300,SME,India,Very High,34
CUST005301,Retail,USA,High,35
CUST005302,Private Banking,USA,Very High,65
CUST005303,SME,India,High,51
CUST005304,Private Banking,USA,Low,21
CUST005305,SME,UK,Medium,80
CUST005306,Retail,Singapore,Medium,45
CUST005307,Private Banking,Singapore,High,35
CUST005308,Private Banking,USA,Low,61
CUST005309,Retail,USA,High,51
CUST005310,Retail,UK,Low,72
CUST005311,Retail,UK,Very High,25
CUST005312,Corporate,USA,Very High,67
CUST005313,Retail,India,Low,22
CUST005314,Retail,India,Very High,31
CUST005315,Corporate,UK,Very High,46
CUST005316,SME,UK,Very High,36
CUST005317,SME,UAE,Medium,70
CUST005318,Retail,USA,High,24
CUST005319,SME,India,High,78
CUST005320,Private Banking,UAE,Low,51
CUST005321,SME,Singapore,Low,30
CUST005322,Retail,UK,High,26
CUST005323,Corporate,Singapore,High,58
CUST005324,Retail,India,Low,79
CUST005325,Retail,Singapore,High,56
CUST005326,Corporate,India,High,28
CUST005327,Corporate,India,Medium,38
CUST005328,Private Banking,USA,Low,64
CUST005329,SME,Singapore,Medium,53
CUST005330,Private Banking,UAE,Very High,42
CUST005331,Private Banking,India,Very High,71
CUST005332,SME,USA,High,75
CUST005333,Retail,Singapore,High,19
CUST005334,SME,USA,Very High,53
CUST005335,SME,USA,Very High,36
CUST005336,Corporate,Singapore,Low,51
CUST005337,Retail,USA,Medium,44
CUST005338,SME,Singapore,Medium,58
CUST005339,Private Banking,India,Medium,42
CUST005340,Private Banking,Singapore,Medium,74
CUST005341,Retail,UAE,Low,40
CUST005342,Corporate,USA,Low,53
CUST005343,Corporate,India,Medium,32
CUST005344,Retail,India,Very High,50
CUST005345,Private Banking,India,High,46
CUST005346,Private Banking,UAE,Very High,49
CUST005347,Retail,USA,Medium,63
CUST005348,SME,India,Medium,21
CUST005349,SME,USA,Very High,38
CUST005350,Private Banking,UK,Low,40
CUST005351,SME,Singapore,Low,31
CUST005352,Private Banking,India,Very High,46
CUST005353,Private Banking,USA,Very High,25
CUST005354,SME,UK,Very High,60
CUST005355,SME,UAE,High,39
CUST005356,Private Banking,India,Medium,77
CUST005357,Private Banking,UK,Very High,48
CUST005358,Corporate,UK,Low,62
CUST005359,Corporate,UK,Medium,46
CUST005360,Corporate,Singapore,High,46
CUST005361,Corporate,UK,Medium,80
CUST005362,Corporate,Singapore,Very High,59
CUST005363,Retail,India,High,78
CUST005364,Retail,India,Low,38
CUST005365,Private Banking,UAE,Medium,68
CUST005366,SME,USA,High,22
CUST005367,Corporate,UAE,Very High,36
CUST005368,Private Banking,UAE,Low,59
CUST005369,Corporate,India,Very High,66
CUST005370,Retail,USA,Medium,50
CUST005371,SME,India,Medium,34
CUST005372,Private Banking,UK,Low,29
CUST005373,Private Banking,UK,Very High,21
CUST005374,SME,UK,High,42
CUST005375,SME,Singapore,Medium,67
CUST005376,SME,Singapore,High,57
CUST005377,Corporate,Singapore,High,67
CUST005378,Corporate,UAE,Low,39
CUST005379,Retail,UK,High,64
CUST005380,Private Banking,USA,Medium,43
CUST005381,SME,USA,Low,70
CUST005382,SME,Singapore,High,61
CUST005383,SME,UAE,Low,42
CUST005384,Retail,USA,Very High,67
CUST005385,SME,USA,Very High,55
CUST005386,Private Banking,UK,Very High,44
CUST005387,SME,Singapore,Very High,19
CUST005388,SME,USA,High,59
CUST005389,Corporate,UAE,Very High,66
CUST005390,SME,UAE,Low,54
CUST005391,SME,India,Medium,29
CUST005392,Corporate,India,Medium,77
CUST005393,SME,Singapore,Low,73
CUST005394,Private Banking,Singapore,High,33
CUST005395,Corporate,India,High,35
CUST005396,Corporate,UK,High,22
CUST005397,SME,UK,Medium,23
CUST005398,Corporate,India,Low,74
CUST005399,SME,UK,Very High,32
CUST005400,Retail,Singapore,Medium,50
CUST005401,SME,UAE,Very High,30
CUST005402,Corporate,UK,Low,37
CUST005403,Private Banking,USA,Very High,41
CUST005404,Private Banking,India,Very High,71
CUST005405,Private Banking,Singapore,Low,30
CUST005406,SME,UK,Low,51
CUST005407,Private Banking,Singapore,Very High,76
CUST005408,Corporate,UAE,High,79
CUST005409,SME,UK,Very High,42
CUST005410,Retail,USA,Medium,31
CUST005411,Retail,USA,Medium,72
CUST005412,Corporate,USA,Very High,29
CUST005413,Corporate,UAE,Very High,77
CUST005414,SME,UAE,Medium,22
CUST005415,Private Banking,Singapore,Medium,19
CUST005416,Corporate,UAE,Low,24
CUST005417,Private Banking,Singapore,Very High,79
CUST005418,SME,USA,Low,33
CUST005419,SME,UAE,High,56
CUST005420,Retail,USA,High,68
CUST005421,Private Banking,UK,Low,58
CUST005422,Retail,UAE,Medium,34
CUST005423,SME,India,Medium,78
CUST005424,Retail,India,Low,42
CUST005425,Private Banking,Singapore,Very High,45
CUST005426,SME,Singapore,High,41
CUST005427,Corporate,UK,Low,36
CUST005428,Retail,USA,High,47
CUST005429,Private Banking,Singapore,Medium,75
CUST005430,Corporate,India,Low,58
CUST005431,Retail,USA,High,51
CUST005432,Private Banking,India,Low,42
CUST005433,Private Banking,India,Low,29
CUST005434,Private Banking,India,High,44
CUST005435,Retail,India,Very High,34
CUST005436,Corporate,Singapore,Low,76
CUST005437,Private Banking,Singapore,High,35
CUST005438,Retail,India,Very High,42
CUST005439,Private Banking,USA,High,38
CUST005440,Private Banking,Singapore,Medium,76
CUST005441,Retail,UAE,High,21
CUST005442,SME,UK,Medium,75
CUST005443,SME,USA,Medium,40
CUST005444,Corporate,UK,Low,47
CUST005445,Retail,India,Low,61
CUST005446,Private Banking,Singapore,High,19
CUST005447,SME,Singapore,Low,40
CUST005448,Retail,UAE,Very High,46
CUST005449,Retail,UK,High,32
CUST005450,SME,Singapore,Low,49
CUST005451,Retail,UK,Very High,54
CUST005452,Corporate,UK,High,65
CUST005453,Retail,Singapore,Medium,36
CUST005454,SME,Singapore,Low,70
CUST005455,SME,USA,Low,40
CUST005456,SME,India,High,26
CUST005457,Retail,UAE,Very High,53
CUST005458,Retail,India,Medium,44
CUST005459,Private Banking,Singapore,High,79
CUST005460,Retail,UK,Low,48
CUST005461,SME,Singapore,High,65
CUST005462,Retail,Singapore,High,33
CUST005463,Retail,Singapore,Medium,41
CUST005464,Retail,Singapore,Very High,34
CUST005465,Private Banking,Singapore,Medium,53
CUST005466,SME,USA,High,36
CUST005467,Retail,Singapore,Very High,59
CUST005468,Private Banking,UK,High,31
CUST005469,Corporate,Singapore,High,65
CUST005470,Retail,Singapore,Medium,19
CUST005471,Private Banking,UK,Low,36
CUST005472,Private Banking,Singapore,Medium,55
CUST005473,Retail,USA,High,69
CUST005474,Retail,UK,Low,66
CUST005475,Corporate,USA,Very High,60
CUST005476,Retail,UK,Low,71
CUST005477,Corporate,India,Medium,76
CUST005478,SME,UAE,Very High,28
CUST005479,Retail,India,Low,48
CUST005480,Corporate,UK,High,48
CUST005481,SME,USA,Low,62
CUST005482,Retail,UAE,Low,49
CUST005483,Corporate,India,Low,30
CUST005484,Corporate,UK,Very High,51
CUST005485,Corporate,USA,Very High,39
CUST005486,Private Banking,Singapore,Very High,36
CUST005487,Corporate,USA,Very High,43
CUST005488,Private Banking,India,Very High,26
CUST005489,SME,UAE,Very High,64
CUST005490,Retail,UK,Very High,34
CUST005491,Retail,Singapore,Low,53
CUST005492,Retail,USA,Low,30
CUST005493,Private Banking,USA,Medium,50
CUST005494,SME,UK,Medium,68
CUST005495,Corporate,India,High,31
CUST005496,SME,UK,Low,43
CUST005497,Retail,Singapore,Very High,56
CUST005498,Corporate,UAE,Very High,41
CUST005499,SME,UAE,Very High,53
CUST005500,Corporate,USA,Low,31
CUST005501,Retail,UAE,Medium,43
CUST005502,Private Banking,USA,Low,47
CUST005503,Corporate,Singapore,High,71
CUST005504,Retail,Singapore,High,33
CUST005505,Private Banking,UAE,High,28
CUST005506,SME,USA,Medium,18
CUST005507,SME,USA,High,33
CUST005508,Corporate,Singapore,Very High,20
CUST005509,Corporate,Singapore,Medium,56
CUST005510,Private Banking,Singapore,High,63
CUST005511,Retail,India,Low,34
CUST005512,Private Banking,UK,Very High,80
CUST005513,Corporate,UK,Very High,30
CUST005514,Private Banking,UAE,Low,35
CUST005515,Retail,USA,Very High,47
CUST005516,Retail,USA,High,41
CUST005517,Private Banking,UK,Very High,78
CUST005518,Private Banking,Singapore,Very High,24
CUST005519,Retail,Singapore,High,19
CUST005520,Corporate,UAE,Medium,76
CUST005521,Private Banking,USA,Low,77
CUST005522,Retail,USA,Low,36
CUST005523,Retail,UAE,High,45
CUST005524,Corporate,Singapore,Low,48
CUST005525,SME,India,Very High,60
CUST005526,Private Banking,India,Very High,78
CUST005527,Retail,UAE,High,50
CUST005528,Private Banking,Singapore,Medium,44
CUST005529,SME,UK,Low,25
CUST005530,Retail,UK,High,46
CUST005531,Private Banking,UAE,Low,78
CUST005532,SME,UAE,High,69
CUST005533,Private Banking,Singapore,Low,53
CUST005534,SME,USA,Low,28
CUST005535,Private Banking,USA,High,76
CUST005536,SME,UK,Low,57
CUST005537,Private Banking,India,High,24
CUST005538,Corporate,USA,High,74
CUST005539,Corporate,Singapore,Very High,63
CUST005540,SME,India,High,31
CUST005541,Private Banking,UAE,Medium,25
CUST005542,Corporate,UK,Very High,80
CUST005543,Private Banking,India,Very High,70
CUST005544,Retail,UAE,High,34
CUST005545,Retail,UK,High,18
CUST005546,Retail,India,High,20
CUST005547,Private Banking,UK,Very High,20
CUST005548,SME,Singapore,Low,21
CUST005549,Private Banking,UK,Low,46
CUST005550,Private Banking,Singapore,Very High,51
CUST005551,SME,Singapore,High,65
CUST005552,Corporate,Singapore,Very High,77
CUST005553,SME,UK,High,55
CUST005554,Private Banking,USA,Medium,75
CUST005555,Corporate,India,Very High,62
CUST005556,SME,UAE,Very High,58
CUST005557,Corporate,UK,Very High,64
CUST005558,Corporate,USA,Very High,71
CUST005559,SME,UAE,Low,76
CUST005560,Retail,UK,Medium,80
CUST005561,SME,UK,Low,68
CUST005562,Private Banking,UAE,Very High,25
CUST005563,Corporate,Singapore,Very High,18
CUST005564,Retail,UAE,High,77
CUST005565,SME,India,High,21
CUST005566,SME,UK,Very High,79
CUST005567,Retail,India,High,25
CUST005568,SME,India,Very High,61
CUST005569,Private Banking,UAE,Very High,40
CUST005570,SME,UAE,Low,46
CUST005571,Retail,Singapore,Very High,54
CUST005572,Private Banking,India,Very High,45
CUST005573,SME,UK,Low,44
CUST005574,Corporate,Singapore,Very High,28
CUST005575,Retail,UK,Medium,50
CUST005576,Retail,UAE,Very High,47
CUST005577,Private Banking,Singapore,Medium,72
CUST005578,Private Banking,India,Medium,65
CUST005579,Corporate,UK,Medium,78
CUST005580,Retail,UAE,Medium,54
CUST005581,Retail,UK,High,44
CUST005582,Corporate,UAE,Medium,39
CUST005583,Private Banking,India,High,42
CUST005584,Private Banking,USA,Medium,80
CUST005585,Retail,Singapore,Very High,57
CUST005586,Retail,UAE,Low,38
CUST005587,Corporate,India,Medium,43
CUST005588,Retail,Singapore,High,19
CUST005589,Private Banking,Singapore,Low,73
CUST005590,SME,Singapore,Low,70
CUST005591,Private Banking,UAE,Very High,45
CUST005592,Private Banking,UK,High,59
CUST005593,Retail,UK,Medium,65
CUST005594,SME,UK,Medium,58
CUST005595,Retail,UAE,High,32
CUST005596,Corporate,Singapore,Medium,78
CUST005597,Private Banking,India,Very High,53
CUST005598,Retail,UK,Low,33
CUST005599,Retail,UK,Very High,32
CUST005600,SME,India,Medium,42
CUST005601,Private Banking,USA,Very High,36
CUST005602,Corporate,UK,High,26
CUST005603,Private Banking,India,High,25
CUST005604,Retail,UAE,Low,65
CUST005605,Corporate,UK,Very High,18
CUST005606,Corporate,Singapore,High,20
CUST005607,Private Banking,USA,Very High,74
CUST005608,Corporate,UK,Low,26
CUST005609,SME,UK,Very High,59
CUST005610,SME,UK,Very High,56
CUST005611,SME,UAE,Medium,38
CUST005612,Private Banking,India,Low,42
CUST005613,SME,UK,High,22
CUST005614,Corporate,India,Very High,69
CUST005615,Private Banking,UK,Low,73
CUST005616,SME,UAE,High,55
CUST005617,Corporate,Singapore,Low,71
CUST005618,SME,UAE,Medium,35
CUST005619,Corporate,UK,Low,60
CUST005620,Retail,USA,Very High,45
CUST005621,SME,India,Medium,78
CUST005622,Corporate,UAE,Low,43
CUST005623,Corporate,UAE,Low,38
CUST005624,SME,UAE,High,33
CUST005625,SME,Singapore,Medium,72
CUST005626,Corporate,UAE,Low,65
CUST005627,Retail,India,Low,35
CUST005628,Retail,Singapore,Very High,22
CUST005629,Corporate,India,High,33
CUST005630,Private Banking,UK,Low,69
CUST005631,SME,UAE,Low,49
CUST005632,SME,India,Low,51
CUST005633,Retail,UK,Low,39
CUST005634,Retail,USA,Low,35
CUST005635,Retail,Singapore,Medium,36
CUST005636,Retail,UK,Low,53
CUST005637,Retail,India,High,42
CUST005638,SME,UK,Very High,69
CUST005639,Retail,Singapore,Low,67
CUST005640,SME,India,Low,44
CUST005641,Private Banking,USA,High,44
CUST005642,Retail,Singapore,Low,28
CUST005643,Corporate,UAE,Very High,71
CUST005644,Private Banking,UK,Medium,50
CUST005645,Retail,Singapore,High,54
CUST005646,SME,UAE,Medium,21
CUST005647,Private Banking,UK,High,55
CUST005648,Corporate,USA,Low,72
CUST005649,SME,UAE,Low,73
CUST005650,SME,India,Medium,32
CUST005651,Retail,UK,Very High,41
CUST005652,Private Banking,UK,Very High,63
CUST005653,Retail,UAE,Very High,40
CUST005654,Private Banking,USA,Low,31
CUST005655,Retail,UK,High,72
CUST005656,Retail,UK,Medium,77
CUST005657,Private Banking,UK,Low,43
CUST005658,Corporate,UK,Low,51
CUST005659,Private Banking,Singapore,High,30
CUST005660,SME,Singapore,Medium,19
CUST005661,Private Banking,Singapore,High,75
CUST005662,Private Banking,UAE,High,24
CUST005663,SME,UAE,Low,75
CUST005664,SME,USA,High,70
CUST005665,Corporate,UAE,High,38
CUST005666,Private Banking,India,Low,62
CUST005667,Corporate,USA,Medium,54
CUST005668,SME,UK,Low,51
CUST005669,SME,UK,High,58
CUST005670,Corporate,Singapore,Very High,50
CUST005671,Corporate,USA,Low,55
CUST005672,SME,India,Very High,57
CUST005673,Private Banking,UK,Very High,57
CUST005674,SME,Singapore,High,60
CUST005675,Private Banking,Singapore,Very High,45
CUST005676,SME,Singapore,Medium,44
CUST005677,SME,India,Medium,48
CUST005678,Corporate,Singapore,High,25
CUST005679,SME,USA,High,79
CUST005680,Corporate,UAE,Low,28
CUST005681,SME,USA,Low,23
CUST005682,Private Banking,UAE,Low,61
CUST005683,Retail,UAE,Medium,54
CUST005684,Corporate,UK,Low,26
CUST005685,Private Banking,USA,High,35
CUST005686,Private Banking,Singapore,High,60
CUST005687,SME,UK,Low,74
CUST005688,Corporate,Singapore,Low,19
CUST005689,SME,Singapore,Medium,65
CUST005690,Retail,USA,Very High,71
CUST005691,Private Banking,UAE,Low,74
CUST005692,Private Banking,UAE,Very High,79
CUST005693,Corporate,UAE,Very High,59
CUST005694,SME,India,Low,23
CUST005695,Retail,UK,Low,53
CUST005696,SME,USA,High,33
CUST005697,Private Banking,USA,Medium,43
CUST005698,Retail,India,Very High,48
CUST005699,Private Banking,USA,High,59
CUST005700,SME,Singapore,High,27
CUST005701,SME,UK,Medium,55
CUST005702,SME,USA,Medium,26
CUST005703,Corporate,Singapore,High,74
CUST005704,Private Banking,UAE,Very High,67
CUST005705,SME,UAE,Very High,34
CUST005706,Corporate,UAE,High,21
CUST005707,SME,India,High,29
CUST005708,Retail,India,High,51
CUST005709,Corporate,UAE,Low,32
CUST005710,Private Banking,Singapore,Medium,55
CUST005711,Private Banking,USA,Very High,52
CUST005712,Corporate,Singapore,Low,66
CUST005713,Corporate,UAE,High,75
CUST005714,SME,UK,High,46
CUST005715,Private Banking,India,Very High,54
CUST005716,SME,USA,Medium,51
CUST005717,Corporate,Singapore,Medium,59
CUST005718,Retail,Singapore,High,37
CUST005719,Private Banking,India,Very High,63
CUST005720,Private Banking,USA,High,44
CUST005721,Private Banking,UAE,Low,51
CUST005722,Private Banking,Singapore,Very High,65
CUST005723,Retail,Singapore,High,57
CUST005724,Corporate,UK,Medium,63
CUST005725,Retail,India,High,65
CUST005726,Private Banking,Singapore,Medium,78
CUST005727,Corporate,India,Low,57
CUST005728,Corporate,UAE,Medium,49
CUST005729,Private Banking,USA,Very High,26
CUST005730,Private Banking,Singapore,Very High,74
CUST005731,Corporate,UK,Very High,61
CUST005732,Private Banking,USA,Low,63
CUST005733,Private Banking,USA,Medium,69
CUST005734,SME,India,Low,53
CUST005735,Retail,India,Low,24
CUST005736,Corporate,Singapore,Very High,60
CUST005737,Private Banking,USA,Low,43
CUST005738,SME,UK,Low,38
CUST005739,Private Banking,UK,High,24
CUST005740,Corporate,USA,Low,54
CUST005741,Private Banking,UAE,Low,58
CUST005742,Retail,USA,Low,18
CUST005743,Corporate,UK,Very High,75
CUST005744,SME,UK,Medium,60
CUST005745,SME,UAE,High,74
CUST005746,Private Banking,UAE,High,63
CUST005747,SME,USA,High,70
CUST005748,SME,India,High,25
CUST005749,Private Banking,India,Very High,27
CUST005750,Corporate,India,Medium,59
CUST005751,SME,UK,Medium,66
CUST005752,SME,UK,Medium,78
CUST005753,Private Banking,UAE,High,61
CUST005754,Private Banking,UAE,Very High,46
CUST005755,SME,UK,Medium,42
CUST005756,Corporate,USA,Very High,38
CUST005757,Retail,Singapore,Low,18
CUST005758,Corporate,USA,Very High,56
CUST005759,Retail,UK,Low,48
CUST005760,Private Banking,India,Medium,73
CUST005761,Retail,UAE,Low,78
CUST005762,Retail,UAE,High,43
CUST005763,Private Banking,UAE,Very High,71
CUST005764,Corporate,UAE,Medium,68
CUST005765,Retail,UAE,Low,66
CUST005766,SME,UK,Medium,41
CUST005767,Private Banking,UAE,Medium,68
CUST005768,Retail,Singapore,Medium,40
CUST005769,SME,UAE,High,63
CUST005770,SME,UK,High,52
CUST005771,Private Banking,UAE,Very High,31
CUST005772,Corporate,India,Very High,80
CUST005773,Retail,India,Very High,29
CUST005774,SME,USA,High,69
CUST005775,Private Banking,UAE,High,78
CUST005776,Private Banking,India,Medium,61
CUST005777,Private Banking,India,High,57
CUST005778,SME,UAE,Medium,24
CUST005779,Private Banking,Singapore,Very High,39
CUST005780,Private Banking,UK,High,32
CUST005781,Retail,USA,High,22
CUST005782,Corporate,UAE,Very High,31
CUST005783,Retail,India,Very High,30
CUST005784,Private Banking,Singapore,Low,68
CUST005785,Retail,UK,Low,42
CUST005786,Corporate,India,Very High,50
CUST005787,Private Banking,India,High,71
CUST005788,Retail,India,Medium,65
CUST005789,Corporate,Singapore,Very High,65
CUST005790,SME,USA,Very High,41
CUST005791,SME,UAE,Medium,66
CUST005792,Corporate,USA,Very High,46
CUST005793,Private Banking,UAE,Low,39
CUST005794,Corporate,UK,Low,48
CUST005795,Retail,Singapore,Very High,56
CUST005796,Retail,UK,High,63
CUST005797,SME,UAE,Low,21
CUST005798,SME,USA,Medium,31
CUST005799,Retail,Singapore,Medium,43
CUST005800,SME,UAE,High,44
CUST005801,Retail,Singapore,Low,33
CUST005802,Private Banking,USA,High,22
CUST005803,Corporate,UAE,Very High,23
CUST005804,SME,USA,Low,51
CUST005805,Corporate,Singapore,High,22
CUST005806,Corporate,UAE,Low,48
CUST005807,Private Banking,UK,High,53
CUST005808,SME,Singapore,Medium,62
CUST005809,Corporate,UK,Medium,62
CUST005810,Corporate,USA,Very High,60
CUST005811,Retail,UAE,Medium,18
CUST005812,SME,Singapore,Medium,56
CUST005813,SME,Singapore,High,78
CUST005814,SME,USA,Very High,51
CUST005815,Private Banking,India,High,64
CUST005816,SME,UK,Very High,37
CUST005817,Private Banking,Singapore,Very High,51
CUST005818,Corporate,UAE,High,44
CUST005819,Corporate,UK,High,20
CUST005820,Private Banking,Singapore,Medium,24
CUST005821,Retail,India,High,64
CUST005822,Retail,USA,Low,77
CUST005823,Private Banking,UK,Very High,65
CUST005824,Corporate,UK,Low,65
CUST005825,Corporate,USA,Low,59
CUST005826,Retail,UK,Low,24
CUST005827,Retail,USA,Very High,49
CUST005828,Private Banking,UK,High,49
CUST005829,Private Banking,India,Medium,46
CUST005830,Private Banking,UAE,Medium,71
CUST005831,Private Banking,UK,Very High,66
CUST005832,Corporate,Singapore,Medium,32
CUST005833,Corporate,UAE,Very High,35
CUST005834,Private Banking,Singapore,Medium,78
CUST005835,Private Banking,USA,Medium,27
CUST005836,Private Banking,Singapore,Low,57
CUST005837,Retail,UK,Low,29
CUST005838,SME,UAE,High,31
CUST005839,Private Banking,Singapore,High,38
CUST005840,Retail,UK,Medium,25
CUST005841,Corporate,India,High,76
CUST005842,Retail,UK,Very High,26
CUST005843,Private Banking,India,Very High,73
CUST005844,Private Banking,Singapore,Low,35
CUST005845,Corporate,USA,Very High,46
CUST005846,SME,UAE,Very High,19
CUST005847,Corporate,USA,Low,56
CUST005848,Retail,UAE,High,49
CUST005849,SME,UAE,Very High,41
CUST005850,SME,USA,Very High,59
CUST005851,Corporate,USA,Very High,69
CUST005852,Corporate,USA,High,75
CUST005853,Corporate,UAE,Low,33
CUST005854,Retail,USA,High,79
CUST005855,Corporate,UK,Very High,22
CUST005856,Private Banking,Singapore,High,29
CUST005857,Corporate,UAE,High,48
CUST005858,Private Banking,UAE,High,33
CUST005859,Private Banking,Singapore,Low,27
CUST005860,SME,USA,High,50
CUST005861,Private Banking,UAE,High,42
CUST005862,Retail,USA,Low,77
CUST005863,Private Banking,UK,High,49
CUST005864,SME,Singapore,Medium,70
CUST005865,Retail,India,Low,38
CUST005866,Retail,UK,High,40
CUST005867,Retail,UAE,Medium,42
CUST005868,Corporate,USA,High,36
CUST005869,Retail,UK,Low,54
CUST005870,SME,UK,High,77
CUST005871,SME,UK,Very High,26
CUST005872,Private Banking,India,Medium,30
CUST005873,SME,Singapore,Low,67
CUST005874,Private Banking,UK,Medium,30
CUST005875,Corporate,Singapore,High,57
CUST005876,Private Banking,UK,Low,54
CUST005877,Private Banking,Singapore,Medium,64
CUST005878,Retail,USA,Very High,76
CUST005879,Retail,USA,Very High,53
CUST005880,Private Banking,UK,Very High,50
CUST005881,SME,UAE,Medium,47
CUST005882,Private Banking,Singapore,Low,55
CUST005883,Private Banking,UAE,Medium,55
CUST005884,SME,UAE,Very High,44
CUST005885,Retail,USA,Very High,60
CUST005886,Private Banking,USA,High,77
CUST005887,Corporate,India,Low,61
CUST005888,Corporate,UK,High,60
CUST005889,Retail,UAE,Medium,56
CUST005890,Private Banking,Singapore,Low,61
CUST005891,Retail,India,Very High,57
CUST005892,SME,Singapore,Medium,43
CUST005893,Corporate,Singapore,Very High,51
CUST005894,SME,UK,High,42
CUST005895,SME,India,High,57
CUST005896,Corporate,India,High,45
CUST005897,Private Banking,India,Low,47
CUST005898,Private Banking,UK,Medium,55
CUST005899,Private Banking,Singapore,High,69
CUST005900,Corporate,USA,Low,63
CUST005901,Private Banking,India,High,18
CUST005902,Private Banking,UK,High,66
CUST005903,SME,USA,Low,41
CUST005904,SME,UAE,High,57
CUST005905,Private Banking,Singapore,Very High,51
CUST005906,SME,USA,High,20
CUST005907,Private Banking,India,High,23
CUST005908,SME,India,Very High,56
CUST005909,Private Banking,UAE,Medium,22
CUST005910,SME,USA,Low,38
CUST005911,Private Banking,USA,Medium,53
CUST005912,Private Banking,India,Medium,48
CUST005913,Corporate,Singapore,Very High,54
CUST005914,SME,India,High,80
CUST005915,SME,UK,Low,32
CUST005916,Private Banking,India,Very High,33
CUST005917,Retail,UAE,Medium,54
CUST005918,Retail,USA,High,51
CUST005919,SME,India,Very High,53
CUST005920,Corporate,USA,Medium,80
CUST005921,Private Banking,USA,Low,45
CUST005922,Private Banking,Singapore,Medium,52
CUST005923,Private Banking,UAE,High,60
CUST005924,Private Banking,India,Very High,48
CUST005925,Private Banking,UK,High,54
CUST005926,Corporate,UAE,Medium,65
CUST005927,Corporate,UK,Low,69
CUST005928,Retail,UK,Very High,48
CUST005929,SME,UK,Low,36
CUST005930,Retail,Singapore,High,62
CUST005931,Retail,India,High,69
CUST005932,Corporate,USA,Very High,27
CUST005933,SME,UK,Very High,50
CUST005934,Corporate,UK,Very High,58
CUST005935,SME,India,Low,27
CUST005936,Corporate,India,Low,68
CUST005937,Corporate,India,High,21
CUST005938,Private Banking,UK,Medium,25
CUST005939,Private Banking,UAE,Low,51
CUST005940,Retail,UAE,Low,23
CUST005941,Corporate,UK,Very High,80
CUST005942,Private Banking,India,Medium,59
CUST005943,Corporate,India,High,46
CUST005944,Corporate,India,Low,20
CUST005945,Corporate,UK,High,20
CUST005946,SME,Singapore,Very High,19
CUST005947,Private Banking,USA,Low,77
CUST005948,Private Banking,UK,High,57
CUST005949,SME,UK,Very High,59
CUST005950,Corporate,USA,Low,76
CUST005951,SME,UAE,Medium,53
CUST005952,SME,UAE,High,49
CUST005953,SME,Singapore,High,41
CUST005954,Corporate,USA,Low,49
CUST005955,Retail,USA,Medium,33
CUST005956,Corporate,India,High,73
CUST005957,SME,UK,High,59
CUST005958,Private Banking,UAE,Medium,60
CUST005959,Retail,India,Low,34
CUST005960,Corporate,Singapore,Low,35
CUST005961,Private Banking,UAE,Medium,71
CUST005962,Corporate,India,High,18
CUST005963,Private Banking,India,Very High,21
CUST005964,Private Banking,Singapore,Low,49
CUST005965,Retail,USA,Low,74
CUST005966,Private Banking,UAE,Low,32
CUST005967,Retail,Singapore,High,42
CUST005968,Retail,Singapore,Low,41
CUST005969,Retail,India,Very High,34
CUST005970,Corporate,UK,Very High,42
CUST005971,SME,UK,Very High,32
CUST005972,Retail,Singapore,High,32
CUST005973,Private Banking,India,Medium,46
CUST005974,Private Banking,USA,Very High,43
CUST005975,SME,Singapore,High,77
CUST005976,Private Banking,USA,High,49
CUST005977,Corporate,UK,Low,53
CUST005978,Retail,USA,Very High,25
CUST005979,Private Banking,Singapore,Medium,23
CUST005980,Corporate,UAE,Low,77
CUST005981,Private Banking,India,High,29
CUST005982,Private Banking,India,High,71
CUST005983,Corporate,UAE,Low,75
CUST005984,Private Banking,UK,Low,72
CUST005985,Corporate,UK,Low,41
CUST005986,SME,UAE,High,36
CUST005987,Corporate,USA,Medium,56
CUST005988,Private Banking,USA,High,64
CUST005989,Corporate,UK,Low,60
CUST005990,Retail,Singapore,Very High,53
CUST005991,Retail,UK,Very High,71
CUST005992,Private Banking,Singapore,Low,56
CUST005993,SME,USA,Medium,46
CUST005994,SME,USA,Very High,77
CUST005995,Corporate,Singapore,High,75
CUST005996,SME,UAE,Very High,18
CUST005997,Private Banking,UK,Low,37
CUST005998,Private Banking,UK,High,18
CUST005999,SME,UAE,Low,30
CUST006000,Corporate,Singapore,High,27
CUST006001,Corporate,UK,High,42
CUST006002,Retail,USA,Medium,27
CUST006003,Private Banking,Singapore,Low,31
CUST006004,Corporate,India,High,40
CUST006005,Retail,India,High,35
CUST006006,SME,UK,Medium,73
CUST006007,Private Banking,UK,Low,41
CUST006008,Private Banking,USA,Low,50
CUST006009,Corporate,USA,Medium,62
CUST006010,Retail,UAE,Medium,48
CUST006011,Retail,Singapore,Very High,30
CUST006012,SME,UK,Low,62
CUST006013,SME,USA,Medium,49
CUST006014,Retail,Singapore,Medium,44
CUST006015,Private Banking,Singapore,Very High,33
CUST006016,SME,Singapore,Very High,26
CUST006017,Private Banking,UAE,Very High,46
CUST006018,Corporate,UAE,High,76
CUST006019,Retail,USA,High,66
CUST006020,Private Banking,USA,Very High,58
CUST006021,Private Banking,UK,Medium,80
CUST006022,Corporate,UK,Medium,68
CUST006023,Retail,Singapore,Very High,49
CUST006024,Corporate,UAE,Medium,73
CUST006025,Private Banking,UAE,High,63
CUST006026,Retail,UK,Medium,43
CUST006027,Private Banking,UAE,Medium,66
CUST006028,SME,India,Medium,22
CUST006029,Private Banking,India,Medium,73
CUST006030,Retail,UAE,Very High,56
CUST006031,Retail,UK,Medium,37
CUST006032,Retail,Singapore,Medium,30
CUST006033,SME,India,High,68
CUST006034,Retail,USA,Low,24
CUST006035,Private Banking,UAE,High,52
CUST006036,Retail,Singapore,Medium,45
CUST006037,SME,USA,Low,73
CUST006038,Retail,USA,Medium,50
CUST006039,Corporate,Singapore,Low,25
CUST006040,Corporate,UK,Medium,54
CUST006041,Private Banking,USA,Low,41
CUST006042,Private Banking,Singapore,High,69
CUST006043,Retail,UK,Low,19
CUST006044,Private Banking,UAE,Low,50
CUST006045,Private Banking,Singapore,Medium,63
CUST006046,Private Banking,UK,Low,36
CUST006047,Private Banking,India,Medium,44
CUST006048,SME,Singapore,High,73
CUST006049,Private Banking,USA,Medium,27
CUST006050,Corporate,India,Medium,73
CUST006051,Private Banking,India,Medium,39
CUST006052,Retail,UAE,Medium,22
CUST006053,Retail,USA,High,20
CUST006054,Retail,UK,Very High,72
CUST006055,Private Banking,India,Very High,26
CUST006056,Retail,India,Very High,59
CUST006057,Corporate,Singapore,Very High,51
CUST006058,Private Banking,UAE,High,21
CUST006059,SME,UAE,Low,66
CUST006060,Private Banking,USA,Medium,25
CUST006061,Corporate,India,Very High,79
CUST006062,SME,UAE,Medium,21
CUST006063,Private Banking,India,High,66
CUST006064,SME,USA,Low,30
CUST006065,Retail,USA,Medium,19
CUST006066,Retail,UK,Very High,29
CUST006067,Private Banking,India,Very High,18
CUST006068,SME,UK,Very High,36
CUST006069,Corporate,UAE,Medium,22
CUST006070,SME,Singapore,Very High,32
CUST006071,Retail,UK,Medium,27
CUST006072,SME,Singapore,Medium,54
CUST006073,Private Banking,Singapore,High,34
CUST006074,Retail,India,High,55
CUST006075,SME,USA,High,49
CUST006076,Corporate,UK,Medium,59
CUST006077,Retail,USA,Very High,68
CUST006078,Corporate,UK,High,47
CUST006079,Retail,India,Very High,70
CUST006080,SME,UK,Very High,31
CUST006081,Private Banking,UAE,Medium,48
CUST006082,Corporate,UK,High,59
CUST006083,Retail,UK,High,52
CUST006084,SME,USA,Very High,41
CUST006085,Retail,India,Very High,65
CUST006086,Private Banking,India,Low,64
CUST006087,SME,India,Very High,68
CUST006088,SME,India,Low,68
CUST006089,SME,UK,Low,36
CUST006090,SME,Singapore,Medium,25
CUST006091,Corporate,UAE,Very High,34
CUST006092,Retail,India,Low,23
CUST006093,Corporate,UAE,Low,23
CUST006094,SME,Singapore,High,29
CUST006095,Retail,UAE,Medium,29
CUST006096,Private Banking,India,Medium,22
CUST006097,Private Banking,UK,Medium,66
CUST006098,Private Banking,UAE,Medium,32
CUST006099,Retail,UAE,Low,36
CUST006100,Retail,USA,Medium,30
CUST006101,Retail,India,Low,48
CUST006102,Retail,UAE,Low,56
CUST006103,Corporate,UK,Very High,76
CUST006104,Corporate,India,High,66
CUST006105,Retail,USA,High,19
CUST006106,Retail,USA,Low,18
CUST006107,Corporate,UAE,Very High,69
CUST006108,SME,UK,Medium,69
CUST006109,Private Banking,Singapore,High,56
CUST006110,Corporate,India,Very High,69
CUST006111,Private Banking,Singapore,High,29
CUST006112,Corporate,India,Medium,59
CUST006113,Retail,Singapore,Medium,69
CUST006114,Private Banking,UAE,Low,21
CUST006115,Private Banking,UAE,High,65
CUST006116,Private Banking,India,Medium,36
CUST006117,SME,Singapore,High,74
CUST006118,Private Banking,UAE,Very High,36
CUST006119,Retail,UK,Low,41
CUST006120,Private Banking,India,Very High,39
CUST006121,SME,Singapore,Medium,63
CUST006122,Private Banking,USA,Very High,62
CUST006123,Corporate,Singapore,Very High,25
CUST006124,Corporate,USA,Very High,78
CUST006125,Retail,UAE,Medium,24
CUST006126,Private Banking,India,High,73
CUST006127,Retail,India,Low,34
CUST006128,SME,UK,Low,28
CUST006129,Corporate,USA,High,41
CUST006130,Corporate,UAE,Very High,31
CUST006131,Retail,Singapore,Very High,22
CUST006132,Private Banking,UK,Low,54
CUST006133,Retail,UAE,Very High,56
CUST006134,Corporate,UK,High,59
CUST006135,Retail,USA,High,48
CUST006136,Retail,Singapore,High,18
CUST006137,Retail,India,Very High,43
CUST006138,Retail,UAE,Low,42
CUST006139,Retail,Singapore,Low,25
CUST006140,Retail,Singapore,Very High,31
CUST006141,SME,India,Low,47
CUST006142,SME,India,Medium,79
CUST006143,Corporate,UAE,Very High,40
CUST006144,Private Banking,UK,Low,19
CUST006145,Retail,USA,Low,60
CUST006146,Corporate,UK,Medium,67
CUST006147,Private Banking,India,Very High,53
CUST006148,SME,UK,Low,25
CUST006149,Private Banking,UK,Medium,35
CUST006150,SME,UK,Low,71
CUST006151,Retail,UK,Very High,38
CUST006152,Corporate,UAE,Very High,27
CUST006153,Corporate,USA,Medium,26
CUST006154,SME,India,Very High,75
CUST006155,Corporate,Singapore,Low,68
CUST006156,Retail,UAE,High,43
CUST006157,Retail,Singapore,High,24
CUST006158,Corporate,USA,Medium,33
CUST006159,Corporate,UAE,Very High,38
CUST006160,SME,India,Very High,36
CUST006161,Private Banking,UK,High,30
CUST006162,SME,India,Very High,66
CUST006163,Corporate,USA,High,18
CUST006164,Private Banking,India,High,59
CUST006165,Corporate,India,Low,62
CUST006166,SME,UAE,Low,77
CUST006167,SME,UK,Very High,65
CUST006168,SME,India,Low,78
CUST006169,Private Banking,USA,Low,58
CUST006170,Private Banking,USA,Very High,54
CUST006171,Corporate,UAE,Very High,21
CUST006172,Retail,USA,Medium,80
CUST006173,Retail,UK,Low,62
CUST006174,Corporate,UK,High,49
CUST006175,Corporate,UAE,Medium,33
CUST006176,Corporate,Singapore,High,59
CUST006177,Private Banking,Singapore,Very High,66
CUST006178,Private Banking,India,Low,60
CUST006179,Private Banking,USA,High,27
CUST006180,Corporate,Singapore,Low,60
CUST006181,Private Banking,UK,Low,34
CUST006182,Retail,USA,Medium,48
CUST006183,Retail,India,Low,51
CUST006184,Corporate,USA,Very High,53
CUST006185,Private Banking,UK,Low,65
CUST006186,Corporate,Singapore,Low,38
CUST006187,Corporate,India,High,48
CUST006188,SME,USA,Low,51
CUST006189,Corporate,UAE,Medium,42
CUST006190,Private Banking,USA,Low,43
CUST006191,SME,USA,Medium,36
CUST006192,Retail,UAE,Low,23
CUST006193,Corporate,UK,Low,69
CUST006194,Private Banking,Singapore,Very High,50
CUST006195,Retail,USA,Low,43
CUST006196,SME,India,Low,27
CUST006197,Retail,UAE,High,56
CUST006198,SME,USA,Medium,67
CUST006199,SME,Singapore,Medium,79
CUST006200,Retail,Singapore,High,42
CUST006201,Private Banking,UAE,Medium,40
CUST006202,Retail,Singapore,High,78
CUST006203,Private Banking,India,Very High,29
CUST006204,Private Banking,India,High,23
CUST006205,SME,UK,Medium,49
CUST006206,Private Banking,Singapore,Medium,30
CUST006207,Corporate,UAE,Medium,62
CUST006208,Private Banking,UK,Medium,76
CUST006209,Retail,UK,Medium,18
CUST006210,Corporate,Singapore,Low,46
CUST006211,SME,UAE,High,25
CUST006212,Corporate,USA,Very High,22
CUST006213,Corporate,Singapore,High,21
CUST006214,Corporate,USA,Medium,60
CUST006215,Corporate,Singapore,Low,73
CUST006216,Corporate,UK,Very High,49
CUST006217,SME,UAE,High,60
CUST006218,SME,UAE,Medium,47
CUST006219,Corporate,UAE,Medium,32
CUST006220,Retail,UAE,Low,26
CUST006221,SME,India,Medium,38
CUST006222,Retail,India,Low,33
CUST006223,SME,India,Low,19
CUST006224,Private Banking,UK,Medium,41
CUST006225,Retail,Singapore,High,43
CUST006226,Corporate,USA,High,63
CUST006227,Retail,Singapore,Medium,26
CUST006228,SME,Singapore,Medium,72
CUST006229,SME,India,Very High,68
CUST006230,SME,USA,High,74
CUST006231,Private Banking,India,High,31
CUST006232,Retail,Singapore,Very High,18
CUST006233,Corporate,USA,Very High,79
CUST006234,SME,UAE,Medium,25
CUST006235,SME,India,Very High,70
CUST006236,SME,Singapore,Very High,59
CUST006237,Retail,USA,Low,57
CUST006238,SME,UAE,Low,41
CUST006239,Retail,USA,Medium,22
CUST006240,Private Banking,USA,High,35
CUST006241,SME,USA,Low,30
CUST006242,Private Banking,UK,Very High,74
CUST006243,SME,USA,Low,24
CUST006244,SME,Singapore,Very High,21
CUST006245,Corporate,USA,High,43
CUST006246,SME,UK,High,38
CUST006247,Corporate,India,Very High,72
CUST006248,Private Banking,India,Low,38
CUST006249,SME,UK,High,59
CUST006250,SME,Singapore,High,53
CUST006251,Retail,India,Low,60
CUST006252,SME,USA,Medium,51
CUST006253,Corporate,India,Medium,64
CUST006254,Corporate,UAE,Very High,55
CUST006255,SME,UK,Very High,65
CUST006256,Corporate,Singapore,Very High,22
CUST006257,Corporate,UAE,High,24
CUST006258,Corporate,Singapore,Medium,65
CUST006259,Retail,UAE,Low,42
CUST006260,Private Banking,UAE,Very High,21
CUST006261,Private Banking,Singapore,Medium,23
CUST006262,Retail,USA,Low,63
CUST006263,Private Banking,India,Low,79
CUST006264,Corporate,UK,Medium,19
CUST006265,SME,UAE,Medium,64
CUST006266,Retail,Singapore,High,61
CUST006267,Retail,Singapore,Very High,49
CUST006268,Retail,UAE,Low,67
CUST006269,SME,UAE,Medium,19
CUST006270,Private Banking,India,Medium,74
CUST006271,Retail,India,High,76
CUST006272,Corporate,USA,Medium,20
CUST006273,Private Banking,Singapore,Low,43
CUST006274,SME,UK,Very High,80
CUST006275,Corporate,Singapore,High,45
CUST006276,Corporate,UAE,Medium,27
CUST006277,Corporate,UK,Low,67
CUST006278,Private Banking,UK,Medium,54
CUST006279,Retail,UK,Medium,42
CUST006280,Private Banking,USA,Low,26
CUST006281,Retail,UAE,Medium,76
CUST006282,Retail,USA,High,48
CUST006283,Retail,Singapore,High,62
CUST006284,Corporate,India,Low,54
CUST006285,Private Banking,USA,High,35
CUST006286,Corporate,UAE,High,78
CUST006287,Private Banking,USA,Low,70
CUST006288,Private Banking,UK,High,29
CUST006289,Retail,UK,High,21
CUST006290,Corporate,India,High,77
CUST006291,Corporate,UAE,Very High,69
CUST006292,Corporate,India,Medium,21
CUST006293,Retail,UAE,Very High,69
CUST006294,Corporate,USA,Medium,20
CUST006295,Retail,India,Medium,74
CUST006296,Corporate,India,High,73
CUST006297,Retail,UK,Low,42
CUST006298,Private Banking,India,Low,71
CUST006299,Corporate,UK,Very High,40
CUST006300,Corporate,USA,High,18
CUST006301,Retail,India,Low,74
CUST006302,Corporate,India,Low,36
CUST006303,Private Banking,UK,High,34
CUST006304,Private Banking,UAE,Medium,36
CUST006305,Private Banking,UK,Medium,41
CUST006306,Private Banking,India,High,75
CUST006307,SME,UK,Very High,45
CUST006308,SME,UK,Very High,45
CUST006309,Retail,India,Medium,51
CUST006310,Retail,UAE,High,65
CUST006311,Retail,India,Low,28
CUST006312,Retail,UAE,High,29
CUST006313,Corporate,India,Low,41
CUST006314,Corporate,USA,Low,37
CUST006315,SME,India,High,78
CUST006316,Retail,UAE,Low,67
CUST006317,Private Banking,UK,Low,58
CUST006318,Private Banking,UK,Very High,78
CUST006319,Private Banking,UAE,Medium,70
CUST006320,Retail,India,Medium,67
CUST006321,SME,Singapore,Low,55
CUST006322,Private Banking,UAE,Very High,21
CUST006323,SME,UK,High,79
CUST006324,Private Banking,India,Very High,50
CUST006325,Corporate,UK,High,42
CUST006326,Private Banking,UK,High,66
CUST006327,SME,UK,High,23
CUST006328,SME,Singapore,Low,73
CUST006329,Retail,Singapore,Very High,58
CUST006330,SME,UK,High,67
CUST006331,Private Banking,USA,Medium,67
CUST006332,Private Banking,UK,Low,63
CUST006333,Corporate,UK,High,19
CUST006334,Retail,USA,High,42
CUST006335,Corporate,USA,High,75
CUST006336,Private Banking,Singapore,Medium,59
CUST006337,Corporate,USA,Very High,53
CUST006338,Retail,UAE,Medium,48
CUST006339,Private Banking,UAE,Very High,69
CUST006340,Corporate,USA,Very High,77
CUST006341,SME,UAE,Low,38
CUST006342,SME,UK,Medium,40
CUST006343,Retail,USA,Low,72
CUST006344,Private Banking,India,Very High,26
CUST006345,Private Banking,UK,Very High,45
CUST006346,Private Banking,UAE,Very High,62
CUST006347,Private Banking,India,Low,55
CUST006348,Retail,USA,Medium,75
CUST006349,Corporate,Singapore,Very High,71
CUST006350,Corporate,Singapore,High,54
CUST006351,SME,India,Very High,45
CUST006352,Private Banking,India,High,44
CUST006353,Private Banking,UK,Low,19
CUST006354,Corporate,UAE,Medium,68
CUST006355,Private Banking,UAE,Low,60
CUST006356,Corporate,UK,Very High,48
CUST006357,Private Banking,India,High,20
CUST006358,Corporate,UAE,Very High,78
CUST006359,Retail,Singapore,High,78
CUST006360,Retail,India,High,41
CUST006361,Corporate,UK,High,20
CUST006362,Corporate,UAE,High,26
CUST006363,Corporate,UAE,Medium,49
CUST006364,Corporate,UK,High,40
CUST006365,Corporate,UK,Very High,42
CUST006366,Private Banking,Singapore,Medium,70
CUST006367,Corporate,UK,Medium,18
CUST006368,Corporate,India,High,78
CUST006369,SME,India,Very High,28
CUST006370,Private Banking,UAE,Medium,51
CUST006371,SME,UAE,Very High,54
CUST006372,Corporate,USA,Very High,21
CUST006373,Corporate,Singapore,Very High,70
CUST006374,Private Banking,India,Medium,44
CUST006375,Private Banking,USA,Low,68
CUST006376,SME,UAE,Very High,61
CUST006377,Corporate,UK,Medium,59
CUST006378,Corporate,Singapore,High,20
CUST006379,Retail,UAE,Very High,69
CUST006380,Retail,UAE,High,32
CUST006381,Private Banking,UAE,Very High,61
CUST006382,Corporate,Singapore,High,49
CUST006383,Retail,UAE,High,54
CUST006384,Retail,USA,Low,42
CUST006385,SME,UAE,High,19
CUST006386,Private Banking,Singapore,High,56
CUST006387,SME,UK,Low,24
CUST006388,Private Banking,USA,Low,40
CUST006389,Private Banking,USA,Very High,51
CUST006390,Retail,UAE,Medium,31
CUST006391,Retail,UAE,Low,19
CUST006392,Retail,Singapore,Medium,66
CUST006393,Corporate,USA,Low,27
CUST006394,SME,UAE,High,32
CUST006395,SME,UAE,Medium,66
CUST006396,Corporate,USA,High,24
CUST006397,Retail,India,Very High,61
CUST006398,Corporate,USA,Low,25
CUST006399,SME,USA,High,44
CUST006400,Corporate,India,Medium,22
CUST006401,Retail,USA,Medium,53
CUST006402,Private Banking,USA,Low,34
CUST006403,Private Banking,UK,High,24
CUST006404,Retail,Singapore,Low,69
CUST006405,SME,Singapore,Low,41
CUST006406,Private Banking,UAE,Very High,59
CUST006407,Corporate,Singapore,Medium,54
CUST006408,Corporate,Singapore,Medium,64
CUST006409,Private Banking,UK,High,74
CUST006410,SME,USA,High,42
CUST006411,SME,UAE,Very High,33
CUST006412,Corporate,USA,High,21
CUST006413,SME,India,Medium,73
CUST006414,Private Banking,UAE,Medium,61
CUST006415,Retail,UAE,Medium,70
CUST006416,Retail,UAE,Medium,40
CUST006417,Retail,UK,High,30
CUST006418,SME,UAE,Very High,57
CUST006419,SME,UK,High,61
CUST006420,SME,UAE,Medium,43
CUST006421,Private Banking,UAE,Medium,64
CUST006422,Corporate,USA,Low,69
CUST006423,SME,USA,Very High,46
CUST006424,SME,USA,Very High,48
CUST006425,Corporate,UAE,Very High,76
CUST006426,Retail,India,High,19
CUST006427,Private Banking,UAE,Medium,56
CUST006428,Private Banking,USA,Very High,38
CUST006429,SME,UK,Low,65
CUST006430,Corporate,UAE,Medium,22
CUST006431,Retail,Singapore,Low,36
CUST006432,Retail,UK,Low,63
CUST006433,Retail,UAE,Low,54
CUST006434,Retail,Singapore,High,33
CUST006435,SME,UAE,Low,77
CUST006436,SME,UAE,High,46
CUST006437,Retail,UK,Very High,32
CUST006438,Corporate,UK,Low,23
CUST006439,SME,UK,Medium,75
CUST006440,Retail,India,Low,74
CUST006441,Retail,UK,High,41
CUST006442,Private Banking,UAE,Medium,79
CUST006443,Retail,Singapore,Very High,21
CUST006444,Retail,India,Very High,35
CUST006445,SME,India,Very High,41
CUST006446,Private Banking,India,Very High,32
CUST006447,Retail,Singapore,Low,63
CUST006448,Private Banking,Singapore,Very High,31
CUST006449,SME,USA,Very High,69
CUST006450,Retail,India,Low,24
CUST006451,Corporate,USA,Medium,44
CUST006452,SME,India,Medium,76
CUST006453,SME,UK,Low,80
CUST006454,Retail,UAE,Low,31
CUST006455,Private Banking,UK,High,72
CUST006456,Private Banking,UAE,Low,28
CUST006457,Corporate,India,High,33
CUST006458,Corporate,USA,Low,71
CUST006459,Corporate,UAE,Low,22
CUST006460,Retail,India,High,39
CUST006461,Retail,India,High,65
CUST006462,SME,India,Low,54
CUST006463,Corporate,USA,Very High,21
CUST006464,SME,UAE,Very High,56
CUST006465,SME,UK,Very High,49
CUST006466,Private Banking,UAE,Low,72
CUST006467,Corporate,UK,High,42
CUST006468,SME,UK,Very High,40
CUST006469,Retail,UK,Medium,29
CUST006470,Corporate,UAE,High,66
CUST006471,Retail,UAE,High,60
CUST006472,Private Banking,India,Very High,39
CUST006473,Corporate,India,Medium,49
CUST006474,Private Banking,India,Low,37
CUST006475,Retail,UAE,Low,41
CUST006476,Retail,India,Very High,60
CUST006477,Corporate,UK,Very High,20
CUST006478,SME,UAE,Very High,65
CUST006479,Private Banking,UK,Low,34
CUST006480,Corporate,UK,Low,75
CUST006481,Corporate,UK,Medium,57
CUST006482,Corporate,Singapore,Very High,49
CUST006483,Retail,USA,Low,62
CUST006484,Corporate,India,Low,39
CUST006485,Retail,Singapore,Very High,60
CUST006486,Private Banking,Singapore,Very High,50
CUST006487,Corporate,USA,Very High,20
CUST006488,Corporate,Singapore,High,22
CUST006489,Private Banking,USA,Low,36
CUST006490,SME,India,Very High,80
CUST006491,Private Banking,USA,Low,46
CUST006492,Retail,India,Very High,52
CUST006493,Retail,UK,Medium,45
CUST006494,Corporate,USA,Very High,27
CUST006495,SME,USA,Very High,43
CUST006496,Private Banking,India,Low,38
CUST006497,Corporate,India,Very High,68
CUST006498,Retail,UK,Low,19
CUST006499,Private Banking,UAE,Low,23
CUST006500,Private Banking,UK,Low,63
CUST006501,Retail,India,Very High,76
CUST006502,Private Banking,USA,High,29
CUST006503,Corporate,UK,High,47
CUST006504,Private Banking,India,Very High,76
CUST006505,Private Banking,UAE,Low,45
CUST006506,Private Banking,UAE,Medium,62
CUST006507,Retail,USA,Medium,69
CUST006508,SME,USA,Medium,37
CUST006509,Retail,UK,Medium,18
CUST006510,SME,India,High,28
CUST006511,Private Banking,Singapore,High,57
CUST006512,Private Banking,USA,Medium,30
CUST006513,Private Banking,UAE,High,68
CUST006514,Retail,USA,Low,28
CUST006515,Retail,UK,High,69
CUST006516,Corporate,UAE,Very High,55
CUST006517,Retail,India,Medium,60
CUST006518,SME,UK,Very High,69
CUST006519,SME,India,Medium,44
CUST006520,Retail,India,Low,27
CUST006521,Corporate,UAE,Low,68
CUST006522,Retail,UAE,Medium,63
CUST006523,Retail,UAE,Medium,47
CUST006524,Retail,Singapore,High,77
CUST006525,Corporate,USA,High,74
CUST006526,Retail,UK,Low,43
CUST006527,Private Banking,UAE,Low,45
CUST006528,Private Banking,Singapore,Very High,74
CUST006529,Corporate,USA,Very High,77
CUST006530,SME,UAE,Low,26
CUST006531,Corporate,Singapore,Very High,50
CUST006532,Private Banking,Singapore,Medium,69
CUST006533,Retail,USA,Medium,29
CUST006534,Corporate,UK,High,20
CUST006535,Retail,UAE,High,19
CUST006536,Private Banking,USA,Very High,70
CUST006537,SME,USA,Very High,76
CUST006538,Retail,USA,Medium,58
CUST006539,Corporate,India,Low,80
CUST006540,Retail,India,Very High,42
CUST006541,Corporate,USA,High,50
CUST006542,Corporate,Singapore,Medium,79
CUST006543,Retail,India,High,45
CUST006544,Retail,Singapore,High,71
CUST006545,Private Banking,India,Very High,74
CUST006546,Retail,UAE,High,54
CUST006547,SME,UAE,High,57
CUST006548,Retail,UK,High,47
CUST006549,Retail,UK,Medium,21
CUST006550,Corporate,UAE,Low,26
CUST006551,Private Banking,USA,Low,28
CUST006552,Private Banking,UAE,High,41
CUST006553,Retail,Singapore,Low,61
CUST006554,Retail,UK,Low,75
CUST006555,Retail,USA,High,76
CUST006556,Private Banking,UK,High,48
CUST006557,SME,USA,Low,52
CUST006558,Corporate,Singapore,Very High,37
CUST006559,Retail,UAE,Medium,50
CUST006560,SME,USA,High,68
CUST006561,Retail,UAE,Medium,40
CUST006562,Corporate,Singapore,Medium,18
CUST006563,Corporate,Singapore,High,22
CUST006564,Corporate,UK,Low,25
CUST006565,SME,UK,Medium,34
CUST006566,Private Banking,India,Low,69
CUST006567,Private Banking,USA,Very High,61
CUST006568,Corporate,India,High,25
CUST006569,SME,USA,Low,74
CUST006570,Corporate,India,Low,40
CUST006571,Retail,UK,Low,26
CUST006572,Retail,India,Very High,34
CUST006573,Retail,UK,High,22
CUST006574,Corporate,UAE,Medium,31
CUST006575,SME,UAE,Very High,62
CUST006576,SME,UAE,High,46
CUST006577,SME,USA,Very High,71
CUST006578,SME,India,Medium,61
CUST006579,Corporate,Singapore,Medium,56
CUST006580,Retail,UAE,Low,41
CUST006581,Private Banking,Singapore,Very High,69
CUST006582,Retail,UAE,Low,27
CUST006583,Corporate,India,Medium,48
CUST006584,SME,USA,High,57
CUST006585,Retail,Singapore,High,52
CUST006586,Retail,USA,Medium,75
CUST006587,Private Banking,UAE,High,73
CUST006588,SME,UAE,High,31
CUST006589,Private Banking,UK,Medium,23
CUST006590,Corporate,UK,High,41
CUST006591,Private Banking,USA,Low,41
CUST006592,Retail,USA,High,24
CUST006593,Corporate,UAE,Medium,68
CUST006594,Retail,USA,Very High,57
CUST006595,Private Banking,UAE,Medium,33
CUST006596,Retail,Singapore,Medium,18
CUST006597,Corporate,Singapore,Medium,33
CUST006598,SME,USA,Medium,24
CUST006599,Private Banking,India,Medium,38
CUST006600,Retail,USA,Medium,49
CUST006601,Retail,UK,Low,19
CUST006602,Corporate,Singapore,Very High,77
CUST006603,Private Banking,UAE,High,47
CUST006604,Retail,UAE,Medium,42
CUST006605,Retail,Singapore,Very High,38
CUST006606,Private Banking,USA,Very High,78
CUST006607,Private Banking,Singapore,Very High,50
CUST006608,Retail,UK,Medium,80
CUST006609,Private Banking,Singapore,Low,71
CUST006610,SME,Singapore,Medium,74
CUST006611,Retail,USA,Very High,19
CUST006612,Retail,USA,Medium,36
CUST006613,Private Banking,UAE,Low,58
CUST006614,Private Banking,UK,Low,51
CUST006615,Private Banking,Singapore,Low,18
CUST006616,Private Banking,Singapore,Very High,47
CUST006617,SME,USA,Low,74
CUST006618,Private Banking,USA,Very High,18
CUST006619,Retail,UAE,Very High,72
CUST006620,Retail,Singapore,Very High,55
CUST006621,Retail,UK,Medium,41
CUST006622,SME,USA,High,42
CUST006623,Corporate,USA,Low,45
CUST006624,Retail,UAE,Medium,28
CUST006625,Corporate,India,Very High,56
CUST006626,Private Banking,India,Medium,25
CUST006627,Retail,USA,Low,51
CUST006628,SME,UK,Low,57
CUST006629,Corporate,UK,High,76
CUST006630,Private Banking,USA,Low,78
CUST006631,Corporate,USA,Medium,30
CUST006632,Corporate,UAE,High,52
CUST006633,Private Banking,UAE,Medium,42
CUST006634,Retail,Singapore,Low,31
CUST006635,Retail,USA,Low,45
CUST006636,Private Banking,UAE,High,21
CUST006637,Corporate,USA,Very High,58
CUST006638,Corporate,Singapore,Low,51
CUST006639,Private Banking,USA,Low,71
CUST006640,SME,UAE,Medium,77
CUST006641,Corporate,Singapore,Very High,24
CUST006642,SME,UAE,Very High,19
CUST006643,Corporate,India,High,68
CUST006644,Corporate,UAE,Low,33
CUST006645,Private Banking,Singapore,Low,36
CUST006646,SME,India,Very High,60
CUST006647,Corporate,UAE,Medium,35
CUST006648,Private Banking,USA,High,79
CUST006649,Corporate,Singapore,Medium,71
CUST006650,Retail,UAE,Medium,46
CUST006651,SME,India,High,59
CUST006652,Private Banking,UAE,Very High,26
CUST006653,Retail,USA,High,70
CUST006654,Retail,UAE,High,63
CUST006655,Private Banking,UK,Low,66
CUST006656,Retail,UK,Very High,46
CUST006657,Corporate,UAE,Very High,26
CUST006658,Retail,USA,Very High,50
CUST006659,Corporate,UAE,High,58
CUST006660,SME,UK,High,60
CUST006661,Corporate,Singapore,High,39
CUST006662,Private Banking,UAE,Very High,29
CUST006663,SME,USA,Low,47
CUST006664,SME,Singapore,Very High,48
CUST006665,Corporate,India,Very High,60
CUST006666,Retail,India,High,67
CUST006667,Corporate,India,Medium,51
CUST006668,SME,UAE,Medium,53
CUST006669,Private Banking,USA,Medium,33
CUST006670,SME,Singapore,Very High,26
CUST006671,SME,UK,High,45
CUST006672,Private Banking,Singapore,Very High,75
CUST006673,Private Banking,India,Low,32
CUST006674,Corporate,UAE,High,49
CUST006675,Corporate,USA,Low,53
CUST006676,Corporate,Singapore,Very High,59
CUST006677,Retail,UK,Medium,44
CUST006678,SME,UAE,Medium,58
CUST006679,Corporate,India,Very High,20
CUST006680,Retail,India,Medium,70
CUST006681,Private Banking,UAE,High,72
CUST006682,Private Banking,India,Very High,22
CUST006683,Corporate,USA,Low,54
CUST006684,Retail,India,Low,56
CUST006685,Retail,UAE,Very High,40
CUST006686,Corporate,UK,High,78
CUST006687,Corporate,Singapore,Low,21
CUST006688,Retail,UAE,High,72
CUST006689,Private Banking,Singapore,Very High,64
CUST006690,Corporate,Singapore,Low,76
CUST006691,Corporate,Singapore,Medium,39
CUST006692,Private Banking,Singapore,Low,49
CUST006693,SME,Singapore,Low,44
CUST006694,Private Banking,UK,Very High,54
CUST006695,Retail,India,Very High,21
CUST006696,Private Banking,India,Low,70
CUST006697,Private Banking,India,Medium,60
CUST006698,Corporate,India,Medium,40
CUST006699,Retail,India,Very High,35
CUST006700,SME,Singapore,Very High,44
CUST006701,Corporate,Singapore,High,71
CUST006702,Corporate,UAE,High,26
CUST006703,Private Banking,UK,Low,72
CUST006704,Corporate,Singapore,High,49
CUST006705,Private Banking,UK,Low,23
CUST006706,Private Banking,India,Medium,50
CUST006707,Corporate,USA,High,30
CUST006708,Private Banking,UK,High,56
CUST006709,Private Banking,UK,Medium,21
CUST006710,Corporate,India,High,74
CUST006711,Corporate,Singapore,Medium,66
CUST006712,SME,India,Low,43
CUST006713,Corporate,Singapore,Low,76
CUST006714,SME,Singapore,Very High,47
CUST006715,Corporate,UK,High,32
CUST006716,SME,Singapore,High,40
CUST006717,Private Banking,USA,Very High,78
CUST006718,Private Banking,UK,Low,36
CUST006719,Private Banking,UAE,Medium,34
CUST006720,Private Banking,UK,Very High,27
CUST006721,SME,UK,Low,54
CUST006722,Retail,UAE,Very High,58
CUST006723,Retail,India,Low,56
CUST006724,Private Banking,USA,High,36
CUST006725,SME,USA,Medium,55
CUST006726,SME,India,Very High,58
CUST006727,Corporate,Singapore,Low,26
CUST006728,SME,UAE,High,50
CUST006729,Corporate,USA,Very High,80
CUST006730,Retail,Singapore,High,51
CUST006731,Retail,India,High,59
CUST006732,Corporate,UAE,Low,41
CUST006733,Corporate,Singapore,High,61
CUST006734,Corporate,UAE,High,79
CUST006735,Retail,Singapore,Medium,36
CUST006736,SME,UK,High,21
CUST006737,Private Banking,India,Low,44
CUST006738,SME,India,Medium,55
CUST006739,Corporate,USA,High,33
CUST006740,Corporate,UAE,High,72
CUST006741,Corporate,USA,Low,65
CUST006742,Private Banking,Singapore,Low,27
CUST006743,SME,India,Low,68
CUST006744,Retail,Singapore,Very High,37
CUST006745,SME,India,Low,38
CUST006746,Corporate,UK,Very High,80
CUST006747,SME,UAE,Very High,21
CUST006748,Private Banking,India,High,72
CUST006749,Retail,UAE,Low,57
CUST006750,Corporate,India,Very High,77
CUST006751,SME,UAE,Medium,29
CUST006752,Private Banking,UAE,Medium,77
CUST006753,Corporate,Singapore,Medium,45
CUST006754,Corporate,UAE,Medium,18
CUST006755,Private Banking,USA,Low,34
CUST006756,Private Banking,India,Very High,50
CUST006757,SME,UAE,Very High,49
CUST006758,Corporate,Singapore,Medium,57
CUST006759,Private Banking,Singapore,Very High,54
CUST006760,Retail,USA,High,41
CUST006761,Corporate,UK,Low,73
CUST006762,SME,USA,High,46
CUST006763,SME,USA,Medium,43
CUST006764,SME,USA,Low,24
CUST006765,Private Banking,UK,Low,38
CUST006766,Corporate,Singapore,Very High,77
CUST006767,Corporate,UAE,Very High,79
CUST006768,Retail,UK,High,65
CUST006769,SME,Singapore,Medium,22
CUST006770,Private Banking,USA,Medium,22
CUST006771,SME,UK,Very High,39
CUST006772,Private Banking,India,Very High,65
CUST006773,Retail,UAE,Very High,41
CUST006774,Retail,Singapore,Low,69
CUST006775,Retail,India,Low,28
CUST006776,Private Banking,USA,Very High,37
CUST006777,Corporate,USA,Very High,21
CUST006778,Retail,UK,Low,58
CUST006779,SME,UK,Medium,50
CUST006780,Retail,UAE,Medium,24
CUST006781,Retail,UK,Medium,74
CUST006782,Private Banking,UAE,Medium,28
CUST006783,Private Banking,USA,Medium,63
CUST006784,Private Banking,UK,Very High,67
CUST006785,SME,Singapore,Very High,76
CUST006786,Private Banking,UK,Medium,23
CUST006787,Retail,UK,Medium,60
CUST006788,Corporate,Singapore,Very High,26
CUST006789,Retail,UAE,High,46
CUST006790,SME,India,High,73
CUST006791,Corporate,UK,High,69
CUST006792,Retail,USA,Very High,60
CUST006793,Corporate,UK,Very High,29
CUST006794,Corporate,Singapore,High,18
CUST006795,SME,UAE,Very High,78
CUST006796,Retail,UK,Very High,72
CUST006797,SME,UAE,High,18
CUST006798,Private Banking,India,High,61
CUST006799,Retail,USA,Medium,40
CUST006800,Retail,India,Low,78
CUST006801,SME,India,Very High,46
CUST006802,SME,India,Very High,40
CUST006803,Retail,UK,High,71
CUST006804,Corporate,UAE,Very High,78
CUST006805,Retail,USA,Very High,69
CUST006806,Private Banking,UAE,Very High,68
CUST006807,Retail,India,High,21
CUST006808,Corporate,Singapore,High,18
CUST006809,Retail,India,Medium,43
CUST006810,Corporate,UK,Very High,42
CUST006811,Corporate,UAE,High,44
CUST006812,Private Banking,UK,Very High,74
CUST006813,SME,Singapore,Very High,48
CUST006814,Corporate,India,Low,39
CUST006815,Retail,UAE,High,57
CUST006816,Retail,Singapore,Medium,33
CUST006817,Retail,USA,High,75
CUST006818,Private Banking,Singapore,Low,37
CUST006819,Private Banking,India,Very High,71
CUST006820,Retail,UAE,High,32
CUST006821,Private Banking,Singapore,Low,38
CUST006822,SME,UK,Medium,52
CUST006823,Retail,UAE,Low,58
CUST006824,Private Banking,Singapore,Medium,21
CUST006825,Private Banking,India,High,73
CUST006826,Retail,UAE,Low,72
CUST006827,Retail,UAE,Very High,25
CUST006828,Private Banking,USA,Low,32
CUST006829,Private Banking,UAE,Low,39
CUST006830,Retail,UK,Low,25
CUST006831,Private Banking,USA,Very High,46
CUST006832,Private Banking,Singapore,Low,56
CUST006833,Corporate,UAE,Very High,20
CUST006834,Private Banking,India,Very High,35
CUST006835,Private Banking,India,Medium,27
CUST006836,SME,India,Very High,52
CUST006837,Corporate,UAE,Very High,72
CUST006838,SME,UK,Medium,47
CUST006839,Corporate,USA,Very High,51
CUST006840,Private Banking,USA,Very High,29
CUST006841,Private Banking,UK,Medium,78
CUST006842,SME,India,Low,54
CUST006843,Private Banking,India,High,34
CUST006844,Private Banking,UK,High,19
CUST006845,Retail,Singapore,Medium,42
CUST006846,Private Banking,Singapore,Low,22
CUST006847,Corporate,UAE,Very High,66
CUST006848,Retail,UK,Low,52
CUST006849,SME,USA,Medium,78
CUST006850,Corporate,UAE,High,78
CUST006851,Retail,Singapore,Very High,23
CUST006852,Private Banking,UK,Low,54
CUST006853,Corporate,Singapore,Medium,60
CUST006854,Retail,UK,Very High,58
CUST006855,SME,UAE,Low,68
CUST006856,SME,India,Low,41
CUST006857,Retail,USA,Low,63
CUST006858,SME,UAE,Low,19
CUST006859,Corporate,UAE,Low,37
CUST006860,Private Banking,UK,High,56
CUST006861,Corporate,India,High,61
CUST006862,Retail,UK,Low,56
CUST006863,SME,USA,High,76
CUST006864,SME,UAE,Low,73
CUST006865,Retail,USA,Medium,45
CUST006866,Retail,India,Very High,79
CUST006867,Retail,UAE,Low,75
CUST006868,Corporate,UK,Low,45
CUST006869,Private Banking,UAE,Low,24
CUST006870,Private Banking,UAE,Medium,71
CUST006871,Corporate,Singapore,Low,44
CUST006872,Private Banking,India,Low,39
CUST006873,Corporate,USA,Medium,35
CUST006874,Retail,UK,Very High,49
CUST006875,Corporate,UAE,Medium,36
CUST006876,Retail,India,Medium,21
CUST006877,SME,India,High,22
CUST006878,Private Banking,India,Very High,40
CUST006879,Private Banking,Singapore,Medium,61
CUST006880,Corporate,USA,High,58
CUST006881,Private Banking,UAE,High,59
CUST006882,Retail,USA,High,55
CUST006883,Corporate,USA,Medium,29
CUST006884,Corporate,India,Low,23
CUST006885,Retail,Singapore,Very High,32
CUST006886,SME,UK,Medium,80
CUST006887,SME,UAE,Very High,62
CUST006888,Private Banking,India,High,54
CUST006889,Corporate,Singapore,Very High,50
CUST006890,SME,Singapore,High,65
CUST006891,Corporate,UK,Medium,62
CUST006892,Corporate,UK,Medium,23
CUST006893,SME,USA,Low,25
CUST006894,Retail,UK,High,48
CUST006895,Private Banking,USA,High,67
CUST006896,Retail,UK,Low,31
CUST006897,Corporate,UK,Medium,28
CUST006898,SME,UAE,High,18
CUST006899,SME,USA,Very High,33
CUST006900,Retail,UAE,High,75
CUST006901,SME,UK,Medium,61
CUST006902,SME,Singapore,High,33
CUST006903,Corporate,Singapore,Low,65
CUST006904,SME,USA,High,69
CUST006905,Private Banking,USA,Very High,38
CUST006906,Private Banking,Singapore,Low,49
CUST006907,SME,Singapore,High,19
CUST006908,Retail,UAE,High,72
CUST006909,Corporate,UK,Low,75
CUST006910,Corporate,USA,Medium,57
CUST006911,Corporate,India,Very High,72
CUST006912,SME,USA,Very High,29
CUST006913,Corporate,UK,Very High,65
CUST006914,SME,USA,Medium,73
CUST006915,Private Banking,India,Very High,74
CUST006916,SME,UK,Very High,64
CUST006917,SME,UAE,Low,51
CUST006918,Retail,UK,High,52
CUST006919,SME,Singapore,Very High,27
CUST006920,SME,India,Very High,47
CUST006921,Corporate,India,Low,23
CUST006922,Corporate,Singapore,Medium,58
CUST006923,Private Banking,India,Medium,71
CUST006924,Corporate,India,High,77
CUST006925,Private Banking,UAE,High,66
CUST006926,Private Banking,USA,Very High,31
CUST006927,Private Banking,India,Medium,46
CUST006928,Private Banking,India,Low,73
CUST006929,Corporate,Singapore,Medium,52
CUST006930,Retail,Singapore,Medium,59
CUST006931,SME,USA,Very High,69
CUST006932,Corporate,UAE,High,72
CUST006933,SME,UAE,Very High,35
CUST006934,Corporate,UK,Low,28
CUST006935,Corporate,UAE,Medium,78
CUST006936,SME,Singapore,Low,52
CUST006937,SME,UK,Very High,71
CUST006938,Corporate,UK,Medium,55
CUST006939,Private Banking,India,Medium,51
CUST006940,Retail,UAE,Low,53
CUST006941,Private Banking,India,Very High,54
CUST006942,SME,USA,High,39
CUST006943,Retail,India,Very High,60
CUST006944,SME,USA,Medium,57
CUST006945,SME,India,Very High,27
CUST006946,Private Banking,India,High,62
CUST006947,SME,UAE,High,62
CUST006948,Private Banking,India,Low,33
CUST006949,Private Banking,Singapore,Low,41
CUST006950,Private Banking,USA,High,59
CUST006951,Private Banking,Singapore,High,58
CUST006952,Retail,USA,Very High,57
CUST006953,Corporate,India,Medium,31
CUST006954,Corporate,Singapore,Low,61
CUST006955,Private Banking,India,Low,23
CUST006956,Retail,UAE,Low,36
CUST006957,SME,Singapore,Very High,19
CUST006958,SME,UAE,Low,50
CUST006959,Corporate,USA,High,34
CUST006960,Corporate,Singapore,Very High,26
CUST006961,Retail,Singapore,Medium,45
CUST006962,Private Banking,UAE,Very High,31
CUST006963,SME,India,Low,61
CUST006964,Retail,UK,Medium,50
CUST006965,Corporate,Singapore,Low,67
CUST006966,Private Banking,USA,Very High,39
CUST006967,Private Banking,USA,High,29
CUST006968,Retail,USA,Low,53
CUST006969,Retail,India,Very High,35
CUST006970,Private Banking,Singapore,Low,63
CUST006971,SME,India,Low,28
CUST006972,Private Banking,UK,Very High,37
CUST006973,Private Banking,India,Medium,21
CUST006974,SME,Singapore,Low,26
CUST006975,Retail,UAE,Low,46
CUST006976,Retail,UK,Medium,63
CUST006977,SME,Singapore,Very High,72
CUST006978,Corporate,USA,Low,73
CUST006979,Retail,USA,High,57
CUST006980,SME,India,Very High,31
CUST006981,Retail,UK,Low,42
CUST006982,Corporate,Singapore,Very High,28
CUST006983,Private Banking,India,Low,18
CUST006984,Corporate,Singapore,Low,77
CUST006985,Retail,India,Low,47
CUST006986,SME,UK,Low,32
CUST006987,Private Banking,Singapore,Medium,30
CUST006988,Retail,India,Medium,60
CUST006989,Private Banking,India,Medium,19
CUST006990,Retail,USA,High,18
CUST006991,Retail,UK,Very High,57
CUST006992,Private Banking,India,Medium,70
CUST006993,Private Banking,India,Very High,49
CUST006994,SME,UAE,Medium,20
CUST006995,Corporate,UK,Low,62
CUST006996,Retail,UAE,Medium,62
CUST006997,Corporate,Singapore,Medium,79
CUST006998,SME,UK,Low,25
CUST006999,Private Banking,Singapore,Very High,26
CUST007000,Corporate,India,Low,37
CUST007001,Corporate,UAE,Low,49
CUST007002,SME,India,High,60
CUST007003,Retail,UK,Low,31
CUST007004,SME,Singapore,Low,55
CUST007005,Private Banking,UAE,Medium,21
CUST007006,SME,UK,Low,48
CUST007007,Corporate,India,Medium,39
CUST007008,Private Banking,UAE,High,33
CUST007009,SME,USA,Low,32
CUST007010,Private Banking,Singapore,High,48
CUST007011,Corporate,Singapore,Medium,56
CUST007012,Retail,USA,High,73
CUST007013,Retail,India,Low,68
CUST007014,Corporate,India,Very High,27
CUST007015,Private Banking,UAE,High,20
CUST007016,Retail,UK,Very High,51
CUST007017,SME,India,High,43
CUST007018,Corporate,India,Low,32
CUST007019,Corporate,UK,High,50
CUST007020,Corporate,UAE,High,59
CUST007021,SME,India,Low,50
CUST007022,Retail,USA,Low,26
CUST007023,SME,Singapore,Low,24
CUST007024,Private Banking,UK,Low,56
CUST007025,Retail,UAE,Low,71
CUST007026,Retail,UAE,High,20
CUST007027,Private Banking,UK,Low,76
CUST007028,SME,UAE,Very High,48
CUST007029,Corporate,India,High,43
CUST007030,Retail,UAE,Medium,60
CUST007031,SME,USA,High,30
CUST007032,Private Banking,UK,Very High,52
CUST007033,Private Banking,Singapore,Low,27
CUST007034,Retail,UK,Very High,23
CUST007035,Retail,Singapore,Very High,68
CUST007036,Corporate,Singapore,High,49
CUST007037,Private Banking,UK,Low,34
CUST007038,Corporate,Singapore,Very High,25
CUST007039,Private Banking,UK,High,31
CUST007040,Retail,UK,High,55
CUST007041,Corporate,UK,Low,79
CUST007042,Retail,India,Medium,58
CUST007043,Retail,UAE,High,37
CUST007044,Private Banking,Singapore,High,45
CUST007045,Corporate,Singapore,Very High,62
CUST007046,SME,USA,High,31
CUST007047,Private Banking,India,Low,79
CUST007048,Retail,USA,Medium,34
CUST007049,Corporate,India,Low,34
CUST007050,Private Banking,UK,Very High,20
CUST007051,SME,Singapore,Very High,18
CUST007052,Private Banking,UK,Low,49
CUST007053,Retail,UAE,Low,28
CUST007054,SME,UK,Medium,39
CUST007055,Corporate,Singapore,Low,30
CUST007056,Corporate,India,Very High,44
CUST007057,SME,Singapore,Low,76
CUST007058,Corporate,UK,Low,49
CUST007059,Corporate,UK,Low,24
CUST007060,Private Banking,Singapore,Very High,57
CUST007061,Retail,UK,High,53
CUST007062,SME,USA,Low,46
CUST007063,SME,USA,Medium,31
CUST007064,Private Banking,USA,Low,19
CUST007065,SME,USA,Very High,59
CUST007066,Corporate,UAE,Low,26
CUST007067,Retail,UAE,High,42
CUST007068,Corporate,UAE,Very High,42
CUST007069,Corporate,UAE,High,42
CUST007070,SME,UK,Low,53
CUST007071,Corporate,UK,Low,65
CUST007072,Retail,UK,Medium,68
CUST007073,SME,UK,Very High,74
CUST007074,Retail,USA,Medium,50
CUST007075,Private Banking,India,Low,27
CUST007076,Corporate,UK,Low,34
CUST007077,SME,USA,Medium,38
CUST007078,Corporate,Singapore,Low,33
CUST007079,SME,USA,Very High,39
CUST007080,Retail,USA,Low,73
CUST007081,Retail,UK,Medium,51
CUST007082,SME,USA,Low,72
CUST007083,Corporate,Singapore,Low,80
CUST007084,Private Banking,UAE,Medium,74
CUST007085,Retail,USA,Medium,69
CUST007086,Retail,Singapore,High,19
CUST007087,Retail,UAE,Very High,47
CUST007088,Private Banking,USA,Medium,62
CUST007089,Retail,USA,Low,65
CUST007090,Retail,UK,Low,72
CUST007091,Private Banking,India,Very High,20
CUST007092,Corporate,UAE,High,80
CUST007093,Corporate,UK,High,19
CUST007094,Private Banking,USA,Low,74
CUST007095,Corporate,Singapore,Very High,69
CUST007096,Private Banking,UAE,Medium,53
CUST007097,Corporate,Singapore,Low,67
CUST007098,Corporate,UK,Very High,49
CUST007099,Private Banking,USA,High,56
CUST007100,Private Banking,USA,Medium,54
CUST007101,Private Banking,Singapore,Very High,32
CUST007102,SME,UAE,Medium,28
CUST007103,Corporate,Singapore,Very High,66
CUST007104,Retail,Singapore,Low,54
CUST007105,Retail,UK,Very High,43
CUST007106,Corporate,India,High,22
CUST007107,SME,UK,Medium,19
CUST007108,Private Banking,UAE,Medium,27
CUST007109,Private Banking,UAE,Low,59
CUST007110,Private Banking,India,High,69
CUST007111,Retail,USA,Low,48
CUST007112,Retail,Singapore,High,29
CUST007113,SME,UAE,Medium,46
CUST007114,Corporate,Singapore,Very High,33
CUST007115,Retail,India,Medium,80
CUST007116,Retail,USA,High,30
CUST007117,Corporate,India,Medium,40
CUST007118,Private Banking,India,Very High,65
CUST007119,SME,UAE,Low,22
CUST007120,Retail,UK,Very High,42
CUST007121,SME,India,Very High,31
CUST007122,Corporate,UAE,Very High,74
CUST007123,SME,UK,High,25
CUST007124,Corporate,UK,High,68
CUST007125,Private Banking,UK,Very High,75
CUST007126,SME,India,Low,67
CUST007127,Private Banking,USA,High,55
CUST007128,SME,UAE,Very High,32
CUST007129,Private Banking,India,Low,52
CUST007130,Corporate,Singapore,Medium,20
CUST007131,Retail,UK,High,48
CUST007132,Retail,UAE,High,75
CUST007133,Private Banking,India,Low,74
CUST007134,Corporate,India,Low,66
CUST007135,SME,UK,High,78
CUST007136,Private Banking,Singapore,Medium,45
CUST007137,Retail,UAE,Medium,34
CUST007138,Private Banking,India,Very High,31
CUST007139,Private Banking,Singapore,Low,34
CUST007140,SME,India,Low,30
CUST007141,Private Banking,Singapore,Medium,55
CUST007142,SME,USA,Low,37
CUST007143,Corporate,India,Medium,18
CUST007144,SME,UK,Low,59
CUST007145,Retail,UAE,High,49
CUST007146,Private Banking,UK,Medium,64
CUST007147,Private Banking,Singapore,Very High,53
CUST007148,Retail,Singapore,Medium,77
CUST007149,Private Banking,Singapore,Medium,58
CUST007150,Private Banking,USA,Low,53
CUST007151,Retail,UK,High,75
CUST007152,SME,USA,Medium,41
CUST007153,SME,India,Medium,23
CUST007154,SME,UAE,Very High,22
CUST007155,Private Banking,India,Medium,33
CUST007156,Corporate,India,Very High,66
CUST007157,Private Banking,UAE,Low,27
CUST007158,Private Banking,UK,Low,48
CUST007159,SME,UAE,High,51
CUST007160,Retail,India,High,62
CUST007161,Retail,Singapore,Low,44
CUST007162,Private Banking,USA,Low,29
CUST007163,SME,UAE,Medium,56
CUST007164,Corporate,USA,Medium,78
CUST007165,Retail,USA,Medium,79
CUST007166,SME,UAE,Low,35
CUST007167,Private Banking,USA,High,33
CUST007168,Corporate,Singapore,Very High,55
CUST007169,SME,Singapore,Medium,20
CUST007170,Private Banking,Singapore,High,70
CUST007171,Private Banking,India,Low,39
CUST007172,Private Banking,Singapore,Medium,21
CUST007173,Private Banking,UAE,Low,22
CUST007174,Corporate,UAE,Very High,20
CUST007175,Retail,UK,Low,72
CUST007176,SME,USA,Low,34
CUST007177,Corporate,UAE,Low,74
CUST007178,SME,India,Medium,66
CUST007179,Private Banking,Singapore,High,53
CUST007180,Private Banking,UK,High,43
CUST007181,SME,Singapore,Very High,52
CUST007182,Private Banking,India,Very High,77
CUST007183,SME,Singapore,Very High,47
CUST007184,Private Banking,India,Very High,80
CUST007185,SME,USA,High,58
CUST007186,Retail,Singapore,Very High,53
CUST007187,Retail,UAE,High,67
CUST007188,Private Banking,UK,Low,62
CUST007189,Private Banking,USA,High,59
CUST007190,SME,UAE,Very High,77
CUST007191,SME,Singapore,Very High,65
CUST007192,Corporate,UAE,Low,75
CUST007193,Corporate,UK,Medium,39
CUST007194,Private Banking,UAE,Very High,63
CUST007195,Private Banking,USA,High,54
CUST007196,SME,USA,High,79
CUST007197,Corporate,USA,Medium,44
CUST007198,Retail,USA,Medium,46
CUST007199,Corporate,UK,Medium,30
CUST007200,Private Banking,India,High,26
CUST007201,Corporate,UK,High,18
CUST007202,SME,UK,Very High,49
CUST007203,Retail,Singapore,Low,48
CUST007204,SME,USA,High,68
CUST007205,Retail,UAE,Low,64
CUST007206,Retail,Singapore,Very High,64
CUST007207,Private Banking,Singapore,Medium,55
CUST007208,Corporate,India,Medium,71
CUST007209,Retail,UK,Medium,49
CUST007210,Corporate,India,Medium,45
CUST007211,Retail,USA,Very High,38
CUST007212,Corporate,India,Low,51
CUST007213,Private Banking,India,Very High,76
CUST007214,Retail,UAE,Medium,57
CUST007215,SME,India,Medium,26
CUST007216,Corporate,India,Medium,61
CUST007217,Private Banking,UK,High,29
CUST007218,Corporate,India,Low,74
CUST007219,Private Banking,UK,Very High,41
CUST007220,Corporate,UK,Very High,37
CUST007221,Private Banking,Singapore,Medium,53
CUST007222,Retail,India,Very High,60
CUST007223,Retail,UK,Very High,21
CUST007224,Corporate,UK,Very High,31
CUST007225,Corporate,India,Low,54
CUST007226,Private Banking,India,Low,65
CUST007227,Private Banking,UAE,Low,44
CUST007228,Retail,UK,Medium,80
CUST007229,Retail,UAE,Very High,43
CUST007230,Retail,Singapore,High,36
CUST007231,Corporate,UAE,Very High,62
CUST007232,Retail,USA,Low,36
CUST007233,SME,Singapore,Very High,73
CUST007234,Private Banking,UK,Very High,39
CUST007235,Corporate,UK,Very High,68
CUST007236,Retail,UAE,Medium,35
CUST007237,SME,UAE,Low,41
CUST007238,SME,Singapore,Medium,70
CUST007239,Corporate,USA,Very High,55
CUST007240,Private Banking,UAE,Low,52
CUST007241,Retail,USA,Very High,66
CUST007242,Corporate,USA,Low,36
CUST007243,Retail,UK,Low,30
CUST007244,Private Banking,Singapore,High,51
CUST007245,Private Banking,UK,High,24
CUST007246,SME,UAE,Low,76
CUST007247,SME,UAE,Low,73
CUST007248,SME,Singapore,Medium,74
CUST007249,Retail,USA,High,36
CUST007250,SME,India,Medium,23
CUST007251,SME,UK,High,39
CUST007252,Private Banking,USA,Low,76
CUST007253,Retail,UAE,Medium,39
CUST007254,Private Banking,UAE,Very High,26
CUST007255,SME,India,Very High,59
CUST007256,SME,UAE,High,46
CUST007257,SME,UAE,Low,59
CUST007258,Corporate,India,Low,36
CUST007259,Retail,Singapore,Very High,49
CUST007260,Private Banking,UAE,Very High,49
CUST007261,Corporate,USA,Medium,65
CUST007262,SME,Singapore,High,73
CUST007263,Private Banking,UAE,Medium,47
CUST007264,Retail,USA,Very High,48
CUST007265,Corporate,UK,Very High,55
CUST007266,Retail,Singapore,Low,71
CUST007267,Corporate,UK,High,60
CUST007268,Retail,Singapore,High,75
CUST007269,Corporate,Singapore,Medium,42
CUST007270,Private Banking,UAE,High,79
CUST007271,Retail,Singapore,Very High,42
CUST007272,Private Banking,UK,Very High,71
CUST007273,Private Banking,USA,Low,51
CUST007274,Private Banking,USA,Very High,32
CUST007275,Retail,UK,Low,52
CUST007276,SME,UK,Low,65
CUST007277,Corporate,USA,Low,61
CUST007278,Corporate,UK,High,47
CUST007279,Corporate,Singapore,Very High,21
CUST007280,Private Banking,Singapore,High,37
CUST007281,Corporate,UK,Medium,48
CUST007282,Private Banking,India,Low,56
CUST007283,Corporate,UK,Very High,70
CUST007284,SME,USA,Very High,35
CUST007285,Retail,UAE,High,80
CUST007286,Retail,USA,Medium,57
CUST007287,Retail,UK,Very High,69
CUST007288,Retail,Singapore,Very High,52
CUST007289,SME,USA,Low,32
CUST007290,Corporate,UAE,Low,61
CUST007291,Retail,USA,High,52
CUST007292,Private Banking,UAE,Very High,18
CUST007293,Private Banking,UK,Low,24
CUST007294,SME,USA,Medium,71
CUST007295,SME,UK,Very High,79
CUST007296,Private Banking,USA,Very High,62
CUST007297,Corporate,UAE,Medium,23
CUST007298,Private Banking,UAE,Low,51
CUST007299,Private Banking,Singapore,Very High,44
CUST007300,Private Banking,USA,Very High,22
CUST007301,Private Banking,Singapore,Medium,66
CUST007302,Private Banking,Singapore,Low,33
CUST007303,Retail,Singapore,Medium,65
CUST007304,Private Banking,Singapore,High,61
CUST007305,Private Banking,UK,Low,57
CUST007306,Corporate,UAE,Very High,41
CUST007307,Corporate,USA,Very High,46
CUST007308,Retail,UK,Medium,43
CUST007309,Corporate,UK,Medium,70
CUST007310,Corporate,USA,High,36
CUST007311,Retail,Singapore,Low,59
CUST007312,Private Banking,UAE,Medium,21
CUST007313,Retail,India,Medium,73
CUST007314,SME,UK,Medium,52
CUST007315,Retail,India,Medium,70
CUST007316,Retail,UK,Medium,72
CUST007317,Private Banking,UK,Low,36
CUST007318,Corporate,UAE,Very High,57
CUST007319,Private Banking,USA,Low,20
CUST007320,Retail,USA,Medium,74
CUST007321,SME,Singapore,Low,68
CUST007322,Corporate,Singapore,High,18
CUST007323,Corporate,India,High,58
CUST007324,Private Banking,UK,High,62
CUST007325,SME,UAE,Very High,51
CUST007326,Private Banking,India,Medium,48
CUST007327,Private Banking,USA,Medium,69
CUST007328,SME,Singapore,Medium,71
CUST007329,Corporate,UAE,High,75
CUST007330,SME,India,Low,53
CUST007331,Corporate,UK,High,46
CUST007332,Private Banking,UAE,Low,44
CUST007333,SME,USA,High,21
CUST007334,Private Banking,UK,Low,18
CUST007335,SME,India,High,22
CUST007336,Private Banking,Singapore,Medium,58
CUST007337,Private Banking,UK,Medium,31
CUST007338,Corporate,UAE,High,62
CUST007339,Corporate,UK,Very High,65
CUST007340,Retail,Singapore,Low,32
CUST007341,Corporate,UAE,Very High,61
CUST007342,SME,UAE,High,37
CUST007343,Retail,India,Medium,63
CUST007344,Retail,UK,Medium,70
CUST007345,Corporate,Singapore,High,74
CUST007346,Corporate,Singapore,High,58
CUST007347,Private Banking,Singapore,Very High,69
CUST007348,Retail,UAE,Low,71
CUST007349,SME,USA,High,80
CUST007350,Private Banking,UK,Low,33
CUST007351,Corporate,India,Very High,61
CUST007352,Corporate,USA,Low,50
CUST007353,Corporate,India,High,62
CUST007354,SME,UK,Low,66
CUST007355,Corporate,UK,High,44
CUST007356,Corporate,India,Medium,21
CUST007357,Private Banking,USA,Low,60
CUST007358,Private Banking,India,Low,57
CUST007359,Corporate,USA,Very High,31
CUST007360,Private Banking,Singapore,High,33
CUST007361,Retail,Singapore,Low,38
CUST007362,Corporate,UAE,High,32
CUST007363,Corporate,UK,Medium,53
CUST007364,Retail,UK,High,61
CUST007365,Retail,India,Medium,67
CUST007366,SME,India,High,77
CUST007367,Retail,UAE,Very High,33
CUST007368,Retail,UK,Medium,55
CUST007369,Retail,India,Medium,66
CUST007370,Corporate,Singapore,Medium,65
CUST007371,SME,UAE,Medium,19
CUST007372,Corporate,UK,High,63
CUST007373,Corporate,UAE,Medium,74
CUST007374,Corporate,USA,Very High,41
CUST007375,Private Banking,UK,Very High,52
CUST007376,SME,Singapore,Medium,56
CUST007377,Corporate,Singapore,Low,19
CUST007378,Corporate,India,High,66
CUST007379,Private Banking,USA,Very High,51
CUST007380,SME,USA,Low,61
CUST007381,Corporate,UAE,Medium,64
CUST007382,SME,USA,Very High,51
CUST007383,SME,India,Low,53
CUST007384,Private Banking,UK,High,43
CUST007385,Retail,UAE,High,39
CUST007386,Private Banking,Singapore,High,61
CUST007387,Private Banking,UAE,Low,75
CUST007388,SME,Singapore,Very High,24
CUST007389,Private Banking,UK,Very High,70
CUST007390,Corporate,India,Low,60
CUST007391,SME,India,Very High,39
CUST007392,SME,India,High,43
CUST007393,Retail,UAE,High,31
CUST007394,Retail,UAE,High,76
CUST007395,Corporate,UAE,Very High,30
CUST007396,SME,India,Medium,37
CUST007397,Corporate,UK,Low,61
CUST007398,Private Banking,Singapore,Low,54
CUST007399,Private Banking,India,Low,25
CUST007400,Retail,Singapore,Low,66
CUST007401,SME,UAE,Very High,76
CUST007402,SME,USA,Low,65
CUST007403,Private Banking,USA,High,77
CUST007404,SME,UAE,Low,80
CUST007405,Private Banking,UAE,Very High,35
CUST007406,Private Banking,India,Low,49
CUST007407,SME,UK,Medium,46
CUST007408,Corporate,UAE,High,26
CUST007409,Retail,USA,Medium,24
CUST007410,SME,India,Low,22
CUST007411,Private Banking,India,Medium,29
CUST007412,Retail,UK,Medium,54
CUST007413,Retail,India,Very High,36
CUST007414,Retail,UAE,Very High,63
CUST007415,Corporate,Singapore,Low,53
CUST007416,Private Banking,India,High,27
CUST007417,SME,India,Very High,49
CUST007418,SME,Singapore,Medium,72
CUST007419,Corporate,UAE,High,35
CUST007420,Private Banking,India,Low,42
CUST007421,Retail,UAE,Low,45
CUST007422,Private Banking,Singapore,Very High,76
CUST007423,Private Banking,USA,Medium,22
CUST007424,Corporate,India,Low,20
CUST007425,Retail,UAE,Medium,69
CUST007426,Retail,USA,High,48
CUST007427,Retail,India,Low,47
CUST007428,Retail,UK,Very High,35
CUST007429,Private Banking,UAE,High,52
CUST007430,Corporate,UAE,High,46
CUST007431,Retail,Singapore,Medium,43
CUST007432,Private Banking,UK,High,67
CUST007433,Private Banking,USA,Low,71
CUST007434,Retail,USA,Medium,65
CUST007435,Private Banking,USA,High,52
CUST007436,Private Banking,UK,Medium,31
CUST007437,Retail,USA,Low,36
CUST007438,Corporate,Singapore,Medium,34
CUST007439,SME,India,High,57
CUST007440,SME,India,Very High,72
CUST007441,Retail,India,Low,27
CUST007442,Private Banking,UAE,High,39
CUST007443,Corporate,UAE,High,30
CUST007444,Private Banking,UK,Low,78
CUST007445,Private Banking,Singapore,Medium,39
CUST007446,Retail,India,Very High,72
CUST007447,SME,Singapore,Low,30
CUST007448,Corporate,USA,Medium,23
CUST007449,Private Banking,Singapore,Very High,79
CUST007450,SME,Singapore,Low,52
CUST007451,Retail,UK,Low,52
CUST007452,Private Banking,India,Low,28
CUST007453,Corporate,USA,Low,37
CUST007454,Corporate,Singapore,Low,43
CUST007455,Corporate,UAE,Very High,26
CUST007456,Retail,India,Medium,46
CUST007457,Retail,UAE,Low,18
CUST007458,Retail,UAE,Very High,75
CUST007459,Private Banking,Singapore,High,26
CUST007460,Retail,UK,Medium,77
CUST007461,Private Banking,UAE,Medium,70
CUST007462,Private Banking,India,Low,18
CUST007463,Private Banking,India,Very High,52
CUST007464,Private Banking,USA,Very High,35
CUST007465,Private Banking,UK,Low,36
CUST007466,Private Banking,Singapore,High,73
CUST007467,Corporate,UAE,High,30
CUST007468,Private Banking,UK,Medium,39
CUST007469,SME,UK,Very High,46
CUST007470,Private Banking,USA,Very High,63
CUST007471,Private Banking,Singapore,High,23
CUST007472,Private Banking,UAE,Low,32
CUST007473,SME,Singapore,Very High,65
CUST007474,Retail,India,High,61
CUST007475,Retail,USA,High,63
CUST007476,Retail,UAE,Low,40
CUST007477,Retail,USA,Very High,64
CUST007478,SME,Singapore,Medium,21
CUST007479,Corporate,UAE,Very High,27
CUST007480,Corporate,USA,Very High,22
CUST007481,Retail,UK,High,61
CUST007482,SME,Singapore,High,23
CUST007483,Private Banking,Singapore,Low,45
CUST007484,SME,USA,Low,38
CUST007485,Private Banking,UAE,Low,60
CUST007486,SME,India,Low,40
CUST007487,Retail,USA,Medium,34
CUST007488,SME,UK,Medium,44
CUST007489,SME,UK,Very High,51
CUST007490,Retail,USA,Very High,46
CUST007491,SME,UK,Very High,27
CUST007492,Corporate,UK,Low,63
CUST007493,Private Banking,UAE,Very High,27
CUST007494,Retail,USA,Very High,65
CUST007495,Corporate,Singapore,Low,57
CUST007496,Private Banking,UK,Very High,37
CUST007497,SME,USA,Medium,26
CUST007498,Private Banking,USA,Medium,64
CUST007499,Corporate,USA,Very High,19
CUST007500,SME,USA,High,24
CUST007501,Private Banking,Singapore,Low,53
CUST007502,Corporate,UK,High,51
CUST007503,SME,UAE,Medium,46
CUST007504,Private Banking,Singapore,Medium,24
CUST007505,SME,UK,Low,26
CUST007506,Private Banking,UAE,Very High,32
CUST007507,Corporate,India,High,69
CUST007508,Retail,USA,Very High,80
CUST007509,Corporate,UK,Very High,45
CUST007510,Corporate,Singapore,Medium,37
CUST007511,Private Banking,USA,Very High,51
CUST007512,Corporate,India,Very High,55
CUST007513,SME,India,Very High,41
CUST007514,Retail,UAE,Low,33
CUST007515,Corporate,Singapore,High,38
CUST007516,Corporate,UAE,Low,63
CUST007517,Corporate,India,Low,40
CUST007518,Private Banking,UK,High,63
CUST007519,Retail,UAE,Very High,44
CUST007520,Corporate,USA,Very High,51
CUST007521,Corporate,India,Medium,52
CUST007522,SME,India,Medium,47
CUST007523,Private Banking,India,Very High,52
CUST007524,SME,Singapore,High,56
CUST007525,Corporate,USA,Medium,58
CUST007526,SME,UK,High,26
CUST007527,Corporate,USA,Low,42
CUST007528,Retail,Singapore,High,69
CUST007529,SME,UK,Low,49
CUST007530,Private Banking,UK,High,44
CUST007531,Retail,UK,Low,24
CUST007532,Retail,India,Low,36
CUST007533,Private Banking,Singapore,Low,58
CUST007534,SME,USA,Medium,78
CUST007535,Corporate,USA,High,36
CUST007536,Retail,India,Medium,47
CUST007537,Private Banking,India,Medium,74
CUST007538,Private Banking,UAE,Low,76
CUST007539,Corporate,UAE,High,30
CUST007540,Retail,USA,Low,61
CUST007541,Private Banking,UK,High,49
CUST007542,Corporate,India,Low,60
CUST007543,SME,India,Medium,28
CUST007544,Retail,UAE,High,70
CUST007545,Retail,USA,Very High,38
CUST007546,Corporate,India,Medium,62
CUST007547,SME,UAE,Very High,34
CUST007548,Corporate,Singapore,Very High,58
CUST007549,Corporate,USA,Very High,79
CUST007550,SME,USA,Low,77
CUST007551,SME,Singapore,Very High,38
CUST007552,Private Banking,Singapore,Very High,20
CUST007553,Retail,USA,Low,41
CUST007554,Retail,India,Low,18
CUST007555,SME,India,Low,39
CUST007556,SME,UAE,Medium,52
CUST007557,Private Banking,USA,Very High,58
CUST007558,SME,Singapore,Low,76
CUST007559,SME,India,Very High,22
CUST007560,Retail,USA,Low,75
CUST007561,Private Banking,USA,Medium,78
CUST007562,SME,Singapore,Very High,42
CUST007563,Private Banking,Singapore,Low,41
CUST007564,Corporate,India,High,72
CUST007565,Retail,USA,Low,46
CUST007566,Retail,Singapore,Very High,64
CUST007567,SME,USA,Medium,71
CUST007568,Corporate,Singapore,Very High,31
CUST007569,Corporate,USA,Medium,37
CUST007570,SME,UAE,Medium,53
CUST007571,Private Banking,UK,High,40
CUST007572,Retail,India,Medium,67
CUST007573,SME,Singapore,High,41
CUST007574,Corporate,UAE,Medium,75
CUST007575,SME,UK,Very High,59
CUST007576,SME,USA,Low,74
CUST007577,Private Banking,India,Low,40
CUST007578,Corporate,USA,Very High,41
CUST007579,SME,India,Medium,55
CUST007580,Private Banking,India,High,64
CUST007581,Retail,USA,High,22
CUST007582,Private Banking,UAE,High,58
CUST007583,SME,India,Medium,47
CUST007584,Retail,UK,High,72
CUST007585,Corporate,USA,Low,69
CUST007586,Retail,USA,Low,48
CUST007587,SME,USA,High,39
CUST007588,Corporate,USA,Very High,35
CUST007589,Corporate,India,Low,54
CUST007590,SME,UAE,Medium,53
CUST007591,Private Banking,UK,Low,80
CUST007592,Private Banking,Singapore,Low,71
CUST007593,Retail,USA,Low,40
CUST007594,Private Banking,India,Low,54
CUST007595,Private Banking,UK,Medium,79
CUST007596,Corporate,UAE,High,61
CUST007597,SME,USA,Medium,39
CUST007598,Corporate,UK,Very High,50
CUST007599,Retail,USA,High,45
CUST007600,Retail,India,Low,39
CUST007601,Retail,Singapore,Medium,42
CUST007602,SME,UK,Medium,36
CUST007603,Corporate,UAE,Low,18
CUST007604,SME,UK,Low,54
CUST007605,Retail,UAE,Very High,75
CUST007606,SME,UK,High,67
CUST007607,Private Banking,India,High,69
CUST007608,Private Banking,UAE,Medium,71
CUST007609,Corporate,USA,Very High,49
CUST007610,Corporate,UAE,Very High,33
CUST007611,Retail,USA,Medium,39
CUST007612,Private Banking,Singapore,Low,78
CUST007613,Retail,India,Low,63
CUST007614,Private Banking,Singapore,High,59
CUST007615,Private Banking,UK,Low,50
CUST007616,Retail,UK,Medium,20
CUST007617,SME,Singapore,Medium,18
CUST007618,Corporate,USA,Very High,74
CUST007619,Corporate,UAE,Medium,31
CUST007620,Private Banking,USA,Medium,77
CUST007621,Private Banking,UAE,High,79
CUST007622,Private Banking,UK,High,40
CUST007623,SME,UK,Very High,53
CUST007624,Corporate,UAE,High,19
CUST007625,Private Banking,UAE,High,79
CUST007626,Private Banking,USA,Medium,60
CUST007627,Private Banking,UK,Very High,25
CUST007628,SME,India,Low,21
CUST007629,SME,UK,High,34
CUST007630,Private Banking,UK,High,72
CUST007631,SME,Singapore,High,46
CUST007632,Corporate,Singapore,High,58
CUST007633,Corporate,UK,Very High,18
CUST007634,Corporate,India,High,41
CUST007635,Retail,UK,Very High,31
CUST007636,SME,UAE,Low,45
CUST007637,Corporate,India,Low,51
CUST007638,Retail,USA,Very High,59
CUST007639,Retail,Singapore,Very High,72
CUST007640,Corporate,USA,High,38
CUST007641,Corporate,Singapore,Medium,54
CUST007642,Retail,Singapore,Medium,74
CUST007643,SME,UK,Low,57
CUST007644,Private Banking,UAE,Low,23
CUST007645,Retail,India,Very High,46
CUST007646,Private Banking,UK,Medium,42
CUST007647,Retail,UK,Low,73
CUST007648,Corporate,USA,Medium,46
CUST007649,Retail,UK,Medium,61
CUST007650,Private Banking,USA,High,48
CUST007651,Corporate,USA,Medium,80
CUST007652,Corporate,UAE,Very High,62
CUST007653,SME,USA,Very High,23
CUST007654,Private Banking,India,Very High,69
CUST007655,Private Banking,UAE,High,79
CUST007656,Corporate,USA,Low,52
CUST007657,Corporate,Singapore,Low,68
CUST007658,Private Banking,UK,Medium,64
CUST007659,Retail,UAE,Low,58
CUST007660,Retail,UK,Medium,60
CUST007661,Retail,Singapore,Very High,19
CUST007662,Corporate,UK,Very High,37
CUST007663,Retail,Singapore,High,77
CUST007664,Corporate,USA,High,52
CUST007665,Private Banking,UAE,High,41
CUST007666,Retail,Singapore,Very High,51
CUST007667,Retail,Singapore,Low,49
CUST007668,SME,UAE,Medium,24
CUST007669,SME,UK,High,24
CUST007670,SME,Singapore,High,38
CUST007671,SME,Singapore,Medium,69
CUST007672,Corporate,USA,Low,79
CUST007673,SME,UK,High,38
CUST007674,Private Banking,India,Low,67
CUST007675,Private Banking,Singapore,Very High,35
CUST007676,SME,UK,Low,76
CUST007677,Corporate,USA,Medium,50
CUST007678,Private Banking,Singapore,Medium,49
CUST007679,Retail,Singapore,Medium,24
CUST007680,Private Banking,UK,Low,26
CUST007681,Retail,India,Very High,18
CUST007682,Private Banking,UAE,Medium,71
CUST007683,Corporate,UK,Medium,31
CUST007684,Corporate,UAE,Low,29
CUST007685,Private Banking,Singapore,Medium,64
CUST007686,Corporate,UAE,High,22
CUST007687,Private Banking,Singapore,Very High,20
CUST007688,SME,UK,Medium,24
CUST007689,Corporate,India,High,61
CUST007690,SME,UK,Low,48
CUST007691,SME,Singapore,Very High,77
CUST007692,Corporate,India,High,64
CUST007693,Corporate,USA,High,28
CUST007694,Private Banking,India,Medium,70
CUST007695,SME,UK,High,59
CUST007696,Private Banking,Singapore,Medium,34
CUST007697,Retail,UK,High,69
CUST007698,SME,India,Very High,75
CUST007699,Retail,India,Medium,57
CUST007700,Retail,India,High,41
CUST007701,SME,UAE,High,72
CUST007702,SME,Singapore,High,21
CUST007703,Private Banking,India,High,44
CUST007704,SME,Singapore,High,41
CUST007705,Corporate,UAE,Medium,50
CUST007706,Corporate,USA,Low,51
CUST007707,SME,USA,High,74
CUST007708,SME,USA,Very High,37
CUST007709,Private Banking,USA,Low,20
CUST007710,Corporate,UK,Very High,63
CUST007711,SME,Singapore,Low,47
CUST007712,SME,UAE,Very High,18
CUST007713,Corporate,India,High,34
CUST007714,Private Banking,UK,Low,24
CUST007715,Private Banking,UK,Low,39
CUST007716,Private Banking,UAE,High,68
CUST007717,Corporate,USA,Low,59
CUST007718,Private Banking,UK,Very High,73
CUST007719,Private Banking,Singapore,Medium,30
CUST007720,SME,UK,Medium,20
CUST007721,Corporate,Singapore,Low,21
CUST007722,Private Banking,Singapore,Low,54
CUST007723,Retail,India,Very High,72
CUST007724,Private Banking,India,Medium,42
CUST007725,SME,UK,Low,66
CUST007726,Retail,UK,Medium,71
CUST007727,Retail,Singapore,Very High,24
CUST007728,SME,Singapore,Medium,28
CUST007729,Private Banking,India,High,18
CUST007730,SME,UK,High,37
CUST007731,SME,Singapore,High,65
CUST007732,SME,Singapore,High,33
CUST007733,Retail,Singapore,Medium,62
CUST007734,SME,India,Low,19
CUST007735,Retail,Singapore,Medium,46
CUST007736,SME,USA,Medium,34
CUST007737,SME,UK,Low,59
CUST007738,Private Banking,USA,Low,63
CUST007739,SME,UK,Medium,66
CUST007740,SME,USA,High,80
CUST007741,Private Banking,India,Very High,44
CUST007742,SME,USA,High,75
CUST007743,Corporate,UAE,Very High,69
CUST007744,Private Banking,UK,Low,75
CUST007745,Private Banking,UAE,High,31
CUST007746,Private Banking,India,High,18
CUST007747,SME,India,Very High,20
CUST007748,Retail,UAE,Medium,75
CUST007749,SME,UAE,Low,26
CUST007750,Private Banking,Singapore,Low,64
CUST007751,Corporate,UAE,Very High,71
CUST007752,SME,UAE,Low,49
CUST007753,SME,UAE,Medium,55
CUST007754,SME,UK,High,69
CUST007755,Private Banking,UAE,Very High,30
CUST007756,SME,UK,Medium,78
CUST007757,SME,India,High,45
CUST007758,SME,USA,Medium,28
CUST007759,SME,Singapore,Medium,30
CUST007760,Retail,Singapore,High,29
CUST007761,SME,Singapore,High,56
CUST007762,Retail,UAE,Medium,49
CUST007763,Retail,USA,High,76
CUST007764,Retail,India,High,37
CUST007765,Retail,Singapore,High,39
CUST007766,SME,Singapore,Medium,34
CUST007767,Corporate,UAE,Very High,61
CUST007768,Retail,USA,Medium,54
CUST007769,SME,UK,Low,35
CUST007770,Private Banking,Singapore,Medium,30
CUST007771,Private Banking,UK,Low,40
CUST007772,SME,UK,Medium,31
CUST007773,Private Banking,USA,High,68
CUST007774,Retail,USA,Low,39
CUST007775,SME,India,High,39
CUST007776,Private Banking,UK,High,21
CUST007777,SME,UK,Very High,26
CUST007778,SME,Singapore,Medium,18
CUST007779,Retail,UAE,Low,53
CUST007780,Private Banking,India,Very High,56
CUST007781,Corporate,USA,High,43
CUST007782,Private Banking,UK,Very High,64
CUST007783,Corporate,Singapore,Low,35
CUST007784,SME,UK,Very High,73
CUST007785,Corporate,India,Very High,54
CUST007786,SME,Singapore,Very High,72
CUST007787,Retail,Singapore,High,70
CUST007788,SME,UK,High,75
CUST007789,Retail,India,Low,75
CUST007790,Corporate,UK,Very High,29
CUST007791,Corporate,India,Medium,45
CUST007792,Private Banking,UAE,Very High,75
CUST007793,Retail,USA,High,78
CUST007794,Retail,UK,Very High,37
CUST007795,Private Banking,India,Medium,30
CUST007796,Private Banking,UK,Medium,71
CUST007797,Corporate,UK,Medium,80
CUST007798,SME,India,Very High,38
CUST007799,Corporate,Singapore,Medium,80
CUST007800,Private Banking,India,High,32
CUST007801,Corporate,India,Medium,48
CUST007802,Retail,UK,Medium,74
CUST007803,Corporate,Singapore,Low,20
CUST007804,Retail,UK,Very High,52
CUST007805,SME,India,High,33
CUST007806,Retail,Singapore,Medium,41
CUST007807,SME,UAE,High,55
CUST007808,Private Banking,UK,Very High,53
CUST007809,Private Banking,India,Very High,46
CUST007810,Private Banking,UK,High,28
CUST007811,Private Banking,Singapore,Low,47
CUST007812,Retail,UAE,Low,65
CUST007813,Retail,India,Low,24
CUST007814,SME,UK,High,51
CUST007815,Retail,UK,Very High,56
CUST007816,Corporate,Singapore,Low,25
CUST007817,Private Banking,UK,Low,19
CUST007818,Corporate,UK,Low,70
CUST007819,Retail,India,Very High,28
CUST007820,SME,India,High,76
CUST007821,SME,India,High,54
CUST007822,SME,India,Very High,36
CUST007823,Retail,UK,Low,26
CUST007824,Retail,India,Very High,20
CUST007825,Corporate,Singapore,Low,19
CUST007826,Corporate,UK,Low,31
CUST007827,Retail,UK,Very High,53
CUST007828,Corporate,India,Very High,44
CUST007829,Retail,UAE,Very High,79
CUST007830,Corporate,India,High,25
CUST007831,Corporate,USA,Medium,40
CUST007832,Retail,UK,Very High,19
CUST007833,Corporate,India,High,64
CUST007834,SME,UAE,Very High,21
CUST007835,SME,India,High,67
CUST007836,SME,USA,Very High,25
CUST007837,Retail,UK,Low,25
CUST007838,Retail,UAE,Medium,73
CUST007839,Private Banking,India,High,31
CUST007840,Corporate,USA,Medium,34
CUST007841,Retail,India,Very High,24
CUST007842,Private Banking,UK,Low,58
CUST007843,Corporate,UAE,Medium,78
CUST007844,Corporate,UK,Medium,25
CUST007845,Retail,UAE,Medium,49
CUST007846,Retail,Singapore,Medium,18
CUST007847,Private Banking,Singapore,High,64
CUST007848,Retail,USA,High,38
CUST007849,SME,UK,Low,53
CUST007850,Private Banking,India,Very High,61
CUST007851,SME,UK,Medium,70
CUST007852,SME,UAE,Low,24
CUST007853,Retail,USA,Medium,68
CUST007854,Retail,USA,Low,78
CUST007855,Corporate,India,Low,69
CUST007856,Retail,Singapore,Very High,78
CUST007857,Retail,USA,Medium,60
CUST007858,SME,USA,Very High,72
CUST007859,Corporate,India,High,63
CUST007860,Corporate,USA,Medium,69
CUST007861,Corporate,UK,Medium,37
CUST007862,Corporate,India,Medium,43
CUST007863,Private Banking,UK,Medium,48
CUST007864,SME,USA,Very High,58
CUST007865,Private Banking,UAE,High,53
CUST007866,Retail,India,Low,39
CUST007867,Retail,Singapore,Medium,62
CUST007868,Private Banking,Singapore,High,30
CUST007869,Retail,UAE,Very High,48
CUST007870,Private Banking,USA,Medium,60
CUST007871,Private Banking,UAE,Very High,50
CUST007872,Retail,India,Very High,18
CUST007873,SME,UK,Low,50
CUST007874,SME,UK,Low,63
CUST007875,SME,Singapore,Low,40
CUST007876,Private Banking,USA,Medium,21
CUST007877,SME,Singapore,Very High,42
CUST007878,Retail,UAE,Medium,19
CUST007879,Retail,UAE,Medium,55
CUST007880,Corporate,India,Medium,42
CUST007881,Private Banking,India,Very High,78
CUST007882,Private Banking,India,Low,72
CUST007883,Retail,USA,High,18
CUST007884,SME,USA,Low,65
CUST007885,SME,UAE,Very High,75
CUST007886,Private Banking,Singapore,Very High,19
CUST007887,Private Banking,Singapore,Medium,31
CUST007888,Corporate,India,Very High,43
CUST007889,Private Banking,UAE,Very High,18
CUST007890,Corporate,UK,Low,51
CUST007891,Retail,India,High,71
CUST007892,Retail,USA,Low,53
CUST007893,SME,India,Very High,58
CUST007894,SME,UK,Low,62
CUST007895,Retail,UK,High,75
CUST007896,Private Banking,UK,High,69
CUST007897,Retail,USA,High,67
CUST007898,Retail,Singapore,High,31
CUST007899,Private Banking,India,Very High,21
CUST007900,Corporate,India,Medium,56
CUST007901,Retail,UAE,Very High,23
CUST007902,Retail,USA,Low,65
CUST007903,Corporate,USA,Medium,44
CUST007904,Private Banking,USA,High,57
CUST007905,Retail,Singapore,Medium,71
CUST007906,Retail,UAE,Very High,35
CUST007907,Retail,India,Very High,45
CUST007908,Private Banking,UK,High,19
CUST007909,Retail,UK,Medium,70
CUST007910,Private Banking,UK,Medium,65
CUST007911,Retail,UK,Very High,40
CUST007912,SME,Singapore,High,21
CUST007913,SME,USA,Very High,20
CUST007914,SME,USA,Low,31
CUST007915,Private Banking,UAE,High,53
CUST007916,Private Banking,UAE,High,74
CUST007917,Private Banking,UAE,High,72
CUST007918,SME,UK,Low,74
CUST007919,Corporate,Singapore,High,60
CUST007920,Private Banking,UK,Medium,56
CUST007921,SME,UAE,Low,51
CUST007922,Retail,Singapore,Low,47
CUST007923,Retail,India,Medium,49
CUST007924,Retail,India,Low,18
CUST007925,SME,Singapore,Low,50
CUST007926,SME,Singapore,High,76
CUST007927,Retail,UAE,Low,56
CUST007928,Retail,USA,Very High,40
CUST007929,Private Banking,USA,High,25
CUST007930,Private Banking,UAE,Low,54
CUST007931,Retail,UAE,Very High,34
CUST007932,Corporate,UK,Low,35
CUST007933,SME,USA,High,65
CUST007934,Private Banking,India,Very High,79
CUST007935,SME,Singapore,Medium,47
CUST007936,Private Banking,Singapore,Very High,24
CUST007937,Retail,UK,High,67
CUST007938,Retail,Singapore,Very High,19
CUST007939,SME,USA,High,72
CUST007940,Private Banking,UK,High,55
CUST007941,SME,India,High,42
CUST007942,Private Banking,UK,Medium,72
CUST007943,SME,USA,Very High,80
CUST007944,Corporate,UK,Medium,74
CUST007945,Retail,USA,Low,29
CUST007946,SME,USA,High,53
CUST007947,Private Banking,UAE,Low,68
CUST007948,Corporate,UK,High,32
CUST007949,SME,UAE,Medium,42
CUST007950,Retail,USA,Low,50
CUST007951,Corporate,UAE,High,32
CUST007952,Private Banking,USA,High,46
CUST007953,Private Banking,Singapore,Low,51
CUST007954,SME,UK,Medium,63
CUST007955,Retail,India,Medium,36
CUST007956,SME,UAE,High,28
CUST007957,SME,UK,Very High,64
CUST007958,Retail,UK,Low,68
CUST007959,SME,India,Very High,49
CUST007960,Private Banking,India,Very High,20
CUST007961,Retail,India,Very High,78
CUST007962,Private Banking,UK,Very High,50
CUST007963,SME,UK,Medium,65
CUST007964,Corporate,UAE,High,53
CUST007965,SME,USA,Medium,53
CUST007966,Corporate,UK,Low,58
CUST007967,Corporate,UK,High,19
CUST007968,SME,USA,Very High,30
CUST007969,SME,UK,Very High,80
CUST007970,Private Banking,USA,Low,51
CUST007971,Retail,UK,High,56
CUST007972,Private Banking,India,Medium,56
CUST007973,Private Banking,UK,Medium,29
CUST007974,SME,India,High,60
CUST007975,SME,India,Very High,19
CUST007976,Private Banking,USA,Low,57
CUST007977,Retail,UK,Very High,51
CUST007978,Private Banking,India,Low,40
CUST007979,Retail,USA,Medium,76
CUST007980,SME,UK,High,22
CUST007981,SME,USA,Medium,56
CUST007982,Corporate,UK,High,66
CUST007983,Retail,USA,Medium,30
CUST007984,Private Banking,USA,Low,37
CUST007985,Private Banking,UK,Medium,74
CUST007986,Corporate,India,Very High,69
CUST007987,Corporate,Singapore,Medium,20
CUST007988,SME,USA,High,70
CUST007989,Retail,India,Very High,50
CUST007990,Private Banking,UAE,Very High,73
CUST007991,Corporate,UK,Low,20
CUST007992,Corporate,Singapore,High,48
CUST007993,Private Banking,India,Medium,43
CUST007994,Private Banking,Singapore,Medium,42
CUST007995,Retail,UK,Medium,80
CUST007996,Corporate,UAE,High,23
CUST007997,Corporate,India,Very High,65
CUST007998,SME,Singapore,High,45
CUST007999,Private Banking,India,High,50
CUST008000,SME,UK,Medium,44
CUST008001,Corporate,USA,High,22
CUST008002,Private Banking,USA,Medium,62
CUST008003,Private Banking,UK,Very High,48
CUST008004,SME,India,Very High,22
CUST008005,Corporate,UAE,Low,23
CUST008006,Private Banking,UK,Low,56
CUST008007,Private Banking,UK,Low,75
CUST008008,Retail,India,Medium,38
CUST008009,Private Banking,USA,Medium,75
CUST008010,Corporate,USA,Very High,71
CUST008011,SME,UAE,Medium,58
CUST008012,Private Banking,UAE,Very High,42
CUST008013,Corporate,UK,Low,26
CUST008014,SME,UK,Very High,66
CUST008015,Retail,UK,High,25
CUST008016,SME,UAE,High,60
CUST008017,Retail,Singapore,Medium,44
CUST008018,Corporate,UAE,High,29
CUST008019,SME,UAE,Very High,41
CUST008020,Private Banking,Singapore,Very High,41
CUST008021,Corporate,UK,High,18
CUST008022,SME,UK,Medium,56
CUST008023,Private Banking,UK,High,39
CUST008024,SME,UAE,High,58
CUST008025,SME,Singapore,Low,72
CUST008026,Corporate,UAE,Low,39
CUST008027,Corporate,UK,Very High,73
CUST008028,Private Banking,UK,Medium,57
CUST008029,Retail,India,Very High,42
CUST008030,SME,UAE,Low,35
CUST008031,SME,USA,High,75
CUST008032,SME,USA,Very High,22
CUST008033,Corporate,USA,Medium,35
CUST008034,Corporate,Singapore,Low,26
CUST008035,Private Banking,Singapore,High,37
CUST008036,Corporate,Singapore,High,21
CUST008037,SME,USA,High,70
CUST008038,Retail,UK,Very High,50
CUST008039,Private Banking,USA,Low,52
CUST008040,Private Banking,UAE,Medium,74
CUST008041,Corporate,Singapore,Very High,28
CUST008042,Corporate,UAE,Very High,24
CUST008043,Retail,UK,Very High,53
CUST008044,Private Banking,Singapore,Very High,68
CUST008045,Retail,UK,Very High,25
CUST008046,Private Banking,Singapore,Low,65
CUST008047,Private Banking,Singapore,Very High,77
CUST008048,Private Banking,India,Medium,65
CUST008049,Private Banking,Singapore,Low,36
CUST008050,Retail,Singapore,Low,54
CUST008051,Retail,UAE,Very High,44
CUST008052,Retail,UAE,Medium,37
CUST008053,Private Banking,USA,Very High,48
CUST008054,Private Banking,Singapore,Low,50
CUST008055,SME,Singapore,High,47
CUST008056,SME,Singapore,High,49
CUST008057,Private Banking,USA,Very High,46
CUST008058,Retail,UAE,Low,43
CUST008059,Private Banking,India,High,51
CUST008060,Corporate,UAE,Medium,39
CUST008061,Private Banking,USA,High,62
CUST008062,SME,Singapore,High,27
CUST008063,Retail,India,Medium,36
CUST008064,Retail,Singapore,Very High,33
CUST008065,Corporate,UK,High,26
CUST008066,Corporate,UAE,Low,79
CUST008067,Retail,UK,High,51
CUST008068,SME,Singapore,Low,53
CUST008069,Retail,USA,High,23
CUST008070,Private Banking,India,Low,46
CUST008071,Retail,UAE,Very High,48
CUST008072,Private Banking,USA,Medium,70
CUST008073,Retail,Singapore,Low,68
CUST008074,Private Banking,UK,High,33
CUST008075,SME,Singapore,Very High,74
CUST008076,Corporate,Singapore,High,38
CUST008077,Retail,Singapore,High,33
CUST008078,SME,Singapore,Low,20
CUST008079,Retail,Singapore,High,78
CUST008080,Corporate,UAE,Very High,38
CUST008081,Retail,UK,High,72
CUST008082,Private Banking,UAE,Low,32
CUST008083,Retail,UAE,Low,41
CUST008084,Private Banking,USA,Medium,41
CUST008085,SME,Singapore,Low,22
CUST008086,Corporate,Singapore,High,37
CUST008087,Corporate,UAE,Medium,68
CUST008088,Private Banking,UAE,Medium,45
CUST008089,Private Banking,Singapore,Very High,58
CUST008090,Corporate,UK,High,75
CUST008091,Retail,India,Very High,77
CUST008092,SME,Singapore,Very High,73
CUST008093,Private Banking,Singapore,Medium,58
CUST008094,Retail,UAE,Low,35
CUST008095,SME,USA,High,27
CUST008096,SME,India,Low,57
CUST008097,SME,UK,Very High,34
CUST008098,SME,UK,Low,45
CUST008099,Private Banking,USA,Medium,21
CUST008100,SME,USA,Very High,26
CUST008101,Retail,India,Medium,77
CUST008102,Retail,Singapore,Medium,64
CUST008103,SME,USA,Low,24
CUST008104,Corporate,India,High,57
CUST008105,Corporate,UK,Very High,80
CUST008106,Private Banking,India,Very High,53
CUST008107,Retail,UAE,Low,78
CUST008108,SME,India,High,64
CUST008109,Retail,India,High,61
CUST008110,Corporate,UAE,Low,23
CUST008111,SME,India,High,31
CUST008112,SME,UAE,Low,76
CUST008113,Corporate,UAE,High,30
CUST008114,SME,India,Low,25
CUST008115,Corporate,UK,High,57
CUST008116,SME,USA,Low,66
CUST008117,Private Banking,USA,Low,56
CUST008118,Private Banking,USA,Low,56
CUST008119,Retail,Singapore,Very High,36
CUST008120,Retail,UAE,Very High,38
CUST008121,SME,India,High,80
CUST008122,Corporate,USA,Medium,68
CUST008123,Private Banking,India,Low,74
CUST008124,Retail,UAE,Low,24
CUST008125,Retail,UK,Medium,65
CUST008126,Private Banking,India,Very High,36
CUST008127,SME,USA,High,41
CUST008128,SME,UK,Very High,31
CUST008129,SME,India,Low,72
CUST008130,Private Banking,India,Low,41
CUST008131,SME,UK,Medium,69
CUST008132,Retail,UK,Medium,29
CUST008133,Corporate,UAE,Medium,77
CUST008134,Corporate,USA,Low,73
CUST008135,Corporate,USA,Very High,20
CUST008136,Corporate,UAE,High,53
CUST008137,Corporate,UK,High,80
CUST008138,Retail,UAE,Medium,28
CUST008139,Corporate,India,High,75
CUST008140,Private Banking,UK,Low,23
CUST008141,SME,UK,Medium,54
CUST008142,Retail,India,Medium,50
CUST008143,Retail,UAE,Very High,49
CUST008144,Private Banking,India,High,27
CUST008145,Retail,USA,High,61
CUST008146,Private Banking,USA,Low,34
CUST008147,SME,USA,High,27
CUST008148,Retail,India,Medium,38
CUST008149,Corporate,UAE,Medium,56
CUST008150,Retail,Singapore,Very High,19
CUST008151,SME,UAE,Very High,31
CUST008152,Retail,Singapore,Low,41
CUST008153,Private Banking,USA,High,51
CUST008154,Corporate,Singapore,Low,47
CUST008155,Corporate,USA,Very High,78
CUST008156,Retail,Singapore,High,80
CUST008157,Retail,USA,High,62
CUST008158,Retail,UK,Low,38
CUST008159,Retail,India,Low,33
CUST008160,Private Banking,India,Very High,74
CUST008161,Retail,India,Low,79
CUST008162,Corporate,USA,High,37
CUST008163,Retail,Singapore,Medium,60
CUST008164,Corporate,USA,Low,18
CUST008165,Corporate,UK,Medium,38
CUST008166,Corporate,Singapore,Very High,27
CUST008167,Corporate,UK,Very High,23
CUST008168,Corporate,UK,Low,77
CUST008169,SME,USA,Very High,21
CUST008170,Retail,India,Medium,60
CUST008171,SME,India,High,27
CUST008172,Corporate,India,Very High,69
CUST008173,Private Banking,India,Low,24
CUST008174,Corporate,USA,Medium,28
CUST008175,Corporate,India,Very High,65
CUST008176,Corporate,Singapore,Very High,70
CUST008177,Retail,Singapore,Low,42
CUST008178,Private Banking,USA,High,51
CUST008179,Retail,India,Low,22
CUST008180,Retail,Singapore,Medium,32
CUST008181,Retail,India,Very High,47
CUST008182,Private Banking,UK,High,58
CUST008183,Private Banking,UAE,Medium,29
CUST008184,SME,USA,Medium,42
CUST008185,Corporate,India,High,33
CUST008186,Corporate,UK,Very High,75
CUST008187,SME,Singapore,Low,65
CUST008188,Private Banking,UK,Low,38
CUST008189,SME,USA,Low,39
CUST008190,Corporate,India,High,28
CUST008191,Retail,UAE,Medium,43
CUST008192,SME,UK,Very High,49
CUST008193,SME,India,Low,62
CUST008194,Private Banking,Singapore,Very High,36
CUST008195,Retail,India,High,55
CUST008196,Retail,UK,Very High,75
CUST008197,Retail,UK,High,39
CUST008198,Retail,USA,High,55
CUST008199,Corporate,UK,Medium,57
CUST008200,Private Banking,UK,Medium,58
CUST008201,Corporate,Singapore,Medium,24
CUST008202,Private Banking,Singapore,Medium,53
CUST008203,Corporate,Singapore,High,67
CUST008204,Private Banking,Singapore,Low,60
CUST008205,SME,India,Medium,57
CUST008206,Retail,UAE,Medium,42
CUST008207,Corporate,India,Medium,64
CUST008208,Corporate,Singapore,Low,37
CUST008209,Corporate,UAE,Low,33
CUST008210,Retail,UK,High,79
CUST008211,Private Banking,Singapore,High,32
CUST008212,Retail,Singapore,Low,74
CUST008213,SME,UK,Low,32
CUST008214,Retail,India,Low,25
CUST008215,SME,India,High,45
CUST008216,Corporate,UK,Medium,23
CUST008217,Corporate,Singapore,Very High,59
CUST008218,Private Banking,USA,Low,79
CUST008219,Corporate,UK,Medium,65
CUST008220,SME,UAE,Very High,19
CUST008221,SME,UAE,Low,65
CUST008222,Corporate,USA,Very High,43
CUST008223,Private Banking,USA,Very High,62
CUST008224,SME,UK,Very High,60
CUST008225,Private Banking,UK,Low,22
CUST008226,SME,UK,Low,72
CUST008227,Private Banking,UAE,High,57
CUST008228,Private Banking,UAE,Medium,62
CUST008229,Private Banking,UAE,Medium,31
CUST008230,Private Banking,USA,Low,78
CUST008231,Retail,UAE,Low,76
CUST008232,Retail,USA,High,49
CUST008233,Corporate,India,High,58
CUST008234,SME,Singapore,Low,24
CUST008235,Retail,Singapore,Very High,70
CUST008236,Retail,UK,Medium,26
CUST008237,Corporate,USA,Medium,33
CUST008238,SME,Singapore,Low,69
CUST008239,Corporate,Singapore,Medium,25
CUST008240,Private Banking,India,Very High,43
CUST008241,Private Banking,UK,High,76
CUST008242,Private Banking,USA,Very High,20
CUST008243,Private Banking,India,Low,56
CUST008244,Corporate,India,Low,25
CUST008245,Corporate,UAE,Very High,26
CUST008246,SME,USA,Low,76
CUST008247,SME,UAE,Low,38
CUST008248,Corporate,USA,Very High,18
CUST008249,SME,UAE,High,26
CUST008250,SME,UAE,Medium,64
CUST008251,Corporate,UK,High,63
CUST008252,Private Banking,USA,Medium,46
CUST008253,Retail,UK,Very High,59
CUST008254,Private Banking,UK,Low,51
CUST008255,Retail,UK,Very High,58
CUST008256,Retail,India,Very High,51
CUST008257,Corporate,UK,High,21
CUST008258,Retail,Singapore,Very High,70
CUST008259,Corporate,USA,High,28
CUST008260,Corporate,UK,Medium,46
CUST008261,SME,UAE,Very High,45
CUST008262,Retail,UK,High,52
CUST008263,Private Banking,UAE,Low,25
CUST008264,Retail,UAE,Low,51
CUST008265,SME,UAE,Very High,59
CUST008266,SME,UK,Very High,47
CUST008267,Corporate,USA,Very High,46
CUST008268,Corporate,UK,Medium,47
CUST008269,SME,Singapore,Low,58
CUST008270,Retail,UK,Very High,49
CUST008271,Corporate,UK,Low,70
CUST008272,SME,UK,High,58
CUST008273,Corporate,UK,Very High,56
CUST008274,Private Banking,India,Very High,56
CUST008275,Retail,UAE,Very High,59
CUST008276,Retail,UK,High,39
CUST008277,SME,India,Low,22
CUST008278,Private Banking,Singapore,Low,67
CUST008279,Corporate,India,Medium,48
CUST008280,SME,UK,Medium,24
CUST008281,SME,USA,High,42
CUST008282,Private Banking,Singapore,High,21
CUST008283,Corporate,UK,High,68
CUST008284,SME,UK,Low,49
CUST008285,Private Banking,UK,High,45
CUST008286,Corporate,Singapore,Very High,37
CUST008287,SME,UK,Medium,46
CUST008288,Corporate,Singapore,Medium,68
CUST008289,SME,India,Medium,26
CUST008290,Retail,UK,Low,18
CUST008291,Private Banking,UK,Very High,20
CUST008292,Private Banking,Singapore,Very High,39
CUST008293,SME,India,Low,64
CUST008294,Corporate,USA,Very High,44
CUST008295,Retail,USA,Very High,46
CUST008296,SME,UAE,Medium,41
CUST008297,Retail,India,Medium,28
CUST008298,Retail,USA,High,42
CUST008299,SME,Singapore,Low,41
CUST008300,Retail,UAE,High,20
CUST008301,Private Banking,USA,Very High,76
CUST008302,Retail,UK,High,35
CUST008303,Corporate,Singapore,Medium,43
CUST008304,Corporate,USA,High,22
CUST008305,Retail,India,Low,68
CUST008306,SME,India,Very High,49
CUST008307,Private Banking,India,High,21
CUST008308,Private Banking,Singapore,Medium,78
CUST008309,SME,India,High,25
CUST008310,Private Banking,UK,Low,56
CUST008311,Private Banking,UAE,Medium,74
CUST008312,Private Banking,India,High,51
CUST008313,Private Banking,UK,Medium,23
CUST008314,Corporate,Singapore,High,75
CUST008315,SME,Singapore,Low,49
CUST008316,Retail,UK,Medium,23
CUST008317,Retail,UAE,Very High,28
CUST008318,SME,Singapore,Very High,34
CUST008319,Corporate,USA,Medium,64
CUST008320,Private Banking,UAE,High,28
CUST008321,Private Banking,India,Low,49
CUST008322,Private Banking,UAE,Very High,79
CUST008323,SME,USA,Low,25
CUST008324,Retail,India,Medium,20
CUST008325,Corporate,Singapore,Medium,78
CUST008326,SME,USA,Medium,41
CUST008327,SME,Singapore,Medium,47
CUST008328,Private Banking,UK,Low,35
CUST008329,Corporate,USA,Low,43
CUST008330,SME,Singapore,High,35
CUST008331,Private Banking,USA,High,44
CUST008332,Retail,UK,Low,77
CUST008333,SME,UAE,Low,43
CUST008334,Corporate,UK,High,26
CUST008335,Private Banking,USA,Medium,30
CUST008336,Private Banking,India,Medium,25
CUST008337,Corporate,UAE,Low,65
CUST008338,Private Banking,USA,Low,37
CUST008339,Private Banking,UAE,Low,21
CUST008340,SME,USA,Very High,60
CUST008341,Corporate,UK,High,23
CUST008342,Retail,UK,Medium,49
CUST008343,Private Banking,India,Medium,57
CUST008344,Private Banking,UAE,Low,39
CUST008345,Retail,Singapore,High,44
CUST008346,SME,Singapore,Very High,70
CUST008347,SME,UK,Very High,60
CUST008348,Corporate,UK,Very High,18
CUST008349,Corporate,USA,High,73
CUST008350,Retail,India,Low,76
CUST008351,Private Banking,UK,Very High,64
CUST008352,SME,Singapore,Medium,61
CUST008353,Private Banking,UAE,Low,66
CUST008354,Retail,India,Very High,50
CUST008355,Corporate,India,Medium,40
CUST008356,SME,UAE,Medium,68
CUST008357,Retail,UAE,High,78
CUST008358,SME,Singapore,Medium,74
CUST008359,SME,UK,Medium,52
CUST008360,Corporate,India,Very High,39
CUST008361,Private Banking,UAE,Low,49
CUST008362,Private Banking,UK,Very High,28
CUST008363,SME,UK,High,71
CUST008364,SME,UAE,Very High,18
CUST008365,Private Banking,USA,Medium,33
CUST008366,Corporate,India,Medium,64
CUST008367,SME,UAE,Medium,43
CUST008368,Retail,UK,Medium,72
CUST008369,Private Banking,UAE,Very High,42
CUST008370,Retail,USA,Low,48
CUST008371,Corporate,UAE,High,33
CUST008372,Retail,India,Low,29
CUST008373,SME,UAE,High,18
CUST008374,SME,UAE,Low,35
CUST008375,Private Banking,India,Medium,53
CUST008376,Retail,Singapore,Medium,46
CUST008377,Retail,UK,Medium,61
CUST008378,Retail,Singapore,Very High,36
CUST008379,Private Banking,Singapore,Very High,70
CUST008380,SME,USA,Medium,58
CUST008381,SME,UAE,High,73
CUST008382,Corporate,UK,Medium,49
CUST008383,Private Banking,Singapore,Medium,64
CUST008384,SME,UAE,Medium,27
CUST008385,Corporate,India,Very High,29
CUST008386,Retail,USA,High,57
CUST008387,Retail,UAE,Low,60
CUST008388,Retail,USA,Low,56
CUST008389,Retail,UK,Low,57
CUST008390,SME,Singapore,Very High,64
CUST008391,SME,UAE,Medium,35
CUST008392,Corporate,UK,Medium,29
CUST008393,Private Banking,UK,High,26
CUST008394,Private Banking,UAE,Medium,69
CUST008395,SME,UAE,Medium,29
CUST008396,SME,India,High,40
CUST008397,SME,Singapore,High,21
CUST008398,Retail,UAE,Medium,67
CUST008399,SME,USA,Very High,34
CUST008400,Corporate,India,Low,63
CUST008401,Private Banking,UK,Low,45
CUST008402,Retail,USA,Very High,29
CUST008403,Corporate,USA,High,74
CUST008404,Retail,Singapore,Medium,55
CUST008405,Private Banking,UAE,Low,78
CUST008406,Corporate,UAE,High,72
CUST008407,SME,USA,Very High,43
CUST008408,Corporate,UAE,Low,80
CUST008409,Retail,USA,Low,31
CUST008410,SME,India,Very High,27
CUST008411,SME,USA,Low,55
CUST008412,Retail,USA,High,80
CUST008413,Private Banking,UK,High,73
CUST008414,Retail,UAE,Medium,45
CUST008415,Corporate,India,Very High,47
CUST008416,Private Banking,UK,High,57
CUST008417,Retail,USA,Very High,70
CUST008418,Private Banking,USA,Very High,43
CUST008419,Retail,Singapore,Medium,30
CUST008420,Private Banking,UK,High,54
CUST008421,Corporate,India,High,33
CUST008422,Private Banking,India,High,30
CUST008423,Corporate,Singapore,High,56
CUST008424,Retail,UAE,Medium,45
CUST008425,SME,India,Very High,47
CUST008426,Private Banking,UK,High,27
CUST008427,SME,Singapore,Low,72
CUST008428,SME,UK,Medium,79
CUST008429,Retail,USA,Very High,30
CUST008430,Retail,USA,Low,76
CUST008431,SME,UK,Very High,31
CUST008432,Retail,UAE,High,24
CUST008433,Retail,Singapore,High,52
CUST008434,SME,USA,High,18
CUST008435,SME,Singapore,Medium,48
CUST008436,Retail,India,High,38
CUST008437,SME,UK,Low,79
CUST008438,SME,UK,Very High,64
CUST008439,SME,UK,Medium,22
CUST008440,Private Banking,India,Low,75
CUST008441,Private Banking,Singapore,Medium,66
CUST008442,Corporate,UK,Very High,58
CUST008443,Retail,UK,High,73
CUST008444,SME,Singapore,Medium,38
CUST008445,Corporate,India,Very High,69
CUST008446,Private Banking,USA,Medium,62
CUST008447,SME,India,Very High,77
CUST008448,SME,USA,High,39
CUST008449,Retail,Singapore,High,40
CUST008450,Private Banking,India,Very High,54
CUST008451,Retail,USA,Low,45
CUST008452,SME,UK,High,56
CUST008453,SME,India,High,38
CUST008454,SME,UAE,High,24
CUST008455,SME,Singapore,Very High,25
CUST008456,SME,UAE,Very High,62
CUST008457,Corporate,UAE,Low,45
CUST008458,Retail,UAE,Low,38
CUST008459,Corporate,Singapore,Medium,46
CUST008460,Retail,UAE,Medium,42
CUST008461,Private Banking,India,Medium,49
CUST008462,Corporate,UAE,Low,44
CUST008463,Corporate,Singapore,Low,29
CUST008464,Retail,UAE,High,72
CUST008465,Retail,UAE,Very High,26
CUST008466,Private Banking,UAE,Medium,72
CUST008467,Retail,UK,Low,53
CUST008468,Private Banking,Singapore,Medium,22
CUST008469,Retail,UAE,Very High,53
CUST008470,Private Banking,UK,Very High,62
CUST008471,Corporate,UAE,High,18
CUST008472,Retail,USA,Medium,58
CUST008473,Corporate,UK,Medium,74
CUST008474,Retail,UAE,High,38
CUST008475,Retail,UK,Very High,71
CUST008476,Retail,UAE,Low,36
CUST008477,SME,USA,High,21
CUST008478,SME,USA,Very High,26
CUST008479,Private Banking,UAE,High,36
CUST008480,Corporate,UAE,Very High,70
CUST008481,Retail,USA,High,23
CUST008482,Corporate,Singapore,High,77
CUST008483,Retail,USA,High,43
CUST008484,SME,UAE,Low,31
CUST008485,Corporate,UK,Medium,50
CUST008486,SME,Singapore,Low,78
CUST008487,SME,Singapore,Very High,49
CUST008488,SME,UK,Medium,77
CUST008489,Corporate,USA,High,57
CUST008490,Retail,USA,Very High,74
CUST008491,Private Banking,UAE,Medium,50
CUST008492,Corporate,USA,Very High,63
CUST008493,SME,Singapore,High,63
CUST008494,Corporate,Singapore,Very High,62
CUST008495,Private Banking,Singapore,Very High,43
CUST008496,SME,USA,Very High,24
CUST008497,Retail,UAE,Low,79
CUST008498,Private Banking,UK,Medium,79
CUST008499,Corporate,USA,High,40
CUST008500,SME,USA,High,77
CUST008501,Corporate,India,Very High,60
CUST008502,Corporate,USA,Medium,56
CUST008503,Corporate,USA,Very High,33
CUST008504,Retail,USA,Very High,63
CUST008505,SME,USA,High,38
CUST008506,Corporate,India,Very High,55
CUST008507,SME,USA,High,76
CUST008508,SME,India,High,75
CUST008509,Retail,UK,Medium,76
CUST008510,Retail,UK,High,37
CUST008511,Retail,USA,Very High,47
CUST008512,Private Banking,Singapore,High,76
CUST008513,SME,USA,High,49
CUST008514,Corporate,India,High,19
CUST008515,Corporate,Singapore,Very High,58
CUST008516,Private Banking,India,Medium,41
CUST008517,Corporate,UAE,Very High,42
CUST008518,SME,India,Very High,68
CUST008519,Private Banking,USA,Very High,38
CUST008520,Retail,India,Low,43
CUST008521,Corporate,India,High,19
CUST008522,Private Banking,Singapore,Medium,35
CUST008523,Private Banking,India,High,64
CUST008524,Retail,UK,Low,63
CUST008525,Retail,UAE,Low,50
CUST008526,SME,USA,Medium,26
CUST008527,Retail,USA,Medium,70
CUST008528,Corporate,India,Medium,57
CUST008529,Retail,India,Medium,55
CUST008530,Corporate,India,Low,68
CUST008531,Retail,UK,Very High,34
CUST008532,Private Banking,Singapore,Low,63
CUST008533,Corporate,UK,High,26
CUST008534,SME,UAE,Medium,62
CUST008535,Retail,UK,Very High,40
CUST008536,Private Banking,UK,High,42
CUST008537,Corporate,UK,Medium,70
CUST008538,Private Banking,Singapore,Medium,31
CUST008539,SME,USA,High,74
CUST008540,Private Banking,UK,Low,54
CUST008541,Retail,Singapore,High,53
CUST008542,SME,India,Medium,36
CUST008543,Retail,Singapore,Low,25
CUST008544,Private Banking,India,Very High,60
CUST008545,Corporate,UK,Low,30
CUST008546,Corporate,USA,Medium,73
CUST008547,Corporate,India,Very High,61
CUST008548,Private Banking,Singapore,Medium,36
CUST008549,SME,India,Very High,25
CUST008550,SME,India,Medium,23
CUST008551,Private Banking,India,Very High,60
CUST008552,SME,USA,Medium,79
CUST008553,SME,India,Very High,47
CUST008554,Retail,India,Low,52
CUST008555,Retail,Singapore,Medium,76
CUST008556,SME,UAE,Very High,76
CUST008557,Retail,Singapore,High,46
CUST008558,Corporate,Singapore,High,45
CUST008559,Corporate,UK,Low,75
CUST008560,Retail,USA,Medium,40
CUST008561,Corporate,UAE,Medium,51
CUST008562,Private Banking,Singapore,Very High,28
CUST008563,Corporate,India,Medium,32
CUST008564,Corporate,USA,Medium,21
CUST008565,SME,India,Very High,58
CUST008566,Corporate,USA,Low,34
CUST008567,Corporate,India,Low,56
CUST008568,Retail,Singapore,High,67
CUST008569,Private Banking,Singapore,Very High,57
CUST008570,SME,USA,High,33
CUST008571,Retail,India,Very High,72
CUST008572,Private Banking,Singapore,Medium,31
CUST008573,SME,UAE,Very High,80
CUST008574,Corporate,Singapore,High,52
CUST008575,Retail,Singapore,High,54
CUST008576,Private Banking,UAE,Medium,33
CUST008577,Corporate,USA,High,64
CUST008578,Corporate,Singapore,Low,22
CUST008579,Retail,India,High,61
CUST008580,Corporate,UK,High,53
CUST008581,Corporate,UAE,Medium,18
CUST008582,Private Banking,UK,Low,41
CUST008583,Retail,USA,Very High,18
CUST008584,SME,Singapore,Medium,24
CUST008585,Private Banking,UAE,High,57
CUST008586,Retail,Singapore,High,67
CUST008587,Corporate,USA,Medium,54
CUST008588,Retail,India,Medium,29
CUST008589,Retail,UK,Low,64
CUST008590,Retail,Singapore,Very High,26
CUST008591,Retail,India,Medium,76
CUST008592,Private Banking,Singapore,High,70
CUST008593,Private Banking,UK,High,74
CUST008594,Retail,Singapore,Very High,31
CUST008595,Private Banking,India,Low,49
CUST008596,Private Banking,Singapore,Medium,62
CUST008597,Retail,Singapore,Medium,40
CUST008598,Retail,UAE,Very High,45
CUST008599,Private Banking,USA,Medium,25
CUST008600,SME,UAE,High,44
CUST008601,SME,India,Medium,31
CUST008602,Corporate,UK,High,53
CUST008603,SME,USA,High,79
CUST008604,Private Banking,UK,Very High,28
CUST008605,Retail,USA,Medium,56
CUST008606,Corporate,USA,Low,55
CUST008607,Corporate,UK,Low,66
CUST008608,Corporate,UAE,High,76
CUST008609,SME,UAE,Very High,72
CUST008610,SME,UAE,Medium,40
CUST008611,Private Banking,UK,High,52
CUST008612,Private Banking,UK,Very High,45
CUST008613,Private Banking,USA,High,75
CUST008614,Corporate,UAE,Very High,64
CUST008615,Retail,UK,Low,53
CUST008616,Private Banking,UK,Low,43
CUST008617,Private Banking,USA,Very High,77
CUST008618,Corporate,UK,Low,24
CUST008619,Corporate,USA,Low,38
CUST008620,SME,UK,Very High,50
CUST008621,Private Banking,India,High,73
CUST008622,SME,UAE,High,42
CUST008623,Private Banking,USA,High,20
CUST008624,Retail,UK,Very High,44
CUST008625,Retail,UAE,Medium,50
CUST008626,SME,USA,High,20
CUST008627,Corporate,India,Very High,27
CUST008628,Private Banking,UK,Low,72
CUST008629,SME,India,Medium,29
CUST008630,Corporate,Singapore,Low,29
CUST008631,SME,USA,Low,29
CUST008632,Corporate,UK,Very High,80
CUST008633,SME,UAE,Very High,33
CUST008634,Corporate,India,High,50
CUST008635,Private Banking,UK,Very High,58
CUST008636,Retail,UK,Low,26
CUST008637,Corporate,UK,High,66
CUST008638,SME,USA,High,32
CUST008639,SME,UK,High,54
CUST008640,Retail,UAE,High,32
CUST008641,Corporate,USA,High,27
CUST008642,SME,USA,Very High,59
CUST008643,Corporate,India,Medium,18
CUST008644,Retail,India,Low,49
CUST008645,Corporate,USA,Very High,33
CUST008646,Retail,India,Low,36
CUST008647,Private Banking,Singapore,Medium,45
CUST008648,Retail,USA,Low,77
CUST008649,Retail,UK,Low,36
CUST008650,Corporate,USA,Very High,58
CUST008651,Retail,USA,Very High,75
CUST008652,Corporate,India,Low,72
CUST008653,Corporate,USA,Very High,41
CUST008654,SME,UK,High,40
CUST008655,Corporate,Singapore,Low,19
CUST008656,Corporate,Singapore,Low,61
CUST008657,Corporate,India,Medium,52
CUST008658,Private Banking,UK,High,54
CUST008659,Retail,UAE,Very High,29
CUST008660,Corporate,UK,Low,63
CUST008661,Corporate,UK,Low,39
CUST008662,Retail,USA,Low,54
CUST008663,SME,UAE,High,71
CUST008664,Private Banking,UAE,Low,80
CUST008665,Private Banking,USA,Very High,60
CUST008666,Retail,UAE,Low,76
CUST008667,Private Banking,USA,High,25
CUST008668,SME,UK,Low,28
CUST008669,Corporate,USA,Medium,42
CUST008670,Corporate,UK,High,52
CUST008671,SME,UAE,Very High,65
CUST008672,Retail,UAE,Medium,74
CUST008673,SME,UAE,Low,70
CUST008674,Corporate,UAE,High,56
CUST008675,Retail,UAE,Low,72
CUST008676,SME,UAE,Very High,25
CUST008677,Retail,India,Medium,63
CUST008678,SME,UK,Low,60
CUST008679,SME,India,High,41
CUST008680,Private Banking,USA,Low,39
CUST008681,Private Banking,Singapore,High,56
CUST008682,Corporate,Singapore,High,77
CUST008683,Private Banking,Singapore,Medium,48
CUST008684,Corporate,USA,High,55
CUST008685,Retail,Singapore,Very High,74
CUST008686,Private Banking,India,Low,53
CUST008687,Retail,India,Low,64
CUST008688,SME,Singapore,Very High,57
CUST008689,Corporate,Singapore,Medium,30
CUST008690,Retail,UK,Medium,28
CUST008691,Corporate,India,Very High,18
CUST008692,Private Banking,India,Medium,49
CUST008693,Private Banking,USA,Very High,33
CUST008694,SME,USA,Very High,66
CUST008695,Retail,USA,Low,30
CUST008696,SME,Singapore,Low,71
CUST008697,SME,Singapore,Low,37
CUST008698,Corporate,USA,High,60
CUST008699,SME,UK,Low,56
CUST008700,Private Banking,USA,Low,44
CUST008701,Corporate,USA,High,48
CUST008702,Retail,India,High,80
CUST008703,SME,UK,Low,18
CUST008704,SME,USA,High,28
CUST008705,SME,UK,Low,49
CUST008706,Retail,India,Medium,72
CUST008707,Retail,Singapore,Very High,49
CUST008708,Corporate,Singapore,High,20
CUST008709,SME,India,High,65
CUST008710,Private Banking,USA,Medium,39
CUST008711,Retail,UAE,Medium,32
CUST008712,SME,UK,Low,32
CUST008713,Private Banking,USA,Medium,66
CUST008714,SME,India,Low,58
CUST008715,Corporate,Singapore,Very High,57
CUST008716,Private Banking,USA,High,36
CUST008717,Private Banking,Singapore,Low,23
CUST008718,Private Banking,UAE,Low,58
CUST008719,Retail,UAE,Medium,20
CUST008720,SME,India,Medium,35
CUST008721,Retail,UAE,Very High,45
CUST008722,Corporate,UK,Medium,42
CUST008723,SME,USA,Medium,25
CUST008724,SME,UK,Low,58
CUST008725,Retail,India,Medium,35
CUST008726,Corporate,USA,Very High,52
CUST008727,Corporate,India,Medium,70
CUST008728,Retail,USA,High,50
CUST008729,Corporate,UK,High,60
CUST008730,Corporate,USA,Very High,27
CUST008731,Corporate,UK,Very High,71
CUST008732,SME,India,High,49
CUST008733,Corporate,UK,Medium,61
CUST008734,Retail,UAE,High,44
CUST008735,SME,USA,High,55
CUST008736,Retail,UK,Very High,38
CUST008737,Retail,UK,High,34
CUST008738,Corporate,UAE,High,49
CUST008739,Corporate,USA,Low,69
CUST008740,Corporate,UK,Medium,38
CUST008741,SME,USA,Very High,37
CUST008742,Private Banking,UK,Low,74
CUST008743,SME,India,High,33
CUST008744,Retail,UAE,High,27
CUST008745,Retail,Singapore,Low,32
CUST008746,Private Banking,USA,Very High,39
CUST008747,Corporate,USA,Medium,57
CUST008748,SME,UAE,Very High,48
CUST008749,SME,UAE,Low,41
CUST008750,Corporate,Singapore,Medium,34
CUST008751,Retail,Singapore,High,80
CUST008752,Retail,Singapore,Medium,35
CUST008753,Retail,Singapore,High,48
CUST008754,SME,Singapore,Medium,80
CUST008755,Private Banking,Singapore,Low,46
CUST008756,Corporate,India,Very High,40
CUST008757,SME,UAE,Low,78
CUST008758,Retail,UAE,Medium,28
CUST008759,SME,USA,Very High,78
CUST008760,Private Banking,Singapore,Medium,79
CUST008761,Corporate,Singapore,Low,18
CUST008762,Corporate,USA,Medium,79
CUST008763,Private Banking,UK,High,61
CUST008764,SME,UAE,Medium,28
CUST008765,Retail,USA,High,69
CUST008766,Corporate,India,Low,53
CUST008767,Corporate,USA,Low,51
CUST008768,Retail,India,High,29
CUST008769,Retail,UAE,Medium,36
CUST008770,SME,India,Very High,34
CUST008771,SME,Singapore,High,39
CUST008772,SME,UK,Medium,30
CUST008773,Corporate,USA,Very High,63
CUST008774,Retail,USA,Very High,26
CUST008775,Retail,UK,Low,71
CUST008776,SME,Singapore,High,27
CUST008777,Corporate,Singapore,Low,73
CUST008778,Retail,USA,Low,61
CUST008779,Private Banking,Singapore,Low,42
CUST008780,SME,Singapore,Medium,36
CUST008781,SME,India,Very High,66
CUST008782,SME,UK,High,48
CUST008783,SME,USA,Low,77
CUST008784,Private Banking,India,Medium,23
CUST008785,SME,UK,Very High,57
CUST008786,Private Banking,USA,Low,21
CUST008787,SME,UK,Low,54
CUST008788,SME,UAE,Medium,35
CUST008789,Corporate,USA,High,29
CUST008790,Retail,UAE,Very High,54
CUST008791,Retail,UK,Medium,70
CUST008792,SME,India,Low,77
CUST008793,Private Banking,UAE,High,24
CUST008794,Private Banking,UAE,High,72
CUST008795,Retail,India,Low,21
CUST008796,Corporate,UK,High,80
CUST008797,Retail,Singapore,Very High,46
CUST008798,Private Banking,India,Low,60
CUST008799,SME,Singapore,Low,42
CUST008800,SME,UK,Very High,41
CUST008801,Retail,India,Low,19
CUST008802,SME,UAE,Very High,66
CUST008803,Corporate,UAE,High,33
CUST008804,Private Banking,Singapore,High,72
CUST008805,Private Banking,India,High,69
CUST008806,Corporate,USA,Low,73
CUST008807,Private Banking,Singapore,Low,77
CUST008808,SME,India,Medium,55
CUST008809,Retail,USA,Medium,30
CUST008810,Private Banking,Singapore,Very High,80
CUST008811,SME,UK,Low,23
CUST008812,SME,USA,Low,65
CUST008813,SME,India,Low,27
CUST008814,Private Banking,Singapore,Medium,46
CUST008815,Retail,UK,Low,42
CUST008816,Private Banking,UK,Medium,61
CUST008817,Corporate,Singapore,Medium,54
CUST008818,SME,UK,High,72
CUST008819,Private Banking,UK,High,49
CUST008820,Private Banking,Singapore,Low,45
CUST008821,Retail,UK,High,40
CUST008822,Retail,Singapore,Very High,39
CUST008823,SME,UK,High,28
CUST008824,SME,UAE,Medium,80
CUST008825,Corporate,UAE,Very High,46
CUST008826,Private Banking,Singapore,Medium,44
CUST008827,Private Banking,UAE,Low,49
CUST008828,Corporate,UAE,Low,35
CUST008829,Corporate,UK,Medium,66
CUST008830,SME,UK,Medium,62
CUST008831,Retail,UK,Very High,34
CUST008832,SME,UK,High,56
CUST008833,Private Banking,USA,Low,42
CUST008834,Corporate,Singapore,Very High,23
CUST008835,Private Banking,India,Medium,36
CUST008836,Private Banking,Singapore,Low,24
CUST008837,Private Banking,India,Low,40
CUST008838,Private Banking,UK,Medium,74
CUST008839,Corporate,Singapore,Low,24
CUST008840,Corporate,UK,Medium,34
CUST008841,Retail,India,High,19
CUST008842,Corporate,Singapore,Very High,57
CUST008843,Retail,USA,Very High,71
CUST008844,Retail,USA,Medium,39
CUST008845,Corporate,UK,Medium,45
CUST008846,Corporate,UK,High,58
CUST008847,Private Banking,UK,Very High,54
CUST008848,Private Banking,UK,Medium,40
CUST008849,Corporate,Singapore,Low,64
CUST008850,Corporate,Singapore,Very High,51
CUST008851,SME,UAE,High,43
CUST008852,Corporate,USA,Very High,74
CUST008853,Corporate,India,Very High,51
CUST008854,Private Banking,UAE,Medium,66
CUST008855,Corporate,Singapore,Low,66
CUST008856,Retail,UK,Low,52
CUST008857,Private Banking,UAE,High,41
CUST008858,Retail,India,Medium,61
CUST008859,SME,UK,Very High,48
CUST008860,Retail,USA,Medium,47
CUST008861,Corporate,Singapore,Medium,46
CUST008862,Retail,India,Low,64
CUST008863,SME,USA,High,73
CUST008864,Private Banking,Singapore,High,22
CUST008865,Private Banking,UK,Very High,21
CUST008866,Corporate,Singapore,Medium,20
CUST008867,SME,UAE,Low,32
CUST008868,Retail,India,High,37
CUST008869,Private Banking,UK,Low,57
CUST008870,Private Banking,Singapore,High,22
CUST008871,Retail,Singapore,Very High,49
CUST008872,Corporate,USA,Low,42
CUST008873,SME,Singapore,High,20
CUST008874,Retail,India,Very High,22
CUST008875,SME,India,Medium,78
CUST008876,Private Banking,India,Very High,24
CUST008877,Corporate,UAE,Very High,55
CUST008878,Retail,USA,Very High,48
CUST008879,SME,UAE,Medium,80
CUST008880,Retail,UAE,Medium,46
CUST008881,Corporate,USA,Medium,49
CUST008882,Corporate,UAE,Low,23
CUST008883,Retail,India,Very High,58
CUST008884,Private Banking,UAE,High,21
CUST008885,Retail,USA,Very High,21
CUST008886,Retail,USA,Medium,26
CUST008887,Corporate,UAE,Very High,65
CUST008888,Retail,USA,Low,42
CUST008889,Retail,India,High,68
CUST008890,SME,UAE,Low,18
CUST008891,Private Banking,India,Low,24
CUST008892,Retail,Singapore,Medium,26
CUST008893,Retail,Singapore,Very High,53
CUST008894,SME,USA,Low,38
CUST008895,Retail,India,Low,77
CUST008896,Retail,USA,Low,64
CUST008897,Private Banking,USA,Medium,68
CUST008898,Corporate,USA,Low,18
CUST008899,Private Banking,UAE,Very High,57
CUST008900,Private Banking,India,Low,71
CUST008901,Retail,UK,High,23
CUST008902,Retail,UAE,Medium,71
CUST008903,SME,USA,Medium,65
CUST008904,SME,UK,Low,54
CUST008905,Private Banking,UK,Medium,76
CUST008906,Corporate,USA,Very High,25
CUST008907,Private Banking,UAE,Medium,24
CUST008908,Retail,UAE,Low,73
CUST008909,SME,UK,High,72
CUST008910,Corporate,USA,Very High,38
CUST008911,Corporate,India,Medium,63
CUST008912,Corporate,Singapore,Low,72
CUST008913,SME,UK,High,58
CUST008914,Retail,UK,Very High,78
CUST008915,Corporate,USA,High,18
CUST008916,SME,UK,Medium,79
CUST008917,Corporate,Singapore,Very High,31
CUST008918,SME,UK,Medium,32
CUST008919,Retail,UAE,High,36
CUST008920,Private Banking,UAE,Low,72
CUST008921,SME,Singapore,Low,27
CUST008922,Retail,UAE,Low,62
CUST008923,SME,USA,Medium,18
CUST008924,SME,India,Very High,46
CUST008925,Private Banking,UAE,High,37
CUST008926,SME,Singapore,Very High,53
CUST008927,Retail,UAE,Medium,57
CUST008928,Retail,India,High,57
CUST008929,Private Banking,Singapore,Low,62
CUST008930,Private Banking,UAE,Very High,73
CUST008931,Private Banking,UAE,Medium,54
CUST008932,Private Banking,India,Medium,78
CUST008933,Private Banking,UK,Low,76
CUST008934,Retail,UK,Very High,25
CUST008935,Private Banking,UK,High,73
CUST008936,Corporate,UK,High,64
CUST008937,Corporate,UAE,High,47
CUST008938,Private Banking,India,Medium,62
CUST008939,Private Banking,India,High,30
CUST008940,Corporate,Singapore,Very High,50
CUST008941,SME,Singapore,Very High,67
CUST008942,SME,Singapore,Medium,69
CUST008943,Private Banking,UAE,Very High,79
CUST008944,Corporate,UK,High,26
CUST008945,Private Banking,UK,High,80
CUST008946,Private Banking,UK,High,58
CUST008947,Corporate,India,Medium,75
CUST008948,Retail,India,Medium,59
CUST008949,Retail,UK,Medium,42
CUST008950,Private Banking,UK,High,40
CUST008951,SME,USA,Medium,80
CUST008952,SME,Singapore,Medium,37
CUST008953,Corporate,Singapore,Medium,40
CUST008954,Private Banking,UAE,Medium,26
CUST008955,Private Banking,UK,Very High,60
CUST008956,Corporate,UK,Medium,60
CUST008957,Retail,Singapore,Low,25
CUST008958,SME,Singapore,Very High,58
CUST008959,Private Banking,India,Low,75
CUST008960,Corporate,UAE,Very High,80
CUST008961,Retail,India,High,74
CUST008962,Retail,India,Low,40
CUST008963,Retail,UAE,Medium,31
CUST008964,Retail,UK,Medium,57
CUST008965,Corporate,Singapore,Low,25
CUST008966,Corporate,USA,Very High,74
CUST008967,Private Banking,UK,Low,54
CUST008968,Retail,UAE,Medium,75
CUST008969,Private Banking,UK,Low,41
CUST008970,Private Banking,USA,Medium,25
CUST008971,Corporate,India,Low,59
CUST008972,Retail,India,Low,59
CUST008973,Corporate,UK,Medium,18
CUST008974,Retail,Singapore,Very High,49
CUST008975,SME,Singapore,Low,61
CUST008976,Private Banking,UK,Very High,54
CUST008977,Corporate,Singapore,Very High,59
CUST008978,Private Banking,Singapore,Low,71
CUST008979,SME,UAE,Medium,77
CUST008980,SME,UAE,Very High,44
CUST008981,SME,India,Low,37
CUST008982,SME,India,Low,47
CUST008983,Corporate,Singapore,Very High,23
CUST008984,Corporate,India,High,72
CUST008985,SME,UAE,High,26
CUST008986,SME,India,Very High,60
CUST008987,Corporate,UAE,Low,36
CUST008988,SME,USA,Medium,71
CUST008989,Retail,UAE,Very High,37
CUST008990,SME,USA,High,76
CUST008991,Corporate,India,High,52
CUST008992,Corporate,UAE,High,33
CUST008993,Corporate,UAE,High,26
CUST008994,Private Banking,Singapore,High,39
CUST008995,Private Banking,USA,Medium,29
CUST008996,Corporate,UK,High,62
CUST008997,Corporate,India,High,27
CUST008998,Retail,India,Low,25
CUST008999,Corporate,USA,Very High,25
CUST009000,Retail,UAE,Very High,51
CUST009001,Corporate,UK,High,31
CUST009002,Retail,UK,Very High,63
CUST009003,Private Banking,UAE,Medium,80
CUST009004,Private Banking,USA,Medium,72
CUST009005,SME,Singapore,High,69
CUST009006,SME,India,Low,65
CUST009007,SME,UK,High,78
CUST009008,SME,USA,High,73
CUST009009,SME,UK,Very High,62
CUST009010,SME,UAE,Very High,60
CUST009011,SME,India,Medium,70
CUST009012,Corporate,Singapore,High,41
CUST009013,Private Banking,India,Low,32
CUST009014,Retail,India,Low,46
CUST009015,Corporate,India,Very High,33
CUST009016,SME,UK,Medium,44
CUST009017,SME,UK,Medium,25
CUST009018,Corporate,India,High,45
CUST009019,Corporate,UK,Medium,53
CUST009020,Private Banking,USA,Very High,22
CUST009021,Private Banking,India,Medium,38
CUST009022,SME,UK,Low,76
CUST009023,Retail,UK,High,52
CUST009024,SME,UK,Very High,28
CUST009025,Private Banking,Singapore,Very High,68
CUST009026,Corporate,Singapore,Medium,72
CUST009027,Retail,UAE,Low,67
CUST009028,SME,India,Medium,77
CUST009029,Private Banking,USA,Very High,53
CUST009030,Corporate,Singapore,Very High,48
CUST009031,Corporate,India,High,32
CUST009032,Private Banking,UAE,Medium,21
CUST009033,Private Banking,UK,Low,70
CUST009034,Private Banking,UAE,Low,61
CUST009035,SME,USA,High,79
CUST009036,Private Banking,USA,High,54
CUST009037,Corporate,UK,Low,44
CUST009038,Corporate,USA,Medium,31
CUST009039,Retail,India,Low,38
CUST009040,Private Banking,USA,High,37
CUST009041,Retail,Singapore,Very High,65
CUST009042,SME,India,Low,43
CUST009043,Retail,Singapore,Very High,33
CUST009044,SME,Singapore,High,65
CUST009045,Retail,USA,High,73
CUST009046,SME,Singapore,Low,45
CUST009047,Corporate,UAE,Low,30
CUST009048,Retail,UAE,Medium,69
CUST009049,Private Banking,India,High,50
CUST009050,Corporate,UK,High,37
CUST009051,SME,India,Low,47
CUST009052,Corporate,UK,Very High,65
CUST009053,Private Banking,UAE,High,25
CUST009054,Corporate,UAE,High,73
CUST009055,Retail,USA,Medium,24
CUST009056,Private Banking,Singapore,Medium,66
CUST009057,SME,UK,Medium,72
CUST009058,SME,UAE,Medium,20
CUST009059,Corporate,UAE,High,47
CUST009060,Private Banking,UAE,Low,47
CUST009061,Retail,Singapore,High,19
CUST009062,Private Banking,UAE,Very High,45
CUST009063,Retail,UAE,High,19
CUST009064,Corporate,Singapore,Very High,23
CUST009065,Retail,UAE,Very High,41
CUST009066,Corporate,Singapore,Medium,42
CUST009067,Corporate,UAE,High,73
CUST009068,Retail,UK,Low,29
CUST009069,Corporate,India,High,30
CUST009070,Private Banking,USA,High,50
CUST009071,SME,UK,Very High,21
CUST009072,Retail,India,Low,53
CUST009073,SME,India,Very High,24
CUST009074,Private Banking,Singapore,Low,55
CUST009075,SME,USA,Medium,48
CUST009076,Retail,USA,Low,50
CUST009077,SME,USA,Low,79
CUST009078,Private Banking,USA,Medium,24
CUST009079,Private Banking,UK,Low,24
CUST009080,Retail,UAE,High,47
CUST009081,Private Banking,India,Low,50
CUST009082,Retail,USA,Very High,63
CUST009083,Private Banking,UK,Medium,26
CUST009084,Private Banking,Singapore,High,56
CUST009085,Retail,UK,Medium,61
CUST009086,SME,Singapore,Low,76
CUST009087,Private Banking,UAE,High,68
CUST009088,Retail,UAE,Very High,30
CUST009089,Retail,Singapore,Low,72
CUST009090,Private Banking,UK,Medium,25
CUST009091,SME,UK,Medium,63
CUST009092,Private Banking,UAE,Medium,68
CUST009093,Corporate,UK,Medium,78
CUST009094,Private Banking,UAE,High,22
CUST009095,Retail,USA,Medium,38
CUST009096,Private Banking,UAE,High,25
CUST009097,Private Banking,Singapore,Low,47
CUST009098,SME,UAE,Low,67
CUST009099,Corporate,UK,Medium,44
CUST009100,SME,USA,Low,73
CUST009101,SME,UK,Low,32
CUST009102,Corporate,India,Medium,30
CUST009103,Corporate,UAE,Low,63
CUST009104,Private Banking,UK,Very High,72
CUST009105,Private Banking,UK,Very High,37
CUST009106,Corporate,UAE,High,37
CUST009107,Corporate,USA,Medium,25
CUST009108,Private Banking,Singapore,Medium,24
CUST009109,SME,UK,High,50
CUST009110,Private Banking,UAE,High,70
CUST009111,Retail,UK,Low,31
CUST009112,Retail,UK,Low,31
CUST009113,Corporate,UAE,High,21
CUST009114,Private Banking,UK,Very High,57
CUST009115,Private Banking,Singapore,Very High,68
CUST009116,Corporate,UK,Very High,74
CUST009117,Private Banking,India,Medium,37
CUST009118,Retail,Singapore,High,65
CUST009119,SME,USA,Medium,34
CUST009120,Retail,India,Very High,41
CUST009121,Private Banking,Singapore,Very High,44
CUST009122,Private Banking,UK,Very High,66
CUST009123,SME,India,Very High,70
CUST009124,Private Banking,India,Medium,75
CUST009125,SME,Singapore,Very High,46
CUST009126,Private Banking,UAE,High,37
CUST009127,Retail,India,High,30
CUST009128,Private Banking,India,Low,51
CUST009129,SME,India,Low,31
CUST009130,Corporate,India,Medium,39
CUST009131,SME,UAE,Low,76
CUST009132,Private Banking,Singapore,Medium,70
CUST009133,Retail,Singapore,Low,60
CUST009134,Retail,UAE,Very High,43
CUST009135,Corporate,UAE,High,24
CUST009136,Corporate,UAE,Very High,63
CUST009137,Private Banking,USA,High,40
CUST009138,Private Banking,USA,High,47
CUST009139,Private Banking,India,Low,36
CUST009140,Retail,UAE,High,44
CUST009141,Retail,USA,Low,77
CUST009142,Private Banking,USA,Medium,69
CUST009143,SME,USA,High,24
CUST009144,Retail,USA,Medium,78
CUST009145,SME,UAE,Very High,43
CUST009146,Private Banking,USA,High,27
CUST009147,Retail,India,Medium,29
CUST009148,Private Banking,UK,Low,59
CUST009149,SME,India,High,76
CUST009150,SME,UK,Low,24
CUST009151,Corporate,Singapore,Low,64
CUST009152,Private Banking,UAE,High,72
CUST009153,Retail,Singapore,Medium,39
CUST009154,SME,USA,High,56
CUST009155,Corporate,UAE,Very High,21
CUST009156,SME,USA,Very High,73
CUST009157,Retail,India,High,68
CUST009158,SME,USA,Very High,21
CUST009159,Corporate,UK,Medium,51
CUST009160,Private Banking,USA,Very High,43
CUST009161,Retail,Singapore,Very High,44
CUST009162,Private Banking,UAE,Medium,25
CUST009163,SME,UK,High,58
CUST009164,Corporate,UAE,Low,35
CUST009165,SME,India,High,65
CUST009166,SME,USA,Medium,61
CUST009167,Corporate,USA,High,33
CUST009168,Retail,Singapore,Low,20
CUST009169,Corporate,USA,Low,37
CUST009170,Retail,India,Medium,35
CUST009171,Retail,UAE,Low,31
CUST009172,Private Banking,UK,Medium,74
CUST009173,SME,UAE,Medium,31
CUST009174,Retail,Singapore,High,70
CUST009175,SME,UK,Low,36
CUST009176,Private Banking,India,Very High,73
CUST009177,Private Banking,Singapore,Low,66
CUST009178,Private Banking,UAE,High,64
CUST009179,SME,USA,Medium,24
CUST009180,Retail,India,Very High,26
CUST009181,Private Banking,UK,Medium,23
CUST009182,Corporate,India,Very High,67
CUST009183,Corporate,India,Very High,61
CUST009184,Private Banking,Singapore,Low,32
CUST009185,SME,UK,Low,60
CUST009186,Corporate,USA,Very High,70
CUST009187,Retail,USA,Very High,62
CUST009188,Corporate,India,Very High,43
CUST009189,SME,UAE,Low,35
CUST009190,Corporate,UAE,Low,45
CUST009191,Corporate,USA,Very High,67
CUST009192,Private Banking,Singapore,Medium,46
CUST009193,Corporate,UAE,Very High,24
CUST009194,Private Banking,India,Medium,22
CUST009195,SME,USA,Low,49
CUST009196,Private Banking,UAE,Low,60
CUST009197,Private Banking,India,Low,26
CUST009198,SME,UAE,Very High,67
CUST009199,SME,UK,High,39
CUST009200,SME,UAE,High,78
CUST009201,SME,India,Low,32
CUST009202,Private Banking,USA,Low,44
CUST009203,Corporate,UAE,High,71
CUST009204,Corporate,USA,Low,60
CUST009205,Private Banking,USA,High,56
CUST009206,Private Banking,UK,Medium,62
CUST009207,SME,India,Medium,64
CUST009208,SME,Singapore,Very High,53
CUST009209,Private Banking,USA,Very High,19
CUST009210,SME,UAE,High,41
CUST009211,Private Banking,USA,High,68
CUST009212,Corporate,UK,Very High,63
CUST009213,Private Banking,UK,Medium,18
CUST009214,SME,UK,Very High,36
CUST009215,SME,India,Low,32
CUST009216,SME,Singapore,Medium,40
CUST009217,Private Banking,UK,Low,34
CUST009218,Retail,Singapore,Medium,44
CUST009219,Private Banking,UK,Medium,62
CUST009220,Corporate,India,High,71
CUST009221,Corporate,UK,Very High,32
CUST009222,Retail,UK,Medium,60
CUST009223,Private Banking,UAE,Medium,27
CUST009224,Corporate,UAE,Very High,45
CUST009225,Retail,Singapore,Medium,69
CUST009226,Retail,UAE,Low,21
CUST009227,Retail,Singapore,High,38
CUST009228,Private Banking,UK,Low,58
CUST009229,Private Banking,USA,Medium,56
CUST009230,Private Banking,USA,Very High,56
CUST009231,SME,Singapore,Medium,33
CUST009232,SME,Singapore,Very High,70
CUST009233,Private Banking,USA,Medium,53
CUST009234,Private Banking,USA,Medium,40
CUST009235,Retail,UAE,Medium,53
CUST009236,Private Banking,USA,Low,76
CUST009237,Private Banking,UK,Medium,65
CUST009238,SME,Singapore,High,20
CUST009239,Private Banking,USA,Medium,48
CUST009240,Private Banking,Singapore,High,26
CUST009241,Retail,USA,Low,42
CUST009242,Corporate,USA,Very High,19
CUST009243,SME,Singapore,High,29
CUST009244,Corporate,India,Very High,47
CUST009245,SME,Singapore,Very High,60
CUST009246,Private Banking,Singapore,Low,75
CUST009247,Retail,UAE,Very High,46
CUST009248,Private Banking,UAE,Very High,79
CUST009249,Private Banking,Singapore,Very High,22
CUST009250,Retail,USA,Low,40
CUST009251,Private Banking,UK,Very High,50
CUST009252,SME,Singapore,Low,41
CUST009253,SME,UAE,High,20
CUST009254,Private Banking,Singapore,High,26
CUST009255,Private Banking,India,Low,63
CUST009256,SME,Singapore,Medium,35
CUST009257,Private Banking,UAE,Medium,42
CUST009258,Corporate,India,High,67
CUST009259,Retail,USA,Very High,66
CUST009260,Private Banking,India,Medium,27
CUST009261,Corporate,India,Very High,33
CUST009262,Corporate,UAE,Medium,34
CUST009263,Private Banking,UAE,Medium,56
CUST009264,Corporate,UAE,Medium,69
CUST009265,Private Banking,USA,High,20
CUST009266,Retail,UAE,Medium,53
CUST009267,Corporate,Singapore,High,51
CUST009268,Retail,India,Very High,45
CUST009269,SME,UK,High,62
CUST009270,Retail,UK,Low,73
CUST009271,Corporate,USA,Low,37
CUST009272,Private Banking,Singapore,High,64
CUST009273,Private Banking,UK,High,32
CUST009274,Corporate,UK,Medium,42
CUST009275,Corporate,USA,Very High,24
CUST009276,Retail,UAE,Very High,64
CUST009277,Private Banking,UAE,Medium,27
CUST009278,SME,Singapore,Very High,37
CUST009279,Private Banking,India,High,77
CUST009280,SME,Singapore,Low,18
CUST009281,SME,UAE,Low,26
CUST009282,Private Banking,UK,Low,72
CUST009283,Private Banking,UAE,Very High,66
CUST009284,Private Banking,USA,Medium,72
CUST009285,Retail,UK,Low,34
CUST009286,Corporate,Singapore,Very High,59
CUST009287,Retail,India,Very High,51
CUST009288,Retail,Singapore,Low,49
CUST009289,Corporate,India,Low,19
CUST009290,Private Banking,USA,Low,78
CUST009291,Corporate,UK,High,77
CUST009292,SME,USA,Medium,73
CUST009293,SME,UK,High,38
CUST009294,Corporate,UAE,High,29
CUST009295,SME,Singapore,Medium,24
CUST009296,Corporate,USA,High,35
CUST009297,Retail,Singapore,High,59
CUST009298,Retail,UAE,Very High,54
CUST009299,SME,Singapore,Low,33
CUST009300,Retail,UK,Very High,55
CUST009301,Corporate,USA,Low,48
CUST009302,Retail,UK,Very High,56
CUST009303,Corporate,India,Low,71
CUST009304,Private Banking,Singapore,Very High,75
CUST009305,Retail,India,Medium,51
CUST009306,Private Banking,UK,Low,63
CUST009307,Retail,India,Very High,70
CUST009308,SME,India,Very High,54
CUST009309,SME,USA,Medium,22
CUST009310,Corporate,UK,Medium,52
CUST009311,Private Banking,USA,Very High,26
CUST009312,SME,India,Medium,53
CUST009313,Corporate,India,High,27
CUST009314,Retail,USA,High,21
CUST009315,Corporate,UAE,Low,53
CUST009316,SME,India,Low,27
CUST009317,Private Banking,India,High,62
CUST009318,Corporate,USA,Very High,38
CUST009319,Corporate,USA,Low,53
CUST009320,Corporate,UK,Low,56
CUST009321,SME,USA,Very High,40
CUST009322,Corporate,UAE,Low,57
CUST009323,SME,UAE,Low,61
CUST009324,Corporate,UK,Very High,37
CUST009325,Private Banking,India,High,43
CUST009326,Private Banking,Singapore,Medium,19
CUST009327,Retail,UK,Very High,18
CUST009328,Corporate,UK,Very High,73
CUST009329,Retail,UK,Low,72
CUST009330,Retail,Singapore,Medium,76
CUST009331,Corporate,India,Very High,43
CUST009332,Corporate,UAE,Very High,71
CUST009333,Retail,UK,Low,40
CUST009334,Retail,USA,High,59
CUST009335,Corporate,UAE,Very High,39
CUST009336,Private Banking,USA,Medium,70
CUST009337,Private Banking,USA,Medium,55
CUST009338,Retail,USA,High,49
CUST009339,Corporate,Singapore,Very High,27
CUST009340,Retail,Singapore,High,73
CUST009341,SME,India,Very High,69
CUST009342,Retail,USA,Low,19
CUST009343,SME,UAE,Very High,76
CUST009344,Corporate,UAE,Low,76
CUST009345,Corporate,Singapore,High,61
CUST009346,SME,Singapore,Low,24
CUST009347,Retail,USA,Low,26
CUST009348,Private Banking,UAE,Medium,33
CUST009349,Private Banking,UAE,Medium,58
CUST009350,Retail,Singapore,Medium,18
CUST009351,SME,India,High,41
CUST009352,SME,Singapore,Very High,52
CUST009353,Retail,Singapore,High,42
CUST009354,SME,Singapore,Medium,50
CUST009355,Private Banking,UK,Medium,69
CUST009356,Corporate,UAE,High,43
CUST009357,Private Banking,UAE,Low,65
CUST009358,Corporate,USA,Low,20
CUST009359,Retail,UK,High,76
CUST009360,SME,USA,Low,38
CUST009361,Private Banking,UK,Low,76
CUST009362,Retail,UK,High,32
CUST009363,Corporate,UAE,Low,53
CUST009364,Retail,UAE,Very High,57
CUST009365,Corporate,USA,Low,69
CUST009366,Corporate,USA,Low,40
CUST009367,Retail,UK,High,45
CUST009368,Private Banking,India,High,34
CUST009369,Retail,UAE,Low,20
CUST009370,Retail,UAE,High,44
CUST009371,SME,UAE,Very High,45
CUST009372,Corporate,UK,High,60
CUST009373,Corporate,Singapore,Very High,32
CUST009374,Private Banking,UAE,Very High,45
CUST009375,Corporate,USA,High,57
CUST009376,Retail,Singapore,Medium,35
CUST009377,Corporate,Singapore,Medium,75
CUST009378,Retail,UAE,Medium,29
CUST009379,Private Banking,UAE,High,50
CUST009380,Corporate,USA,Low,51
CUST009381,Private Banking,India,High,42
CUST009382,SME,USA,Medium,43
CUST009383,SME,UK,Low,60
CUST009384,Corporate,Singapore,Medium,23
CUST009385,Corporate,India,Medium,22
CUST009386,SME,UK,Very High,25
CUST009387,Retail,UAE,Low,28
CUST009388,Private Banking,USA,High,48
CUST009389,SME,UK,High,47
CUST009390,SME,UAE,Medium,65
CUST009391,SME,Singapore,Low,48
CUST009392,Private Banking,India,Very High,53
CUST009393,SME,Singapore,High,51
CUST009394,Corporate,USA,High,60
CUST009395,SME,India,Medium,58
CUST009396,Corporate,UAE,High,18
CUST009397,Private Banking,UK,Very High,35
CUST009398,Retail,UAE,Medium,57
CUST009399,Private Banking,Singapore,Very High,24
CUST009400,Private Banking,UK,Very High,39
CUST009401,Private Banking,UAE,Low,42
CUST009402,Retail,USA,Medium,65
CUST009403,Corporate,UK,Medium,39
CUST009404,Retail,India,Low,56
CUST009405,Corporate,UK,High,38
CUST009406,Retail,USA,Medium,36
CUST009407,Retail,UK,Medium,50
CUST009408,Private Banking,Singapore,High,53
CUST009409,Corporate,India,Low,79
CUST009410,Private Banking,India,Very High,21
CUST009411,Private Banking,UK,Low,37
CUST009412,Corporate,UK,Medium,33
CUST009413,Private Banking,UK,Medium,19
CUST009414,Retail,UK,Very High,57
CUST009415,Retail,UK,Very High,78
CUST009416,Retail,UAE,High,22
CUST009417,Corporate,UAE,Medium,30
CUST009418,Private Banking,UAE,High,18
CUST009419,Retail,Singapore,High,22
CUST009420,Private Banking,USA,Low,18
CUST009421,Retail,UAE,Low,54
CUST009422,Corporate,UAE,Low,60
CUST009423,Corporate,UK,Low,37
CUST009424,Corporate,India,High,55
CUST009425,Corporate,UK,Medium,52
CUST009426,Private Banking,Singapore,Very High,53
CUST009427,Retail,UAE,Medium,56
CUST009428,Private Banking,UAE,Low,72
CUST009429,Retail,USA,High,33
CUST009430,Retail,UAE,High,51
CUST009431,SME,UAE,Medium,80
CUST009432,SME,India,Low,47
CUST009433,Retail,UK,Very High,35
CUST009434,Corporate,UK,Low,33
CUST009435,Retail,India,Very High,60
CUST009436,Retail,UK,High,63
CUST009437,Retail,USA,Low,50
CUST009438,Retail,USA,Very High,32
CUST009439,SME,India,Low,29
CUST009440,Private Banking,UAE,Medium,63
CUST009441,SME,UAE,Medium,28
CUST009442,SME,UAE,Medium,71
CUST009443,Private Banking,USA,High,21
CUST009444,Corporate,Singapore,Medium,76
CUST009445,Private Banking,India,High,55
CUST009446,Retail,UK,Very High,32
CUST009447,Corporate,Singapore,High,71
CUST009448,SME,Singapore,Very High,66
CUST009449,Corporate,UK,Medium,21
CUST009450,Corporate,Singapore,Very High,74
CUST009451,SME,UK,High,24
CUST009452,SME,UK,Very High,36
CUST009453,SME,UAE,Low,58
CUST009454,Private Banking,India,Low,57
CUST009455,Private Banking,Singapore,Very High,34
CUST009456,Retail,UK,Low,34
CUST009457,SME,India,Very High,36
CUST009458,Retail,India,Low,62
CUST009459,SME,UAE,High,44
CUST009460,Corporate,India,Medium,62
CUST009461,Corporate,UK,Medium,45
CUST009462,Retail,India,Very High,26
CUST009463,SME,Singapore,Medium,51
CUST009464,Corporate,Singapore,High,72
CUST009465,Private Banking,USA,Medium,52
CUST009466,Corporate,USA,High,41
CUST009467,SME,Singapore,High,22
CUST009468,Private Banking,UK,Very High,38
CUST009469,SME,USA,High,57
CUST009470,Private Banking,UAE,High,43
CUST009471,Corporate,UK,Low,28
CUST009472,Corporate,UAE,Medium,52
CUST009473,SME,UAE,Very High,44
CUST009474,Private Banking,UK,Very High,21
CUST009475,SME,India,Low,23
CUST009476,SME,Singapore,Low,33
CUST009477,SME,USA,Very High,40
CUST009478,SME,UK,Medium,22
CUST009479,Corporate,UK,Medium,70
CUST009480,Corporate,UK,High,66
CUST009481,Private Banking,UK,Medium,57
CUST009482,Private Banking,USA,Medium,53
CUST009483,SME,UK,Medium,41
CUST009484,Corporate,Singapore,Low,57
CUST009485,SME,UK,Medium,77
CUST009486,Corporate,Singapore,Low,40
CUST009487,Retail,UAE,Medium,61
CUST009488,Corporate,UAE,Very High,78
CUST009489,Retail,UAE,Medium,80
CUST009490,Corporate,UAE,Low,79
CUST009491,Corporate,UAE,High,44
CUST009492,Retail,India,Low,60
CUST009493,Retail,India,Medium,70
CUST009494,Retail,Singapore,Medium,74
CUST009495,Retail,Singapore,Medium,55
CUST009496,Corporate,UK,Low,29
CUST009497,Retail,UAE,Medium,26
CUST009498,SME,Singapore,High,76
CUST009499,Corporate,India,High,80
CUST009500,SME,Singapore,Very High,70
CUST009501,SME,Singapore,Very High,65
CUST009502,SME,India,High,34
CUST009503,Corporate,Singapore,Very High,24
CUST009504,Corporate,India,High,38
CUST009505,Retail,USA,Very High,49
CUST009506,Private Banking,UAE,Low,67
CUST009507,Retail,India,High,66
CUST009508,Retail,Singapore,Medium,45
CUST009509,Corporate,Singapore,Medium,76
CUST009510,SME,UAE,Medium,39
CUST009511,Corporate,UK,Very High,57
CUST009512,Retail,Singapore,Medium,63
CUST009513,Private Banking,USA,Medium,23
CUST009514,Retail,UK,Very High,23
CUST009515,Private Banking,Singapore,Medium,30
CUST009516,Retail,UK,High,39
CUST009517,Corporate,Singapore,Very High,79
CUST009518,Private Banking,UAE,Medium,58
CUST009519,Private Banking,India,Medium,74
CUST009520,SME,UK,Very High,36
CUST009521,Retail,USA,Medium,18
CUST009522,Private Banking,USA,Low,56
CUST009523,Corporate,India,Very High,62
CUST009524,Private Banking,UAE,Very High,54
CUST009525,SME,USA,Low,54
CUST009526,Retail,USA,High,53
CUST009527,Private Banking,UK,Very High,25
CUST009528,SME,Singapore,Low,56
CUST009529,Retail,India,Medium,36
CUST009530,Retail,UK,High,25
CUST009531,Private Banking,UK,Very High,75
CUST009532,SME,UAE,Medium,39
CUST009533,SME,Singapore,Medium,74
CUST009534,Private Banking,India,Medium,50
CUST009535,Private Banking,UAE,Very High,50
CUST009536,Private Banking,USA,High,70
CUST009537,Corporate,Singapore,Low,23
CUST009538,Private Banking,Singapore,Low,21
CUST009539,Private Banking,UK,Low,37
CUST009540,Corporate,UAE,Medium,68
CUST009541,Private Banking,UK,High,65
CUST009542,SME,India,Low,39
CUST009543,Corporate,UAE,Very High,22
CUST009544,Retail,Singapore,Low,60
CUST009545,SME,UAE,High,54
CUST009546,Private Banking,India,High,53
CUST009547,Private Banking,USA,Very High,56
CUST009548,SME,UK,High,31
CUST009549,Corporate,Singapore,Medium,24
CUST009550,Corporate,USA,High,67
CUST009551,Corporate,Singapore,Low,28
CUST009552,Corporate,USA,Very High,20
CUST009553,Private Banking,Singapore,Low,66
CUST009554,Retail,USA,Low,61
CUST009555,Corporate,India,Low,38
CUST009556,Retail,UK,Low,36
CUST009557,Retail,UK,Low,53
CUST009558,Corporate,India,Low,63
CUST009559,SME,UK,Very High,58
CUST009560,Corporate,Singapore,Very High,76
CUST009561,SME,UAE,High,22
CUST009562,SME,Singapore,Very High,37
CUST009563,Private Banking,Singapore,High,62
CUST009564,Corporate,Singapore,Medium,36
CUST009565,Corporate,Singapore,Very High,18
CUST009566,Corporate,Singapore,High,19
CUST009567,Retail,UAE,High,63
CUST009568,Corporate,Singapore,High,61
CUST009569,SME,USA,Very High,51
CUST009570,Corporate,Singapore,Very High,68
CUST009571,Private Banking,USA,Medium,19
CUST009572,Retail,USA,Low,28
CUST009573,SME,UK,Very High,42
CUST009574,Retail,UK,Medium,67
CUST009575,Retail,USA,Very High,18
CUST009576,SME,India,Very High,55
CUST009577,Retail,USA,Very High,61
CUST009578,SME,UK,Low,71
CUST009579,Corporate,USA,Low,22
CUST009580,Private Banking,UK,Medium,33
CUST009581,Retail,UAE,Low,26
CUST009582,Corporate,Singapore,Medium,49
CUST009583,Private Banking,India,Very High,21
CUST009584,Corporate,Singapore,Very High,66
CUST009585,Private Banking,UK,Very High,29
CUST009586,Corporate,Singapore,Very High,23
CUST009587,Private Banking,Singapore,Low,61
CUST009588,Retail,UK,Medium,33
CUST009589,SME,India,Low,30
CUST009590,SME,UK,Very High,54
CUST009591,Private Banking,UK,Very High,66
CUST009592,Corporate,India,Medium,77
CUST009593,SME,India,Low,40
CUST009594,Retail,USA,Very High,50
CUST009595,SME,USA,High,52
CUST009596,Corporate,Singapore,Medium,44
CUST009597,Private Banking,Singapore,Low,41
CUST009598,Corporate,Singapore,Low,55
CUST009599,Retail,Singapore,High,62
CUST009600,Retail,Singapore,Low,40
CUST009601,Private Banking,UK,Medium,72
CUST009602,Private Banking,UAE,Very High,23
CUST009603,SME,UAE,High,44
CUST009604,SME,UK,Low,65
CUST009605,Corporate,UK,Medium,29
CUST009606,SME,Singapore,Medium,74
CUST009607,Corporate,Singapore,High,50
CUST009608,Corporate,Singapore,Very High,66
CUST009609,SME,UK,Very High,40
CUST009610,Private Banking,UAE,High,53
CUST009611,SME,Singapore,High,29
CUST009612,Retail,USA,Very High,18
CUST009613,Private Banking,UK,Low,79
CUST009614,Private Banking,UK,Low,27
CUST009615,SME,India,High,35
CUST009616,Retail,Singapore,High,34
CUST009617,Private Banking,USA,Medium,18
CUST009618,Private Banking,UK,Low,24
CUST009619,Private Banking,Singapore,Medium,49
CUST009620,Retail,Singapore,High,54
CUST009621,Retail,UK,Low,73
CUST009622,Retail,UK,Medium,42
CUST009623,Private Banking,Singapore,Very High,77
CUST009624,Corporate,Singapore,Very High,77
CUST009625,SME,India,Medium,76
CUST009626,Private Banking,UK,High,78
CUST009627,Corporate,Singapore,Very High,49
CUST009628,Private Banking,USA,Very High,57
CUST009629,Private Banking,UAE,High,42
CUST009630,Private Banking,Singapore,Very High,56
CUST009631,Private Banking,Singapore,Low,75
CUST009632,Retail,Singapore,Medium,32
CUST009633,SME,UAE,Medium,69
CUST009634,Retail,UAE,Low,28
CUST009635,Private Banking,UAE,Low,56
CUST009636,Private Banking,India,High,72
CUST009637,Corporate,USA,Low,72
CUST009638,Corporate,India,High,65
CUST009639,Private Banking,UK,Very High,78
CUST009640,Retail,UAE,Low,68
CUST009641,SME,USA,High,55
CUST009642,Corporate,Singapore,Very High,19
CUST009643,Private Banking,USA,Medium,71
CUST009644,SME,USA,Very High,54
CUST009645,Corporate,UAE,Low,37
CUST009646,Retail,India,Very High,42
CUST009647,Retail,UK,Medium,57
CUST009648,SME,Singapore,High,79
CUST009649,Private Banking,USA,Low,76
CUST009650,Corporate,India,Very High,54
CUST009651,Retail,Singapore,Low,70
CUST009652,SME,UK,Very High,65
CUST009653,Retail,India,Medium,21
CUST009654,SME,UAE,Medium,19
CUST009655,SME,Singapore,High,58
CUST009656,Corporate,India,Medium,55
CUST009657,SME,India,Very High,27
CUST009658,SME,Singapore,Low,68
CUST009659,SME,Singapore,High,65
CUST009660,SME,Singapore,Medium,54
CUST009661,Corporate,India,Low,62
CUST009662,Retail,Singapore,Very High,66
CUST009663,Private Banking,Singapore,Very High,56
CUST009664,SME,UAE,Very High,42
CUST009665,Private Banking,USA,Medium,33
CUST009666,Private Banking,India,High,29
CUST009667,SME,USA,Very High,69
CUST009668,Private Banking,UK,Low,37
CUST009669,Corporate,UK,Very High,39
CUST009670,Private Banking,UK,Medium,19
CUST009671,Private Banking,Singapore,Low,42
CUST009672,Retail,UK,High,69
CUST009673,Retail,USA,Very High,27
CUST009674,Retail,Singapore,Low,22
CUST009675,SME,India,Low,51
CUST009676,Corporate,Singapore,Medium,55
CUST009677,Retail,UK,Low,55
CUST009678,Retail,India,Very High,55
CUST009679,Private Banking,Singapore,Medium,19
CUST009680,Corporate,India,Very High,66
CUST009681,Corporate,USA,High,21
CUST009682,Corporate,UK,Medium,72
CUST009683,SME,UAE,Low,70
CUST009684,SME,USA,Low,27
CUST009685,Corporate,UK,Low,68
CUST009686,Private Banking,India,Very High,55
CUST009687,SME,UAE,Medium,35
CUST009688,Retail,USA,High,80
CUST009689,Retail,UAE,Medium,26
CUST009690,SME,USA,Low,30
CUST009691,Private Banking,India,High,48
CUST009692,Corporate,India,Low,33
CUST009693,Private Banking,UAE,Medium,29
CUST009694,Private Banking,UK,High,25
CUST009695,Corporate,Singapore,High,77
CUST009696,SME,USA,High,23
CUST009697,Private Banking,Singapore,High,49
CUST009698,Retail,India,Very High,36
CUST009699,Corporate,UAE,Very High,70
CUST009700,Corporate,UAE,Low,70
CUST009701,SME,Singapore,Low,68
CUST009702,Retail,India,Medium,71
CUST009703,Retail,UK,High,61
CUST009704,Retail,India,High,51
CUST009705,Retail,India,Low,24
CUST009706,Corporate,UAE,Low,26
CUST009707,SME,UK,Medium,74
CUST009708,Corporate,USA,Very High,50
CUST009709,SME,USA,Low,24
CUST009710,Corporate,India,Low,72
CUST009711,SME,Singapore,High,45
CUST009712,SME,India,Very High,49
CUST009713,Private Banking,UAE,Low,27
CUST009714,Private Banking,India,Very High,53
CUST009715,SME,UAE,High,73
CUST009716,Private Banking,USA,Very High,79
CUST009717,Retail,USA,Low,72
CUST009718,SME,USA,Medium,37
CUST009719,Private Banking,UAE,Low,40
CUST009720,Retail,India,High,48
CUST009721,SME,India,Low,29
CUST009722,SME,India,Medium,25
CUST009723,Retail,UK,Medium,37
CUST009724,Retail,UK,Medium,19
CUST009725,Corporate,UK,High,42
CUST009726,Private Banking,USA,High,27
CUST009727,Corporate,USA,Very High,32
CUST009728,Corporate,USA,Low,66
CUST009729,Retail,India,Very High,44
CUST009730,SME,Singapore,High,41
CUST009731,Retail,India,High,24
CUST009732,Corporate,India,Low,30
CUST009733,Retail,Singapore,Low,46
CUST009734,Private Banking,UAE,Low,48
CUST009735,Retail,UAE,Low,42
CUST009736,Private Banking,USA,High,72
CUST009737,Private Banking,UK,Medium,68
CUST009738,Retail,USA,Very High,26
CUST009739,Corporate,USA,Low,50
CUST009740,Retail,USA,Very High,54
CUST009741,Private Banking,USA,Medium,32
CUST009742,Corporate,UK,High,21
CUST009743,Corporate,UK,Very High,27
CUST009744,Corporate,UAE,Very High,28
CUST009745,Retail,Singapore,Very High,72
CUST009746,SME,UAE,Medium,19
CUST009747,Retail,UAE,Low,78
CUST009748,Corporate,USA,High,78
CUST009749,Retail,UAE,Medium,73
CUST009750,SME,India,Low,22
CUST009751,Private Banking,India,Very High,45
CUST009752,Private Banking,Singapore,Very High,26
CUST009753,Retail,USA,High,68
CUST009754,SME,UK,High,64
CUST009755,Retail,UK,Very High,20
CUST009756,Corporate,UAE,Low,70
CUST009757,SME,UAE,High,42
CUST009758,Corporate,UAE,High,24
CUST009759,Private Banking,UK,Very High,42
CUST009760,Private Banking,UAE,Low,39
CUST009761,Private Banking,India,Low,70
CUST009762,Retail,Singapore,Low,77
CUST009763,Private Banking,India,Low,51
CUST009764,Retail,UK,Medium,66
CUST009765,Corporate,USA,Very High,49
CUST009766,SME,UAE,Medium,41
CUST009767,Corporate,Singapore,High,47
CUST009768,Private Banking,India,High,19
CUST009769,SME,Singapore,High,73
CUST009770,Corporate,USA,Low,71
CUST009771,Private Banking,India,Very High,61
CUST009772,SME,India,High,31
CUST009773,Corporate,Singapore,Medium,55
CUST009774,Private Banking,USA,High,31
CUST009775,SME,India,Low,22
CUST009776,SME,Singapore,Medium,18
CUST009777,Retail,UK,Low,21
CUST009778,SME,UAE,Very High,40
CUST009779,Corporate,USA,Low,24
CUST009780,Corporate,India,High,45
CUST009781,Corporate,India,Medium,71
CUST009782,Corporate,UAE,Very High,20
CUST009783,Retail,USA,High,57
CUST009784,Retail,Singapore,Very High,65
CUST009785,Retail,UK,Very High,30
CUST009786,Private Banking,USA,Low,67
CUST009787,Retail,USA,Medium,67
CUST009788,Private Banking,UK,Medium,42
CUST009789,SME,UAE,Very High,23
CUST009790,Private Banking,Singapore,Very High,79
CUST009791,Private Banking,UAE,Low,47
CUST009792,Private Banking,UK,Medium,56
CUST009793,Private Banking,USA,High,77
CUST009794,SME,UAE,Low,40
CUST009795,Corporate,USA,Very High,77
CUST009796,Retail,UK,Low,62
CUST009797,SME,UK,High,71
CUST009798,SME,UAE,Very High,20
CUST009799,Corporate,India,Very High,39
CUST009800,Corporate,India,High,45
CUST009801,SME,UK,High,71
CUST009802,Retail,USA,Very High,46
CUST009803,Corporate,India,Low,32
CUST009804,Retail,USA,Medium,51
CUST009805,Private Banking,India,Very High,76
CUST009806,Corporate,India,High,74
CUST009807,SME,India,Low,33
CUST009808,Corporate,USA,High,31
CUST009809,SME,USA,Low,77
CUST009810,Corporate,India,High,42
CUST009811,SME,UK,Very High,52
CUST009812,Private Banking,Singapore,High,71
CUST009813,Private Banking,Singapore,Medium,44
CUST009814,SME,UAE,Medium,32
CUST009815,Retail,USA,Low,33
CUST009816,Corporate,UK,High,37
CUST009817,Private Banking,USA,High,69
CUST009818,SME,Singapore,Low,80
CUST009819,Retail,USA,High,36
CUST009820,Private Banking,USA,Very High,24
CUST009821,Private Banking,UAE,Medium,21
CUST009822,Private Banking,USA,Low,54
CUST009823,Retail,USA,High,43
CUST009824,Private Banking,UAE,Low,47
CUST009825,Retail,USA,High,25
CUST009826,Retail,India,Medium,63
CUST009827,Corporate,UAE,Medium,38
CUST009828,Private Banking,UAE,Medium,22
CUST009829,Retail,USA,Low,27
CUST009830,Retail,UK,Very High,66
CUST009831,Corporate,UK,Low,19
CUST009832,Retail,UK,High,35
CUST009833,Retail,UK,Very High,72
CUST009834,Private Banking,Singapore,Low,78
CUST009835,Corporate,UAE,Medium,49
CUST009836,Corporate,UAE,Medium,69
CUST009837,SME,India,Medium,25
CUST009838,Private Banking,UK,Medium,70
CUST009839,SME,USA,Low,38
CUST009840,SME,UAE,Low,25
CUST009841,SME,UAE,Very High,62
CUST009842,Retail,UAE,Medium,18
CUST009843,SME,Singapore,High,51
CUST009844,SME,Singapore,Medium,59
CUST009845,Private Banking,UAE,High,44
CUST009846,Private Banking,UAE,High,77
CUST009847,Private Banking,UAE,High,31
CUST009848,SME,UK,Low,79
CUST009849,Corporate,USA,High,27
CUST009850,Private Banking,USA,Low,74
CUST009851,Private Banking,UAE,High,48
CUST009852,Corporate,UAE,High,51
CUST009853,Corporate,UAE,High,43
CUST009854,Corporate,UK,Low,67
CUST009855,SME,UK,Medium,46
CUST009856,SME,UK,Very High,52
CUST009857,SME,USA,High,23
CUST009858,Private Banking,UK,Medium,29
CUST009859,Private Banking,Singapore,High,24
CUST009860,Retail,USA,Very High,48
CUST009861,Private Banking,Singapore,High,58
CUST009862,Retail,UK,High,53
CUST009863,Private Banking,UAE,Very High,37
CUST009864,Private Banking,UAE,Medium,55
CUST009865,Private Banking,India,Low,30
CUST009866,Retail,USA,Very High,72
CUST009867,SME,UAE,Very High,73
CUST009868,Private Banking,India,Very High,60
CUST009869,Private Banking,UAE,High,64
CUST009870,SME,India,High,61
CUST009871,Retail,UK,Very High,52
CUST009872,Corporate,UAE,Medium,27
CUST009873,Retail,UAE,Medium,34
CUST009874,Private Banking,UK,Low,52
CUST009875,Private Banking,UK,Low,40
CUST009876,SME,India,Medium,22
CUST009877,Corporate,India,Medium,63
CUST009878,SME,USA,Very High,57
CUST009879,Retail,USA,Very High,60
CUST009880,Private Banking,UK,Low,76
CUST009881,Corporate,UAE,Very High,69
CUST009882,Retail,India,Very High,18
CUST009883,Corporate,USA,Medium,57
CUST009884,Private Banking,UAE,Low,24
CUST009885,Corporate,UK,Medium,29
CUST009886,Private Banking,UK,Low,65
CUST009887,SME,UK,Very High,79
CUST009888,Corporate,UK,Medium,62
CUST009889,Corporate,UAE,Very High,79
CUST009890,SME,UK,Low,42
CUST009891,SME,Singapore,Low,78
CUST009892,SME,Singapore,Very High,63
CUST009893,Retail,India,Medium,59
CUST009894,Retail,USA,Low,21
CUST009895,SME,India,High,56
CUST009896,Retail,India,High,46
CUST009897,Corporate,UK,High,46
CUST009898,Private Banking,Singapore,High,61
CUST009899,SME,Singapore,Medium,32
CUST009900,Retail,Singapore,Medium,60
CUST009901,Retail,USA,Medium,44
CUST009902,Private Banking,USA,High,57
CUST009903,SME,UK,Low,51
CUST009904,Corporate,UAE,Very High,31
CUST009905,SME,USA,Very High,75
CUST009906,Corporate,USA,High,66
CUST009907,Corporate,UAE,Medium,48
CUST009908,Retail,Singapore,Very High,21
CUST009909,SME,UK,High,43
CUST009910,Corporate,UK,Low,56
CUST009911,Retail,UAE,Very High,77
CUST009912,Retail,USA,High,47
CUST009913,SME,India,Very High,27
CUST009914,Private Banking,UK,Very High,64
CUST009915,Corporate,USA,Very High,29
CUST009916,Corporate,UK,High,42
CUST009917,SME,India,Medium,64
CUST009918,Corporate,Singapore,Low,55
CUST009919,SME,UAE,High,55
CUST009920,SME,USA,Low,55
CUST009921,Retail,India,Medium,26
CUST009922,Retail,Singapore,Low,39
CUST009923,Retail,Singapore,High,23
CUST009924,SME,UAE,High,20
CUST009925,Corporate,UK,Low,63
CUST009926,Private Banking,UK,Medium,32
CUST009927,Private Banking,India,Low,67
CUST009928,Private Banking,UAE,Very High,41
CUST009929,Retail,USA,Low,66
CUST009930,Retail,Singapore,Medium,28
CUST009931,Private Banking,India,Very High,33
CUST009932,Corporate,UAE,High,33
CUST009933,SME,UAE,Very High,79
CUST009934,Corporate,USA,High,45
CUST009935,Corporate,Singapore,Low,67
CUST009936,Retail,Singapore,Medium,31
CUST009937,SME,USA,High,69
CUST009938,Corporate,Singapore,Very High,63
CUST009939,Private Banking,UAE,Medium,21
CUST009940,Corporate,USA,High,52
CUST009941,SME,India,Very High,74
CUST009942,Corporate,UK,Very High,52
CUST009943,SME,Singapore,High,31
CUST009944,Retail,Singapore,Low,27
CUST009945,Corporate,UK,Medium,65
CUST009946,SME,Singapore,Low,48
CUST009947,Retail,UK,Low,26
CUST009948,Corporate,UAE,Low,60
CUST009949,Private Banking,UAE,Low,47
CUST009950,Private Banking,USA,Medium,71
CUST009951,Corporate,UK,High,37
CUST009952,Private Banking,UK,Very High,22
CUST009953,Retail,Singapore,Low,41
CUST009954,Private Banking,USA,Very High,31
CUST009955,Retail,India,Medium,37
CUST009956,SME,UAE,High,38
CUST009957,Private Banking,Singapore,High,79
CUST009958,Private Banking,USA,High,41
CUST009959,SME,India,Low,69
CUST009960,Retail,Singapore,High,53
CUST009961,Corporate,USA,Very High,26
CUST009962,Private Banking,Singapore,Medium,62
CUST009963,Private Banking,UK,Low,71
CUST009964,SME,UAE,Low,56
CUST009965,SME,UAE,High,29
CUST009966,Retail,India,Medium,33
CUST009967,Private Banking,Singapore,Low,49
CUST009968,SME,UAE,Very High,77
CUST009969,Corporate,USA,Very High,20
CUST009970,Private Banking,USA,High,55
CUST009971,Retail,India,Very High,60
CUST009972,Corporate,Singapore,Medium,40
CUST009973,Private Banking,Singapore,Medium,55
CUST009974,Corporate,India,Medium,22
CUST009975,Retail,India,Very High,18
CUST009976,Retail,India,Low,52
CUST009977,SME,Singapore,Medium,21
CUST009978,Corporate,Singapore,Medium,65
CUST009979,SME,India,Medium,54
CUST009980,Corporate,UAE,Low,51
CUST009981,Retail,UK,Very High,42
CUST009982,Retail,UAE,Low,71
CUST009983,Retail,India,High,48
CUST009984,SME,UK,Very High,70
CUST009985,Corporate,USA,Low,67
CUST009986,Retail,UAE,Medium,54
CUST009987,Retail,UAE,Very High,38
CUST009988,Retail,UAE,High,47
CUST009989,Private Banking,India,Medium,47
CUST009990,SME,India,Very High,19
CUST009991,SME,UK,Low,27
CUST009992,Corporate,UK,Low,43
CUST009993,SME,Singapore,Very High,68
CUST009994,Retail,UK,Medium,72
CUST009995,Corporate,India,Very High,56
CUST009996,Corporate,UK,Very High,75
CUST009997,Corporate,UAE,Very High,42
CUST009998,Private Banking,UAE,High,44
CUST009999,Retail,UK,Medium,63
CUST010000,Corporate,India,Low,18
