document_id,principal,permission
01653_Record_Retention_Standard_v1.7,USER00001,read
00565_Compliance_Policy_v9.4,USER00001,read
02104_Payment_Processing_Procedure_v5.9,USER00001,read
00566_Funding_Guide_v7.9,USER00001,read
00291_Sanctions_Screening_Manual_v9.4,USER00001,read
01449_SME_Underwriting_Procedure_v3.5,USER00001,read
00990_Interest_Rate_Risk_Manual_v7.5,USER00001,read
01915_Transaction_Monitoring_Standard_v7.6,USER00001,read
01254_Liquidity_Management_Procedure_v6.9,USER00001,read
00561_Lending_Standards_v3.0,USER00001,read
00775_Investment_Policy_v9.1,USER00002,read
01167_Trade_Operations_Guide_v6.4,USER00002,read
01500_Beneficial_Ownership_Guide_v1.1,USER00002,read
00512_Operations_Manual_v2.3,USER00002,read
02229_Regulatory_Change_Procedure_v1.6,USER00002,read
02289_Lending_Standards_v4.5,USER00002,read
01313_Credit_Policy_v3.3,USER00002,read
01987_AML_Escalation_Procedure_v5.4,USER00002,read
00990_Interest_Rate_Risk_Manual_v7.5,USER00002,read
01944_Reconciliation_Standard_v3.4,USER00002,read
01338_Market_Risk_Framework_v8.4,USER00003,read
01613_Conduct_Risk_Standard_v4.1,USER00003,read
02326_Funding_Guide_v5.8,USER00003,read
00863_Portfolio_Risk_Procedure_v2.5,USER00003,read
00827_Sanctions_Screening_Manual_v3.0,USER00003,read
00193_Mortgage_Origination_Guide_v9.0,USER00003,read
01819_AML_Policy_v8.2,USER00003,read
01830_Funding_Guide_v9.0,USER00003,read
00140_KYC_Policy_v5.2,USER00003,read
00772_KYC_Policy_v5.6,USER00003,read
00287_Trade_Operations_Guide_v8.2,USER00004,read
01862_Treasury_Policy_v6.0,USER00004,read
01234_Market_Risk_Framework_v2.5,USER00004,read
00336_Operations_Manual_v5.3,USER00004,read
00511_Securities_Valuation_Manual_v6.8,USER00004,read
01575_Trade_Operations_Guide_v2.7,USER00004,read
02134_Treasury_Policy_v2.6,USER00004,read
00820_Customer_Risk_Rating_Manual_v2.0,USER00004,read
00410_Liquidity_Risk_Policy_v8.0,USER00004,read
01591_Investment_Policy_v2.0,USER00004,read
02061_Conduct_Risk_Standard_v7.9,USER00005,read
01776_Operations_Manual_v5.4,USER00005,read
00601_Lending_Standards_v5.1,USER00005,read
02168_Incident_Management_Procedure_v2.9,USER00005,read
00395_AML_Escalation_Procedure_v3.6,USER00005,read
01472_Payment_Processing_Procedure_v5.4,USER00005,read
00504_Reconciliation_Standard_v1.5,USER00005,read
00886_Interest_Rate_Risk_Manual_v2.8,USER00005,read
01111_Securities_Valuation_Manual_v1.5,USER00005,read
01314_Credit_Risk_Methodology_v7.3,USER00005,read
00564_Customer_Due_Diligence_Standard_v8.6,USER00006,read
00615_Securities_Valuation_Manual_v5.0,USER00006,read
01529_SME_Underwriting_Procedure_v1.2,USER00006,read
00067_AML_Escalation_Procedure_v9.8,USER00006,read
00376_Incident_Management_Procedure_v1.5,USER00006,read
00956_Beneficial_Ownership_Guide_v7.6,USER00006,read
01524_Beneficial_Ownership_Guide_v1.9,USER00006,read
01012_KYC_Policy_v9.0,USER00006,read
01240_Operations_Manual_v5.2,USER00006,read
00075_Sanctions_Screening_Manual_v7.6,USER00006,read
02096_Incident_Management_Procedure_v7.1,USER00007,read
02033_Credit_Policy_v4.1,USER00007,read
01343_Securities_Valuation_Manual_v5.4,USER00007,read
00088_Payment_Processing_Procedure_v5.0,USER00007,read
01201_Credit_Policy_v7.4,USER00007,read
00386_Credit_Risk_Methodology_v5.9,USER00007,read
00287_Trade_Operations_Guide_v8.2,USER00007,read
01325_Record_Retention_Standard_v3.0,USER00007,read
02349_Compliance_Policy_v7.7,USER00007,read
00720_Reconciliation_Standard_v5.9,USER00007,read
01698_Operational_Risk_Standard_v1.2,USER00008,read
00515_AML_Escalation_Procedure_v7.6,USER00008,read
00863_Portfolio_Risk_Procedure_v2.5,USER00008,read
00501_Regulatory_Change_Procedure_v8.3,USER00008,read
00765_Regulatory_Change_Procedure_v2.0,USER00008,read
00415_Investment_Policy_v6.9,USER00008,read
01569_Credit_Policy_v9.3,USER00008,read
00696_Incident_Management_Procedure_v2.7,USER00008,read
00342_Interest_Rate_Risk_Manual_v5.4,USER00008,read
00965_Record_Retention_Standard_v7.1,USER00008,read
02306_Liquidity_Risk_Policy_v9.9,USER00009,read
01941_Compliance_Policy_v8.9,USER00009,read
00127_Securities_Valuation_Manual_v2.4,USER00009,read
01131_AML_Policy_v6.9,USER00009,read
01242_Liquidity_Risk_Policy_v6.9,USER00009,read
00572_KYC_Policy_v8.9,USER00009,read
00489_Mortgage_Origination_Guide_v4.5,USER00009,read
01348_KYC_Policy_v6.9,USER00009,read
01135_Trade_Operations_Guide_v5.7,USER00009,read
01041_SME_Underwriting_Procedure_v1.8,USER00009,read
01007_Securities_Valuation_Manual_v6.4,USER00010,read
00745_Credit_Policy_v5.9,USER00010,read
01076_Customer_Risk_Rating_Manual_v2.8,USER00010,read
01660_Customer_Risk_Rating_Manual_v5.2,USER00010,read
00530_Market_Risk_Framework_v7.9,USER00010,read
02313_Mortgage_Origination_Guide_v4.1,USER00010,read
01830_Funding_Guide_v9.0,USER00010,read
00532_KYC_Policy_v7.5,USER00010,read
01704_Payment_Processing_Procedure_v2.8,USER00010,read
01546_Operational_Risk_Standard_v5.7,USER00010,read
02172_Beneficial_Ownership_Guide_v9.7,USER00011,read
01610_Operational_Risk_Standard_v6.5,USER00011,read
01786_Credit_Risk_Methodology_v9.1,USER00011,read
00818_Operational_Risk_Standard_v7.7,USER00011,read
00530_Market_Risk_Framework_v7.9,USER00011,read
02262_Interest_Rate_Risk_Manual_v7.8,USER00011,read
01375_Investment_Policy_v8.4,USER00011,read
01781_Compliance_Policy_v7.5,USER00011,read
00508_Customer_Risk_Rating_Manual_v9.0,USER00011,read
01429_Regulatory_Change_Procedure_v1.7,USER00011,read
02153_SME_Underwriting_Procedure_v4.8,USER00012,read
01360_Incident_Management_Procedure_v9.1,USER00012,read
02112_Reconciliation_Standard_v8.9,USER00012,read
01685_Compliance_Policy_v6.2,USER00012,read
01393_Mortgage_Origination_Guide_v3.6,USER00012,read
02282_Operational_Risk_Standard_v1.6,USER00012,read
00481_Lending_Standards_v6.4,USER00012,read
00461_Conduct_Risk_Standard_v7.2,USER00012,read
02198_Treasury_Policy_v9.0,USER00012,read
01834_Operational_Risk_Standard_v4.7,USER00012,read
01277_Record_Retention_Standard_v1.9,USER00013,read
00139_AML_Policy_v9.3,USER00013,read
01992_Reconciliation_Standard_v2.0,USER00013,read
00184_Incident_Management_Procedure_v4.5,USER00013,read
00164_Customer_Risk_Rating_Manual_v7.4,USER00013,read
00051_AML_Policy_v7.9,USER00013,read
01947_AML_Policy_v9.8,USER00013,read
00700_Customer_Risk_Rating_Manual_v7.8,USER00013,read
02278_Treasury_Policy_v5.5,USER00013,read
00336_Operations_Manual_v5.3,USER00013,read
00297_SME_Underwriting_Procedure_v9.9,USER00014,read
01457_SME_Underwriting_Procedure_v9.1,USER00014,read
02129_Lending_Standards_v8.0,USER00014,read
00977_Credit_Policy_v4.9,USER00014,read
02217_SME_Underwriting_Procedure_v8.0,USER00014,read
00244_Beneficial_Ownership_Guide_v5.1,USER00014,read
00695_Securities_Valuation_Manual_v7.2,USER00014,read
02200_Operations_Manual_v9.3,USER00014,read
00784_Reconciliation_Standard_v3.1,USER00014,read
01422_Liquidity_Management_Procedure_v3.9,USER00014,read
00977_Credit_Policy_v4.9,USER00015,read
00581_Conduct_Risk_Standard_v8.4,USER00015,read
01576_Operations_Manual_v7.1,USER00015,read
00863_Portfolio_Risk_Procedure_v2.5,USER00015,read
02245_Regulatory_Change_Procedure_v2.8,USER00015,read
01451_Transaction_Monitoring_Standard_v5.4,USER00015,read
01799_Portfolio_Risk_Procedure_v4.1,USER00015,read
00987_AML_Policy_v4.8,USER00015,read
00021_Record_Retention_Standard_v4.8,USER00015,read
00400_Payment_Processing_Procedure_v6.5,USER00015,read
01477_Record_Retention_Standard_v7.7,USER00016,read
00246_Liquidity_Management_Procedure_v9.4,USER00016,read
00463_Securities_Valuation_Manual_v2.5,USER00016,read
00628_Customer_Due_Diligence_Standard_v9.6,USER00016,read
01045_Compliance_Policy_v6.3,USER00016,read
00537_Credit_Policy_v9.4,USER00016,read
00123_Transaction_Monitoring_Standard_v7.9,USER00016,read
00565_Compliance_Policy_v9.4,USER00016,read
00530_Market_Risk_Framework_v7.9,USER00016,read
00250_Market_Risk_Framework_v4.8,USER00016,read
01428_Customer_Due_Diligence_Standard_v2.3,USER00017,read
01394_Liquidity_Risk_Policy_v5.9,USER00017,read
00034_Market_Risk_Framework_v4.9,USER00017,read
01272_Payment_Processing_Procedure_v1.6,USER00017,read
01591_Investment_Policy_v2.0,USER00017,read
01897_Mortgage_Origination_Guide_v2.9,USER00017,read
01443_Transaction_Monitoring_Standard_v7.0,USER00017,read
00372_KYC_Policy_v1.0,USER00017,read
00015_Trade_Operations_Guide_v8.8,USER00017,read
01707_AML_Policy_v9.3,USER00017,read
01674_Market_Risk_Framework_v2.9,USER00018,read
02158_Liquidity_Management_Procedure_v8.8,USER00018,read
01567_Trade_Operations_Guide_v1.1,USER00018,read
02303_Trade_Operations_Guide_v5.1,USER00018,read
01280_Operations_Manual_v2.7,USER00018,read
00242_Liquidity_Risk_Policy_v5.9,USER00018,read
00013_Conduct_Risk_Standard_v7.9,USER00018,read
00002_Market_Risk_Framework_v7.0,USER00018,read
01680_Operations_Manual_v6.1,USER00018,read
01160_Operations_Manual_v7.8,USER00018,read
01148_Beneficial_Ownership_Guide_v4.5,USER00019,read
00129_SME_Underwriting_Procedure_v6.1,USER00019,read
02357_Record_Retention_Standard_v6.9,USER00019,read
01099_AML_Escalation_Procedure_v5.6,USER00019,read
00835_Transaction_Monitoring_Standard_v5.2,USER00019,read
00798_Interest_Rate_Risk_Manual_v1.1,USER00019,read
01194_Credit_Risk_Methodology_v3.0,USER00019,read
01376_Reconciliation_Standard_v1.2,USER00019,read
01506_Operational_Risk_Standard_v7.4,USER00019,read
00963_Transaction_Monitoring_Standard_v6.4,USER00019,read
01867_Sanctions_Screening_Manual_v8.1,USER00020,read
00544_Incident_Management_Procedure_v8.2,USER00020,read
00501_Regulatory_Change_Procedure_v8.3,USER00020,read
01447_Trade_Operations_Guide_v2.5,USER00020,read
01770_Credit_Risk_Methodology_v4.7,USER00020,read
00876_Beneficial_Ownership_Guide_v8.7,USER00020,read
01166_Funding_Guide_v4.4,USER00020,read
00943_Trade_Operations_Guide_v2.6,USER00020,read
00077_Conduct_Risk_Standard_v1.6,USER00020,read
00350_Funding_Guide_v1.6,USER00020,read
02193_SME_Underwriting_Procedure_v1.7,USER00021,read
00990_Interest_Rate_Risk_Manual_v7.5,USER00021,read
02107_Transaction_Monitoring_Standard_v1.9,USER00021,read
01123_AML_Escalation_Procedure_v6.2,USER00021,read
00128_Reconciliation_Standard_v9.8,USER00021,read
01608_Incident_Management_Procedure_v4.6,USER00021,read
01878_Liquidity_Management_Procedure_v1.6,USER00021,read
01119_Portfolio_Risk_Procedure_v2.4,USER00021,read
00357_Regulatory_Change_Procedure_v3.6,USER00021,read
01593_SME_Underwriting_Procedure_v4.8,USER00021,read
01601_Mortgage_Origination_Guide_v3.5,USER00022,read
02081_Credit_Policy_v8.7,USER00022,read
00685_Compliance_Policy_v2.9,USER00022,read
01213_Compliance_Policy_v5.5,USER00022,read
00622_Treasury_Policy_v7.7,USER00022,read
01517_Conduct_Risk_Standard_v7.7,USER00022,read
00985_Lending_Standards_v8.8,USER00022,read
01349_Compliance_Policy_v2.9,USER00022,read
00059_AML_Escalation_Procedure_v8.6,USER00022,read
00805_Record_Retention_Standard_v8.4,USER00022,read
00294_Treasury_Policy_v1.1,USER00023,read
00972_Beneficial_Ownership_Guide_v4.2,USER00023,read
02284_Customer_Due_Diligence_Standard_v4.2,USER00023,read
00261_Compliance_Policy_v9.7,USER00023,read
00491_AML_Escalation_Procedure_v8.8,USER00023,read
00030_Funding_Guide_v1.2,USER00023,read
01346_Credit_Risk_Methodology_v5.3,USER00023,read
01661_Record_Retention_Standard_v2.4,USER00023,read
01200_Reconciliation_Standard_v4.4,USER00023,read
01945_Lending_Standards_v6.1,USER00023,read
00378_Market_Risk_Framework_v4.8,USER00024,read
01285_Conduct_Risk_Standard_v2.3,USER00024,read
00436_Customer_Due_Diligence_Standard_v9.9,USER00024,read
00207_Investment_Policy_v3.7,USER00024,read
00987_AML_Policy_v4.8,USER00024,read
01262_Funding_Guide_v2.0,USER00024,read
00528_Reconciliation_Standard_v8.8,USER00024,read
00076_Beneficial_Ownership_Guide_v2.9,USER00024,read
01302_Interest_Rate_Risk_Manual_v5.5,USER00024,read
00201_Mortgage_Origination_Guide_v6.2,USER00024,read
00671_Investment_Policy_v3.9,USER00025,read
01226_Market_Risk_Framework_v8.9,USER00025,read
00367_Trade_Operations_Guide_v1.4,USER00025,read
01281_Lending_Standards_v2.1,USER00025,read
02368_Operations_Manual_v2.8,USER00025,read
01569_Credit_Policy_v9.3,USER00025,read
01872_Incident_Management_Procedure_v8.9,USER00025,read
02296_Payment_Processing_Procedure_v5.8,USER00025,read
00463_Securities_Valuation_Manual_v2.5,USER00025,read
01319_Portfolio_Risk_Procedure_v4.6,USER00025,read
01530_Liquidity_Risk_Policy_v7.6,USER00026,read
01714_Market_Risk_Framework_v8.9,USER00026,read
00246_Liquidity_Management_Procedure_v9.4,USER00026,read
01939_Transaction_Monitoring_Standard_v1.3,USER00026,read
01380_Customer_Due_Diligence_Standard_v9.9,USER00026,read
01829_Compliance_Policy_v9.7,USER00026,read
00263_Trade_Operations_Guide_v2.8,USER00026,read
02238_Liquidity_Management_Procedure_v2.4,USER00026,read
00241_SME_Underwriting_Procedure_v8.8,USER00026,read
01372_KYC_Policy_v2.2,USER00026,read
01827_Sanctions_Screening_Manual_v4.9,USER00027,read
00473_Credit_Policy_v1.2,USER00027,read
01200_Reconciliation_Standard_v4.4,USER00027,read
02122_Market_Risk_Framework_v9.9,USER00027,read
01404_Beneficial_Ownership_Guide_v9.0,USER00027,read
00950_Interest_Rate_Risk_Manual_v6.2,USER00027,read
00009_SME_Underwriting_Procedure_v2.9,USER00027,read
00721_Mortgage_Origination_Guide_v3.4,USER00027,read
01312_Payment_Processing_Procedure_v9.8,USER00027,read
01290_Operational_Risk_Standard_v7.7,USER00027,read
00898_Credit_Risk_Methodology_v4.4,USER00028,read
00738_Credit_Risk_Methodology_v8.5,USER00028,read
00687_Trade_Operations_Guide_v8.2,USER00028,read
01534_Interest_Rate_Risk_Manual_v1.6,USER00028,read
02027_AML_Policy_v3.6,USER00028,read
00700_Customer_Risk_Rating_Manual_v7.8,USER00028,read
01024_Incident_Management_Procedure_v4.6,USER00028,read
02210_Liquidity_Risk_Policy_v2.9,USER00028,read
00794_Credit_Risk_Methodology_v2.9,USER00028,read
01325_Record_Retention_Standard_v3.0,USER00028,read
01357_Record_Retention_Standard_v7.2,USER00029,read
01860_Beneficial_Ownership_Guide_v9.9,USER00029,read
02311_Securities_Valuation_Manual_v5.7,USER00029,read
00360_Payment_Processing_Procedure_v7.4,USER00029,read
00143_Investment_Policy_v8.8,USER00029,read
02228_Customer_Due_Diligence_Standard_v7.4,USER00029,read
02350_Liquidity_Management_Procedure_v3.5,USER00029,read
01727_Investment_Policy_v6.1,USER00029,read
00853_Record_Retention_Standard_v6.2,USER00029,read
01392_Incident_Management_Procedure_v8.0,USER00029,read
01855_Securities_Valuation_Manual_v5.3,USER00030,read
01685_Compliance_Policy_v6.2,USER00030,read
00407_Portfolio_Risk_Procedure_v3.2,USER00030,read
00914_Market_Risk_Framework_v7.5,USER00030,read
00678_Liquidity_Management_Procedure_v8.7,USER00030,read
01028_Beneficial_Ownership_Guide_v2.0,USER00030,read
01047_Portfolio_Risk_Procedure_v6.3,USER00030,read
00300_Customer_Due_Diligence_Standard_v2.5,USER00030,read
01152_Reconciliation_Standard_v8.1,USER00030,read
00901_Record_Retention_Standard_v2.0,USER00030,read
01965_Record_Retention_Standard_v6.6,USER00031,read
01486_Treasury_Policy_v1.5,USER00031,read
00851_Transaction_Monitoring_Standard_v8.1,USER00031,read
02098_Market_Risk_Framework_v3.2,USER00031,read
00182_Liquidity_Management_Procedure_v3.9,USER00031,read
02054_Funding_Guide_v8.6,USER00031,read
00491_AML_Escalation_Procedure_v8.8,USER00031,read
00203_AML_Policy_v2.5,USER00031,read
01213_Compliance_Policy_v5.5,USER00031,read
01549_Regulatory_Change_Procedure_v3.9,USER00031,read
01711_Portfolio_Risk_Procedure_v1.1,USER00032,read
01689_Mortgage_Origination_Guide_v9.3,USER00032,read
00948_KYC_Policy_v9.0,USER00032,read
02066_Liquidity_Risk_Policy_v6.3,USER00032,read
00997_Compliance_Policy_v8.5,USER00032,read
01294_Liquidity_Management_Procedure_v2.3,USER00032,read
00669_Regulatory_Change_Procedure_v5.7,USER00032,read
02024_Reconciliation_Standard_v1.1,USER00032,read
00741_Conduct_Risk_Standard_v1.4,USER00032,read
01654_Funding_Guide_v1.5,USER00032,read
01680_Operations_Manual_v6.1,USER00033,read
00598_Treasury_Policy_v9.5,USER00033,read
00983_Investment_Policy_v1.4,USER00033,read
00596_KYC_Policy_v1.8,USER00033,read
00542_Liquidity_Management_Procedure_v3.8,USER00033,read
00991_Investment_Policy_v5.1,USER00033,read
01873_Mortgage_Origination_Guide_v3.6,USER00033,read
00696_Incident_Management_Procedure_v2.7,USER00033,read
00393_Lending_Standards_v5.4,USER00033,read
00187_AML_Escalation_Procedure_v9.2,USER00033,read
01553_Lending_Standards_v3.7,USER00034,read
00066_Market_Risk_Framework_v7.7,USER00034,read
00429_Regulatory_Change_Procedure_v2.1,USER00034,read
01056_Incident_Management_Procedure_v5.3,USER00034,read
01439_Portfolio_Risk_Procedure_v8.7,USER00034,read
00406_Funding_Guide_v6.2,USER00034,read
00587_Sanctions_Screening_Manual_v6.4,USER00034,read
01240_Operations_Manual_v5.2,USER00034,read
00468_Customer_Due_Diligence_Standard_v4.4,USER00034,read
00956_Beneficial_Ownership_Guide_v7.6,USER00034,read
00461_Conduct_Risk_Standard_v7.2,USER00035,read
00462_Funding_Guide_v1.3,USER00035,read
01587_Sanctions_Screening_Manual_v1.3,USER00035,read
00646_Treasury_Policy_v2.0,USER00035,read
01321_Credit_Policy_v5.3,USER00035,read
01312_Payment_Processing_Procedure_v9.8,USER00035,read
00335_Trade_Operations_Guide_v8.2,USER00035,read
02202_Market_Risk_Framework_v2.0,USER00035,read
02141_Conduct_Risk_Standard_v9.2,USER00035,read
01256_Reconciliation_Standard_v5.2,USER00035,read
01872_Incident_Management_Procedure_v8.9,USER00036,read
01690_Operational_Risk_Standard_v7.6,USER00036,read
02247_Portfolio_Risk_Procedure_v3.0,USER00036,read
00533_Record_Retention_Standard_v3.2,USER00036,read
00863_Portfolio_Risk_Procedure_v2.5,USER00036,read
00780_Beneficial_Ownership_Guide_v4.1,USER00036,read
01138_Liquidity_Risk_Policy_v2.8,USER00036,read
02190_Funding_Guide_v9.3,USER00036,read
01103_Securities_Valuation_Manual_v3.3,USER00036,read
00983_Investment_Policy_v1.4,USER00036,read
00119_Securities_Valuation_Manual_v4.8,USER00037,read
02393_Credit_Policy_v2.5,USER00037,read
00446_Interest_Rate_Risk_Manual_v6.4,USER00037,read
00376_Incident_Management_Procedure_v1.5,USER00037,read
01759_Trade_Operations_Guide_v7.0,USER00037,read
01949_Conduct_Risk_Standard_v1.9,USER00037,read
00930_Operational_Risk_Standard_v2.0,USER00037,read
01896_Operations_Manual_v5.5,USER00037,read
01778_Credit_Risk_Methodology_v8.5,USER00037,read
02101_Record_Retention_Standard_v1.8,USER00037,read
01016_Reconciliation_Standard_v6.6,USER00038,read
01447_Trade_Operations_Guide_v2.5,USER00038,read
00275_AML_Policy_v9.9,USER00038,read
00111_Trade_Operations_Guide_v6.5,USER00038,read
01458_Liquidity_Risk_Policy_v8.9,USER00038,read
02198_Treasury_Policy_v9.0,USER00038,read
01770_Credit_Risk_Methodology_v4.7,USER00038,read
01222_Interest_Rate_Risk_Manual_v1.3,USER00038,read
01747_AML_Policy_v3.1,USER00038,read
02352_Payment_Processing_Procedure_v1.2,USER00038,read
00342_Interest_Rate_Risk_Manual_v5.4,USER00039,read
01598_Funding_Guide_v1.8,USER00039,read
00649_Credit_Policy_v7.9,USER00039,read
00753_Mortgage_Origination_Guide_v2.7,USER00039,read
00603_AML_Policy_v5.4,USER00039,read
01259_Transaction_Monitoring_Standard_v7.5,USER00039,read
01350_Liquidity_Management_Procedure_v4.2,USER00039,read
01465_Mortgage_Origination_Guide_v8.2,USER00039,read
00315_AML_Policy_v7.7,USER00039,read
02078_Liquidity_Management_Procedure_v8.6,USER00039,read
01977_Lending_Standards_v8.7,USER00040,read
00461_Conduct_Risk_Standard_v7.2,USER00040,read
01175_Trade_Operations_Guide_v3.1,USER00040,read
01486_Treasury_Policy_v1.5,USER00040,read
00383_Portfolio_Risk_Procedure_v6.7,USER00040,read
00209_Lending_Standards_v8.8,USER00040,read
00266_Market_Risk_Framework_v2.7,USER00040,read
01732_Customer_Risk_Rating_Manual_v8.2,USER00040,read
00410_Liquidity_Risk_Policy_v8.0,USER00040,read
00706_Credit_Risk_Methodology_v1.7,USER00040,read
01809_Lending_Standards_v1.4,USER00041,read
01309_Record_Retention_Standard_v5.5,USER00041,read
01136_Incident_Management_Procedure_v9.3,USER00041,read
02270_Funding_Guide_v4.0,USER00041,read
00351_Portfolio_Risk_Procedure_v5.1,USER00041,read
02023_Trade_Operations_Guide_v9.7,USER00041,read
01107_Sanctions_Screening_Manual_v8.7,USER00041,read
01746_Operational_Risk_Standard_v6.1,USER00041,read
01199_Securities_Valuation_Manual_v7.9,USER00041,read
00502_Interest_Rate_Risk_Manual_v8.2,USER00041,read
00090_Market_Risk_Framework_v5.7,USER00042,read
01391_Investment_Policy_v5.4,USER00042,read
02096_Incident_Management_Procedure_v7.1,USER00042,read
02399_Trade_Operations_Guide_v3.5,USER00042,read
01932_KYC_Policy_v3.3,USER00042,read
00008_Operations_Manual_v7.4,USER00042,read
01987_AML_Escalation_Procedure_v5.4,USER00042,read
00927_Investment_Policy_v2.7,USER00042,read
00201_Mortgage_Origination_Guide_v6.2,USER00042,read
00681_Credit_Policy_v7.2,USER00042,read
00181_Conduct_Risk_Standard_v2.8,USER00043,read
01005_Regulatory_Change_Procedure_v1.4,USER00043,read
00678_Liquidity_Management_Procedure_v8.7,USER00043,read
01826_Liquidity_Risk_Policy_v9.1,USER00043,read
02235_AML_Policy_v7.5,USER00043,read
00658_Credit_Risk_Methodology_v3.4,USER00043,read
01356_KYC_Policy_v8.5,USER00043,read
00357_Regulatory_Change_Procedure_v3.6,USER00043,read
00970_Liquidity_Risk_Policy_v1.8,USER00043,read
00808_Operations_Manual_v6.9,USER00043,read
00951_Trade_Operations_Guide_v6.4,USER00044,read
00301_Record_Retention_Standard_v8.3,USER00044,read
02060_Customer_Risk_Rating_Manual_v7.4,USER00044,read
01586_Operational_Risk_Standard_v1.6,USER00044,read
00029_Compliance_Policy_v2.3,USER00044,read
01345_Mortgage_Origination_Guide_v7.6,USER00044,read
00498_Market_Risk_Framework_v5.3,USER00044,read
01864_Operations_Manual_v2.5,USER00044,read
00365_Compliance_Policy_v9.3,USER00044,read
00211_AML_Policy_v8.2,USER00044,read
01061_Compliance_Policy_v4.7,USER00045,read
01415_Securities_Valuation_Manual_v9.3,USER00045,read
00299_Sanctions_Screening_Manual_v7.2,USER00045,read
01388_KYC_Policy_v1.5,USER00045,read
00843_Transaction_Monitoring_Standard_v7.1,USER00045,read
00401_Mortgage_Origination_Guide_v9.4,USER00045,read
00049_Mortgage_Origination_Guide_v9.5,USER00045,read
01304_Operations_Manual_v1.3,USER00045,read
00370_Market_Risk_Framework_v8.7,USER00045,read
00621_Compliance_Policy_v3.2,USER00045,read
00624_Reconciliation_Standard_v9.6,USER00046,read
01010_Operational_Risk_Standard_v2.1,USER00046,read
00449_Lending_Standards_v6.3,USER00046,read
01026_Liquidity_Risk_Policy_v1.0,USER00046,read
01336_Payment_Processing_Procedure_v8.2,USER00046,read
00842_Liquidity_Risk_Policy_v3.7,USER00046,read
02109_Record_Retention_Standard_v9.7,USER00046,read
00497_Credit_Policy_v1.3,USER00046,read
00976_Incident_Management_Procedure_v5.1,USER00046,read
02377_Credit_Policy_v9.3,USER00046,read
02276_Beneficial_Ownership_Guide_v4.9,USER00047,read
01891_AML_Policy_v6.4,USER00047,read
00896_Payment_Processing_Procedure_v1.6,USER00047,read
01632_Payment_Processing_Procedure_v2.3,USER00047,read
01993_Mortgage_Origination_Guide_v4.1,USER00047,read
01457_SME_Underwriting_Procedure_v9.1,USER00047,read
00420_Customer_Risk_Rating_Manual_v2.4,USER00047,read
00307_Transaction_Monitoring_Standard_v9.2,USER00047,read
01646_Treasury_Policy_v6.3,USER00047,read
02003_Sanctions_Screening_Manual_v8.2,USER00047,read
02193_SME_Underwriting_Procedure_v1.7,USER00048,read
01853_Regulatory_Change_Procedure_v6.5,USER00048,read
01178_Credit_Risk_Methodology_v5.1,USER00048,read
00587_Sanctions_Screening_Manual_v6.4,USER00048,read
00280_Operations_Manual_v2.3,USER00048,read
00077_Conduct_Risk_Standard_v1.6,USER00048,read
01489_SME_Underwriting_Procedure_v3.9,USER00048,read
02361_Credit_Policy_v6.2,USER00048,read
00119_Securities_Valuation_Manual_v4.8,USER00048,read
01960_Payment_Processing_Procedure_v9.9,USER00048,read
00473_Credit_Policy_v1.2,USER00049,read
00036_Beneficial_Ownership_Guide_v8.5,USER00049,read
01924_Customer_Risk_Rating_Manual_v7.3,USER00049,read
00455_Securities_Valuation_Manual_v2.7,USER00049,read
01036_Customer_Risk_Rating_Manual_v7.9,USER00049,read
01140_Customer_Due_Diligence_Standard_v1.8,USER00049,read
00651_Sanctions_Screening_Manual_v2.0,USER00049,read
00521_SME_Underwriting_Procedure_v4.6,USER00049,read
02137_Lending_Standards_v1.5,USER00049,read
01545_SME_Underwriting_Procedure_v6.1,USER00049,read
00378_Market_Risk_Framework_v4.8,USER00050,read
01436_Customer_Risk_Rating_Manual_v5.2,USER00050,read
00860_KYC_Policy_v1.9,USER00050,read
02282_Operational_Risk_Standard_v1.6,USER00050,read
01086_Interest_Rate_Risk_Manual_v3.3,USER00050,read
00641_Credit_Policy_v7.8,USER00050,read
01772_Customer_Due_Diligence_Standard_v5.2,USER00050,read
01630_Interest_Rate_Risk_Manual_v9.5,USER00050,read
02318_Funding_Guide_v2.6,USER00050,read
01658_Liquidity_Risk_Policy_v3.2,USER00050,read
02297_Mortgage_Origination_Guide_v1.8,USER00051,read
00689_Lending_Standards_v1.3,USER00051,read
02035_AML_Policy_v5.3,USER00051,read
02122_Market_Risk_Framework_v9.9,USER00051,read
00229_Compliance_Policy_v5.7,USER00051,read
02141_Conduct_Risk_Standard_v9.2,USER00051,read
02103_Investment_Policy_v4.8,USER00051,read
01145_Lending_Standards_v5.3,USER00051,read
02354_Market_Risk_Framework_v6.3,USER00051,read
02186_Liquidity_Risk_Policy_v7.7,USER00051,read
00089_Mortgage_Origination_Guide_v2.0,USER00052,read
01521_Mortgage_Origination_Guide_v9.5,USER00052,read
01417_Mortgage_Origination_Guide_v4.2,USER00052,read
01349_Compliance_Policy_v2.9,USER00052,read
01847_Trade_Operations_Guide_v8.9,USER00052,read
00891_AML_Escalation_Procedure_v3.0,USER00052,read
00156_Customer_Risk_Rating_Manual_v7.7,USER00052,read
02374_Liquidity_Management_Procedure_v2.3,USER00052,read
02286_Funding_Guide_v7.1,USER00052,read
01551_Securities_Valuation_Manual_v3.7,USER00052,read
00368_Operations_Manual_v3.7,USER00053,read
00967_Trade_Operations_Guide_v7.7,USER00053,read
00482_Operational_Risk_Standard_v4.1,USER00053,read
02385_SME_Underwriting_Procedure_v4.3,USER00053,read
00807_Securities_Valuation_Manual_v9.4,USER00053,read
01137_Credit_Policy_v3.6,USER00053,read
01464_Payment_Processing_Procedure_v1.2,USER00053,read
01642_Credit_Risk_Methodology_v4.7,USER00053,read
00013_Conduct_Risk_Standard_v7.9,USER00053,read
00998_Interest_Rate_Risk_Manual_v6.3,USER00053,read
01455_Portfolio_Risk_Procedure_v8.6,USER00054,read
02370_Credit_Risk_Methodology_v1.4,USER00054,read
00071_Trade_Operations_Guide_v5.6,USER00054,read
00498_Market_Risk_Framework_v5.3,USER00054,read
00206_Funding_Guide_v1.2,USER00054,read
01696_Incident_Management_Procedure_v4.9,USER00054,read
01666_Credit_Risk_Methodology_v6.8,USER00054,read
01847_Trade_Operations_Guide_v8.9,USER00054,read
00995_AML_Escalation_Procedure_v7.8,USER00054,read
02334_Funding_Guide_v7.0,USER00054,read
01738_Liquidity_Risk_Policy_v5.7,USER00055,read
01279_Securities_Valuation_Manual_v7.4,USER00055,read
00866_Liquidity_Risk_Policy_v8.8,USER00055,read
01706_Market_Risk_Framework_v4.6,USER00055,read
00954_Market_Risk_Framework_v9.1,USER00055,read
02083_Transaction_Monitoring_Standard_v8.3,USER00055,read
00430_Funding_Guide_v8.0,USER00055,read
00556_Customer_Due_Diligence_Standard_v8.2,USER00055,read
00795_Sanctions_Screening_Manual_v8.9,USER00055,read
01593_SME_Underwriting_Procedure_v4.8,USER00055,read
01455_Portfolio_Risk_Procedure_v8.6,USER00056,read
02105_SME_Underwriting_Procedure_v8.8,USER00056,read
01815_Trade_Operations_Guide_v2.6,USER00056,read
01934_Funding_Guide_v9.3,USER00056,read
00407_Portfolio_Risk_Procedure_v3.2,USER00056,read
02121_Mortgage_Origination_Guide_v5.4,USER00056,read
01564_Customer_Due_Diligence_Standard_v1.3,USER00056,read
00332_Customer_Due_Diligence_Standard_v8.8,USER00056,read
00678_Liquidity_Management_Procedure_v8.7,USER00056,read
02128_Incident_Management_Procedure_v7.9,USER00056,read
01330_Liquidity_Risk_Policy_v9.9,USER00057,read
01402_Credit_Risk_Methodology_v3.2,USER00057,read
01238_Liquidity_Management_Procedure_v6.6,USER00057,read
02222_Interest_Rate_Risk_Manual_v2.9,USER00057,read
00049_Mortgage_Origination_Guide_v9.5,USER00057,read
00206_Funding_Guide_v1.2,USER00057,read
02061_Conduct_Risk_Standard_v7.9,USER00057,read
01649_Mortgage_Origination_Guide_v9.9,USER00057,read
01536_Reconciliation_Standard_v4.1,USER00057,read
02374_Liquidity_Management_Procedure_v2.3,USER00057,read
02099_AML_Escalation_Procedure_v6.0,USER00058,read
01918_Liquidity_Management_Procedure_v1.0,USER00058,read
01756_Beneficial_Ownership_Guide_v8.5,USER00058,read
00757_Record_Retention_Standard_v1.8,USER00058,read
01544_Payment_Processing_Procedure_v7.8,USER00058,read
00966_Funding_Guide_v2.5,USER00058,read
01622_Treasury_Policy_v5.7,USER00058,read
00935_Trade_Operations_Guide_v8.0,USER00058,read
01212_Beneficial_Ownership_Guide_v5.3,USER00058,read
01023_Securities_Valuation_Manual_v4.7,USER00058,read
01401_SME_Underwriting_Procedure_v2.7,USER00059,read
01103_Securities_Valuation_Manual_v3.3,USER00059,read
02190_Funding_Guide_v9.3,USER00059,read
00221_Conduct_Risk_Standard_v4.9,USER00059,read
01340_Customer_Due_Diligence_Standard_v4.6,USER00059,read
01534_Interest_Rate_Risk_Manual_v1.6,USER00059,read
00322_Operational_Risk_Standard_v4.8,USER00059,read
00330_Liquidity_Risk_Policy_v2.2,USER00059,read
00649_Credit_Policy_v7.9,USER00059,read
01912_Reconciliation_Standard_v2.3,USER00059,read
01024_Incident_Management_Procedure_v4.6,USER00060,read
01286_Liquidity_Management_Procedure_v4.5,USER00060,read
00976_Incident_Management_Procedure_v5.1,USER00060,read
01337_Credit_Policy_v5.0,USER00060,read
00141_Compliance_Policy_v3.0,USER00060,read
02102_Interest_Rate_Risk_Manual_v9.0,USER00060,read
01496_Reconciliation_Standard_v7.3,USER00060,read
00282_Credit_Risk_Methodology_v7.3,USER00060,read
00464_Operations_Manual_v1.1,USER00060,read
01775_Securities_Valuation_Manual_v9.8,USER00060,read
01819_AML_Policy_v8.2,USER00061,read
00863_Portfolio_Risk_Procedure_v2.5,USER00061,read
01323_Transaction_Monitoring_Standard_v6.4,USER00061,read
00280_Operations_Manual_v2.3,USER00061,read
00320_Payment_Processing_Procedure_v8.5,USER00061,read
01656_Payment_Processing_Procedure_v6.4,USER00061,read
01729_Lending_Standards_v5.4,USER00061,read
01745_Credit_Policy_v1.0,USER00061,read
00156_Customer_Risk_Rating_Manual_v7.7,USER00061,read
00793_Mortgage_Origination_Guide_v6.8,USER00061,read
01027_Sanctions_Screening_Manual_v3.5,USER00062,read
00881_SME_Underwriting_Procedure_v6.9,USER00062,read
00143_Investment_Policy_v8.8,USER00062,read
01133_Conduct_Risk_Standard_v7.2,USER00062,read
01897_Mortgage_Origination_Guide_v2.9,USER00062,read
00362_Operational_Risk_Standard_v6.8,USER00062,read
01912_Reconciliation_Standard_v2.3,USER00062,read
01142_Interest_Rate_Risk_Manual_v9.2,USER00062,read
01812_Customer_Risk_Rating_Manual_v9.6,USER00062,read
00908_Customer_Due_Diligence_Standard_v6.7,USER00062,read
00840_Payment_Processing_Procedure_v9.9,USER00063,read
00626_Operational_Risk_Standard_v4.3,USER00063,read
00966_Funding_Guide_v2.5,USER00063,read
00855_Portfolio_Risk_Procedure_v9.8,USER00063,read
02257_SME_Underwriting_Procedure_v9.8,USER00063,read
00098_Liquidity_Risk_Policy_v8.1,USER00063,read
01486_Treasury_Policy_v1.5,USER00063,read
01025_Credit_Policy_v9.1,USER00063,read
01891_AML_Policy_v6.4,USER00063,read
00064_Operations_Manual_v3.2,USER00063,read
00354_Operational_Risk_Standard_v3.7,USER00064,read
00252_KYC_Policy_v6.4,USER00064,read
00991_Investment_Policy_v5.1,USER00064,read
02169_Lending_Standards_v2.3,USER00064,read
01793_Mortgage_Origination_Guide_v3.3,USER00064,read
00353_Lending_Standards_v9.7,USER00064,read
01732_Customer_Risk_Rating_Manual_v8.2,USER00064,read
01217_SME_Underwriting_Procedure_v3.6,USER00064,read
01670_Interest_Rate_Risk_Manual_v8.2,USER00064,read
01464_Payment_Processing_Procedure_v1.2,USER00064,read
00513_Mortgage_Origination_Guide_v2.2,USER00065,read
00596_KYC_Policy_v1.8,USER00065,read
02111_Securities_Valuation_Manual_v6.0,USER00065,read
01144_Reconciliation_Standard_v9.8,USER00065,read
01581_Regulatory_Change_Procedure_v4.1,USER00065,read
01424_Reconciliation_Standard_v8.5,USER00065,read
01226_Market_Risk_Framework_v8.9,USER00065,read
02114_Operational_Risk_Standard_v4.2,USER00065,read
00230_Liquidity_Management_Procedure_v5.5,USER00065,read
00399_Securities_Valuation_Manual_v5.8,USER00065,read
00909_Compliance_Policy_v4.2,USER00066,read
00383_Portfolio_Risk_Procedure_v6.7,USER00066,read
01590_Funding_Guide_v1.6,USER00066,read
02365_Conduct_Risk_Standard_v8.7,USER00066,read
00654_Treasury_Policy_v6.5,USER00066,read
00600_Reconciliation_Standard_v5.8,USER00066,read
00718_Treasury_Policy_v2.3,USER00066,read
01668_Beneficial_Ownership_Guide_v9.3,USER00066,read
01816_Operations_Manual_v5.8,USER00066,read
00780_Beneficial_Ownership_Guide_v4.1,USER00066,read
01343_Securities_Valuation_Manual_v5.4,USER00067,read
02044_KYC_Policy_v2.4,USER00067,read
02029_Conduct_Risk_Standard_v2.7,USER00067,read
01213_Compliance_Policy_v5.5,USER00067,read
01489_SME_Underwriting_Procedure_v3.9,USER00067,read
01736_Incident_Management_Procedure_v1.9,USER00067,read
00794_Credit_Risk_Methodology_v2.9,USER00067,read
02285_Record_Retention_Standard_v7.6,USER00067,read
02378_Market_Risk_Framework_v7.1,USER00067,read
01604_Customer_Due_Diligence_Standard_v6.9,USER00067,read
02163_AML_Escalation_Procedure_v1.0,USER00068,read
00257_SME_Underwriting_Procedure_v6.4,USER00068,read
01726_Funding_Guide_v6.9,USER00068,read
01790_Funding_Guide_v9.1,USER00068,read
01174_Funding_Guide_v8.8,USER00068,read
00586_Liquidity_Risk_Policy_v7.9,USER00068,read
00133_Record_Retention_Standard_v2.2,USER00068,read
01733_Regulatory_Change_Procedure_v8.0,USER00068,read
00519_Securities_Valuation_Manual_v5.5,USER00068,read
00778_Liquidity_Risk_Policy_v8.0,USER00068,read
01621_Compliance_Policy_v8.7,USER00069,read
01118_Treasury_Policy_v6.6,USER00069,read
00472_Payment_Processing_Procedure_v1.4,USER00069,read
00018_Credit_Risk_Methodology_v9.8,USER00069,read
00757_Record_Retention_Standard_v1.8,USER00069,read
01399_Portfolio_Risk_Procedure_v3.7,USER00069,read
01556_KYC_Policy_v5.6,USER00069,read
01903_Securities_Valuation_Manual_v2.9,USER00069,read
00086_Liquidity_Management_Procedure_v6.1,USER00069,read
01149_Compliance_Policy_v4.1,USER00069,read
01884_Customer_Risk_Rating_Manual_v9.5,USER00070,read
01169_Lending_Standards_v7.1,USER00070,read
00495_Securities_Valuation_Manual_v3.8,USER00070,read
01671_Portfolio_Risk_Procedure_v1.9,USER00070,read
01190_Funding_Guide_v9.4,USER00070,read
01070_Liquidity_Management_Procedure_v4.5,USER00070,read
00204_Customer_Due_Diligence_Standard_v8.5,USER00070,read
01237_Compliance_Policy_v6.1,USER00070,read
01039_Portfolio_Risk_Procedure_v7.0,USER00070,read
00380_Beneficial_Ownership_Guide_v2.0,USER00070,read
01974_Liquidity_Management_Procedure_v2.0,USER00071,read
01559_Portfolio_Risk_Procedure_v2.5,USER00071,read
01554_Operational_Risk_Standard_v2.0,USER00071,read
00539_Sanctions_Screening_Manual_v4.2,USER00071,read
01825_SME_Underwriting_Procedure_v8.0,USER00071,read
02112_Reconciliation_Standard_v8.9,USER00071,read
01682_Operational_Risk_Standard_v3.8,USER00071,read
01885_Regulatory_Change_Procedure_v5.8,USER00071,read
01754_Operational_Risk_Standard_v6.0,USER00071,read
00376_Incident_Management_Procedure_v1.5,USER00071,read
01313_Credit_Policy_v3.3,USER00072,read
02029_Conduct_Risk_Standard_v2.7,USER00072,read
00951_Trade_Operations_Guide_v6.4,USER00072,read
00681_Credit_Policy_v7.2,USER00072,read
01591_Investment_Policy_v2.0,USER00072,read
01473_Mortgage_Origination_Guide_v5.8,USER00072,read
00722_Liquidity_Risk_Policy_v2.4,USER00072,read
02255_Trade_Operations_Guide_v5.6,USER00072,read
00112_Payment_Processing_Procedure_v7.3,USER00072,read
00662_Interest_Rate_Risk_Manual_v4.9,USER00072,read
01467_Transaction_Monitoring_Standard_v3.4,USER00073,read
01619_AML_Escalation_Procedure_v1.2,USER00073,read
01910_Interest_Rate_Risk_Manual_v2.2,USER00073,read
01864_Operations_Manual_v2.5,USER00073,read
01589_Record_Retention_Standard_v5.1,USER00073,read
00263_Trade_Operations_Guide_v2.8,USER00073,read
00743_Trade_Operations_Guide_v1.4,USER00073,read
01104_Operations_Manual_v3.1,USER00073,read
00176_Reconciliation_Standard_v1.5,USER00073,read
00236_Customer_Risk_Rating_Manual_v5.7,USER00073,read
01630_Interest_Rate_Risk_Manual_v9.5,USER00074,read
00205_Compliance_Policy_v2.6,USER00074,read
01211_AML_Escalation_Procedure_v3.0,USER00074,read
01631_Trade_Operations_Guide_v2.5,USER00074,read
01399_Portfolio_Risk_Procedure_v3.7,USER00074,read
00794_Credit_Risk_Methodology_v2.9,USER00074,read
01947_AML_Policy_v9.8,USER00074,read
01324_Customer_Risk_Rating_Manual_v5.3,USER00074,read
01605_Compliance_Policy_v1.8,USER00074,read
01801_Credit_Policy_v1.5,USER00074,read
01144_Reconciliation_Standard_v9.8,USER00075,read
02077_Compliance_Policy_v6.0,USER00075,read
01874_Credit_Risk_Methodology_v5.3,USER00075,read
01322_Operational_Risk_Standard_v7.6,USER00075,read
01804_Customer_Due_Diligence_Standard_v8.9,USER00075,read
02366_Treasury_Policy_v6.3,USER00075,read
00375_Investment_Policy_v7.1,USER00075,read
01791_Trade_Operations_Guide_v1.5,USER00075,read
00190_Treasury_Policy_v5.7,USER00075,read
01320_Incident_Management_Procedure_v2.0,USER00075,read
00299_Sanctions_Screening_Manual_v7.2,USER00076,read
01067_AML_Escalation_Procedure_v3.1,USER00076,read
01868_Customer_Due_Diligence_Standard_v3.3,USER00076,read
00546_Credit_Risk_Methodology_v7.6,USER00076,read
02087_Portfolio_Risk_Procedure_v7.1,USER00076,read
00838_Treasury_Policy_v2.9,USER00076,read
01355_Transaction_Monitoring_Standard_v3.8,USER00076,read
01999_Trade_Operations_Guide_v4.9,USER00076,read
01628_Customer_Due_Diligence_Standard_v3.6,USER00076,read
00178_Liquidity_Risk_Policy_v5.6,USER00076,read
01418_Operational_Risk_Standard_v2.2,USER00077,read
00953_Mortgage_Origination_Guide_v7.6,USER00077,read
01260_Customer_Due_Diligence_Standard_v6.5,USER00077,read
01278_Liquidity_Management_Procedure_v8.5,USER00077,read
00095_Trade_Operations_Guide_v5.0,USER00077,read
00182_Liquidity_Management_Procedure_v3.9,USER00077,read
01575_Trade_Operations_Guide_v2.7,USER00077,read
02054_Funding_Guide_v8.6,USER00077,read
01892_Beneficial_Ownership_Guide_v1.5,USER00077,read
01915_Transaction_Monitoring_Standard_v7.6,USER00077,read
01793_Mortgage_Origination_Guide_v3.3,USER00078,read
00323_AML_Escalation_Procedure_v6.1,USER00078,read
00399_Securities_Valuation_Manual_v5.8,USER00078,read
01770_Credit_Risk_Methodology_v4.7,USER00078,read
01964_KYC_Policy_v3.1,USER00078,read
02340_KYC_Policy_v6.9,USER00078,read
01712_Reconciliation_Standard_v6.0,USER00078,read
02094_Liquidity_Management_Procedure_v9.3,USER00078,read
01168_Incident_Management_Procedure_v6.0,USER00078,read
01967_Securities_Valuation_Manual_v3.2,USER00078,read
02283_AML_Policy_v9.3,USER00079,read
01364_KYC_Policy_v8.7,USER00079,read
01673_Lending_Standards_v9.9,USER00079,read
00096_Payment_Processing_Procedure_v5.9,USER00079,read
01792_Payment_Processing_Procedure_v3.8,USER00079,read
01517_Conduct_Risk_Standard_v7.7,USER00079,read
01889_Mortgage_Origination_Guide_v7.8,USER00079,read
01858_Liquidity_Risk_Policy_v3.4,USER00079,read
02163_AML_Escalation_Procedure_v1.0,USER00079,read
01412_Customer_Due_Diligence_Standard_v6.3,USER00079,read
01993_Mortgage_Origination_Guide_v4.1,USER00080,read
00823_Portfolio_Risk_Procedure_v5.7,USER00080,read
01200_Reconciliation_Standard_v4.4,USER00080,read
02122_Market_Risk_Framework_v9.9,USER00080,read
00390_Treasury_Policy_v5.1,USER00080,read
01589_Record_Retention_Standard_v5.1,USER00080,read
00692_Customer_Due_Diligence_Standard_v8.2,USER00080,read
01379_Transaction_Monitoring_Standard_v6.6,USER00080,read
01793_Mortgage_Origination_Guide_v3.3,USER00080,read
00524_Beneficial_Ownership_Guide_v6.2,USER00080,read
01948_Beneficial_Ownership_Guide_v2.5,USER00081,read
01599_Investment_Policy_v2.9,USER00081,read
01266_Credit_Risk_Methodology_v8.6,USER00081,read
01579_Sanctions_Screening_Manual_v8.1,USER00081,read
01684_Customer_Risk_Rating_Manual_v1.9,USER00081,read
01603_Sanctions_Screening_Manual_v7.2,USER00081,read
01212_Beneficial_Ownership_Guide_v5.3,USER00081,read
02205_Conduct_Risk_Standard_v9.0,USER00081,read
00842_Liquidity_Risk_Policy_v3.7,USER00081,read
02082_Market_Risk_Framework_v5.0,USER00081,read
00539_Sanctions_Screening_Manual_v4.2,USER00082,read
01110_Interest_Rate_Risk_Manual_v4.5,USER00082,read
02167_Securities_Valuation_Manual_v1.9,USER00082,read
01753_Lending_Standards_v9.0,USER00082,read
01368_Reconciliation_Standard_v4.3,USER00082,read
02081_Credit_Policy_v8.7,USER00082,read
00068_KYC_Policy_v7.5,USER00082,read
01662_Liquidity_Management_Procedure_v5.0,USER00082,read
01519_Portfolio_Risk_Procedure_v3.9,USER00082,read
00177_SME_Underwriting_Procedure_v5.9,USER00082,read
02107_Transaction_Monitoring_Standard_v1.9,USER00083,read
01091_AML_Escalation_Procedure_v2.5,USER00083,read
01389_Regulatory_Change_Procedure_v9.3,USER00083,read
02070_Liquidity_Management_Procedure_v1.8,USER00083,read
00763_Sanctions_Screening_Manual_v8.8,USER00083,read
01023_Securities_Valuation_Manual_v4.7,USER00083,read
01367_Trade_Operations_Guide_v3.9,USER00083,read
00482_Operational_Risk_Standard_v4.1,USER00083,read
00871_Portfolio_Risk_Procedure_v9.7,USER00083,read
00324_KYC_Policy_v3.3,USER00083,read
02183_Trade_Operations_Guide_v2.6,USER00084,read
01120_Payment_Processing_Procedure_v2.9,USER00084,read
01747_AML_Policy_v3.1,USER00084,read
00234_Liquidity_Risk_Policy_v8.8,USER00084,read
02112_Reconciliation_Standard_v8.9,USER00084,read
00034_Market_Risk_Framework_v4.9,USER00084,read
00393_Lending_Standards_v5.4,USER00084,read
01194_Credit_Risk_Methodology_v3.0,USER00084,read
01774_Funding_Guide_v6.9,USER00084,read
02079_Portfolio_Risk_Procedure_v1.7,USER00084,read
01859_AML_Policy_v2.3,USER00085,read
00467_Transaction_Monitoring_Standard_v7.1,USER00085,read
01320_Incident_Management_Procedure_v2.0,USER00085,read
01658_Liquidity_Risk_Policy_v3.2,USER00085,read
00602_Operational_Risk_Standard_v4.5,USER00085,read
01216_Incident_Management_Procedure_v6.4,USER00085,read
02047_Portfolio_Risk_Procedure_v6.5,USER00085,read
00174_Funding_Guide_v2.5,USER00085,read
01553_Lending_Standards_v3.7,USER00085,read
00159_Portfolio_Risk_Procedure_v7.1,USER00085,read
00445_Conduct_Risk_Standard_v9.9,USER00086,read
00152_Payment_Processing_Procedure_v3.7,USER00086,read
00849_Mortgage_Origination_Guide_v2.3,USER00086,read
01576_Operations_Manual_v7.1,USER00086,read
00961_Mortgage_Origination_Guide_v9.1,USER00086,read
01856_Payment_Processing_Procedure_v2.4,USER00086,read
02339_AML_Policy_v8.1,USER00086,read
00010_Liquidity_Risk_Policy_v9.3,USER00086,read
02344_Payment_Processing_Procedure_v9.5,USER00086,read
01043_Sanctions_Screening_Manual_v7.6,USER00086,read
00157_Compliance_Policy_v1.2,USER00087,read
01278_Liquidity_Management_Procedure_v8.5,USER00087,read
01999_Trade_Operations_Guide_v4.9,USER00087,read
01259_Transaction_Monitoring_Standard_v7.5,USER00087,read
00149_Record_Retention_Standard_v2.1,USER00087,read
00854_Funding_Guide_v8.3,USER00087,read
02073_Credit_Policy_v1.2,USER00087,read
01252_Customer_Risk_Rating_Manual_v6.1,USER00087,read
00460_Beneficial_Ownership_Guide_v3.1,USER00087,read
00997_Compliance_Policy_v8.5,USER00087,read
01394_Liquidity_Risk_Policy_v5.9,USER00088,read
01637_Regulatory_Change_Procedure_v3.8,USER00088,read
02370_Credit_Risk_Methodology_v1.4,USER00088,read
02303_Trade_Operations_Guide_v5.1,USER00088,read
02029_Conduct_Risk_Standard_v2.7,USER00088,read
00452_Beneficial_Ownership_Guide_v6.4,USER00088,read
00342_Interest_Rate_Risk_Manual_v5.4,USER00088,read
01001_Lending_Standards_v9.3,USER00088,read
00136_Reconciliation_Standard_v4.7,USER00088,read
00142_Treasury_Policy_v3.6,USER00088,read
01483_Sanctions_Screening_Manual_v2.5,USER00089,read
02255_Trade_Operations_Guide_v5.6,USER00089,read
01932_KYC_Policy_v3.3,USER00089,read
02039_Investment_Policy_v7.0,USER00089,read
00698_Market_Risk_Framework_v8.8,USER00089,read
00143_Investment_Policy_v8.8,USER00089,read
02083_Transaction_Monitoring_Standard_v8.3,USER00089,read
00708_Customer_Due_Diligence_Standard_v9.1,USER00089,read
01582_Funding_Guide_v2.4,USER00089,read
00567_Trade_Operations_Guide_v1.7,USER00089,read
01691_Sanctions_Screening_Manual_v9.7,USER00090,read
01044_Customer_Due_Diligence_Standard_v4.7,USER00090,read
00529_Lending_Standards_v9.3,USER00090,read
00864_Incident_Management_Procedure_v9.6,USER00090,read
00551_Securities_Valuation_Manual_v2.4,USER00090,read
00928_Reconciliation_Standard_v6.9,USER00090,read
01586_Operational_Risk_Standard_v1.6,USER00090,read
00287_Trade_Operations_Guide_v8.2,USER00090,read
00108_Beneficial_Ownership_Guide_v9.4,USER00090,read
02356_Customer_Due_Diligence_Standard_v1.4,USER00090,read
00347_Sanctions_Screening_Manual_v2.8,USER00091,read
02057_Lending_Standards_v6.9,USER00091,read
01494_Liquidity_Management_Procedure_v1.3,USER00091,read
02053_Conduct_Risk_Standard_v6.0,USER00091,read
02040_Operations_Manual_v8.8,USER00091,read
01319_Portfolio_Risk_Procedure_v4.6,USER00091,read
00690_Liquidity_Risk_Policy_v1.1,USER00091,read
01038_Interest_Rate_Risk_Manual_v7.7,USER00091,read
00901_Record_Retention_Standard_v2.0,USER00091,read
00617_Lending_Standards_v2.8,USER00091,read
01807_Portfolio_Risk_Procedure_v5.7,USER00092,read
02079_Portfolio_Risk_Procedure_v1.7,USER00092,read
00951_Trade_Operations_Guide_v6.4,USER00092,read
00361_Mortgage_Origination_Guide_v2.8,USER00092,read
00649_Credit_Policy_v7.9,USER00092,read
01860_Beneficial_Ownership_Guide_v9.9,USER00092,read
01549_Regulatory_Change_Procedure_v3.9,USER00092,read
01108_Beneficial_Ownership_Guide_v6.3,USER00092,read
00471_Portfolio_Risk_Procedure_v4.7,USER00092,read
01626_Liquidity_Risk_Policy_v3.5,USER00092,read
01644_Customer_Risk_Rating_Manual_v3.1,USER00093,read
00620_Beneficial_Ownership_Guide_v6.6,USER00093,read
00246_Liquidity_Management_Procedure_v9.4,USER00093,read
00509_Regulatory_Change_Procedure_v1.5,USER00093,read
02053_Conduct_Risk_Standard_v6.0,USER00093,read
00463_Securities_Valuation_Manual_v2.5,USER00093,read
01146_Credit_Risk_Methodology_v7.1,USER00093,read
00332_Customer_Due_Diligence_Standard_v8.8,USER00093,read
00939_AML_Escalation_Procedure_v2.7,USER00093,read
00307_Transaction_Monitoring_Standard_v9.2,USER00093,read
02087_Portfolio_Risk_Procedure_v7.1,USER00094,read
00759_Portfolio_Risk_Procedure_v6.4,USER00094,read
02163_AML_Escalation_Procedure_v1.0,USER00094,read
01117_Compliance_Policy_v3.8,USER00094,read
02347_AML_Escalation_Procedure_v8.4,USER00094,read
01145_Lending_Standards_v5.3,USER00094,read
00280_Operations_Manual_v2.3,USER00094,read
01764_Beneficial_Ownership_Guide_v8.9,USER00094,read
01441_Mortgage_Origination_Guide_v2.2,USER00094,read
02195_Sanctions_Screening_Manual_v8.4,USER00094,read
01612_Customer_Risk_Rating_Manual_v7.1,USER00095,read
01594_Liquidity_Risk_Policy_v9.8,USER00095,read
01317_Conduct_Risk_Standard_v7.3,USER00095,read
02005_Record_Retention_Standard_v5.6,USER00095,read
01117_Compliance_Policy_v3.8,USER00095,read
00039_Investment_Policy_v3.4,USER00095,read
00568_Payment_Processing_Procedure_v4.5,USER00095,read
02287_Portfolio_Risk_Procedure_v7.1,USER00095,read
01145_Lending_Standards_v5.3,USER00095,read
01364_KYC_Policy_v8.7,USER00095,read
02380_Beneficial_Ownership_Guide_v2.9,USER00096,read
01987_AML_Escalation_Procedure_v5.4,USER00096,read
01497_Mortgage_Origination_Guide_v5.1,USER00096,read
00131_AML_Escalation_Procedure_v6.4,USER00096,read
01640_Payment_Processing_Procedure_v8.2,USER00096,read
00874_Market_Risk_Framework_v4.6,USER00096,read
00893_Record_Retention_Standard_v3.4,USER00096,read
01868_Customer_Due_Diligence_Standard_v3.3,USER00096,read
01156_Beneficial_Ownership_Guide_v4.9,USER00096,read
01116_Customer_Due_Diligence_Standard_v6.6,USER00096,read
02318_Funding_Guide_v2.6,USER00097,read
00525_Regulatory_Change_Procedure_v6.7,USER00097,read
02015_Investment_Policy_v9.4,USER00097,read
00339_Transaction_Monitoring_Standard_v5.0,USER00097,read
00813_Compliance_Policy_v5.0,USER00097,read
01092_KYC_Policy_v9.5,USER00097,read
01022_Interest_Rate_Risk_Manual_v3.1,USER00097,read
01274_Operational_Risk_Standard_v1.9,USER00097,read
00090_Market_Risk_Framework_v5.7,USER00097,read
01997_Regulatory_Change_Procedure_v1.1,USER00097,read
01170_Credit_Risk_Methodology_v8.6,USER00098,read
00903_Portfolio_Risk_Procedure_v4.7,USER00098,read
00188_Beneficial_Ownership_Guide_v1.6,USER00098,read
02150_Funding_Guide_v3.1,USER00098,read
02176_Payment_Processing_Procedure_v3.9,USER00098,read
01680_Operations_Manual_v6.1,USER00098,read
00732_KYC_Policy_v9.9,USER00098,read
01684_Customer_Risk_Rating_Manual_v1.9,USER00098,read
02283_AML_Policy_v9.3,USER00098,read
01870_Funding_Guide_v8.2,USER00098,read
01372_KYC_Policy_v2.2,USER00099,read
00605_Record_Retention_Standard_v1.5,USER00099,read
02211_AML_Escalation_Procedure_v3.0,USER00099,read
01319_Portfolio_Risk_Procedure_v4.6,USER00099,read
00015_Trade_Operations_Guide_v8.8,USER00099,read
01987_AML_Escalation_Procedure_v5.4,USER00099,read
00128_Reconciliation_Standard_v9.8,USER00099,read
01188_KYC_Policy_v1.9,USER00099,read
00267_AML_Escalation_Procedure_v6.6,USER00099,read
00631_Investment_Policy_v5.9,USER00099,read
01743_Trade_Operations_Guide_v2.5,USER00100,read
01652_Customer_Risk_Rating_Manual_v1.3,USER00100,read
01497_Mortgage_Origination_Guide_v5.1,USER00100,read
00863_Portfolio_Risk_Procedure_v2.5,USER00100,read
00187_AML_Escalation_Procedure_v9.2,USER00100,read
00993_SME_Underwriting_Procedure_v4.5,USER00100,read
01820_Customer_Due_Diligence_Standard_v9.1,USER00100,read
02342_Treasury_Policy_v1.4,USER00100,read
00547_AML_Escalation_Procedure_v3.9,USER00100,read
01375_Investment_Policy_v8.4,USER00100,read
01393_Mortgage_Origination_Guide_v3.6,USER00101,read
01699_AML_Escalation_Procedure_v5.3,USER00101,read
01742_Liquidity_Management_Procedure_v6.4,USER00101,read
01016_Reconciliation_Standard_v6.6,USER00101,read
00473_Credit_Policy_v1.2,USER00101,read
00684_Beneficial_Ownership_Guide_v6.8,USER00101,read
00369_SME_Underwriting_Procedure_v2.0,USER00101,read
01915_Transaction_Monitoring_Standard_v7.6,USER00101,read
02330_Liquidity_Risk_Policy_v2.5,USER00101,read
01790_Funding_Guide_v9.1,USER00101,read
00199_Trade_Operations_Guide_v9.7,USER00102,read
01221_Regulatory_Change_Procedure_v7.1,USER00102,read
02090_Credit_Risk_Methodology_v8.3,USER00102,read
00915_AML_Escalation_Procedure_v8.4,USER00102,read
01352_Payment_Processing_Procedure_v2.7,USER00102,read
00794_Credit_Risk_Methodology_v2.9,USER00102,read
00381_Compliance_Policy_v2.8,USER00102,read
00832_Payment_Processing_Procedure_v4.8,USER00102,read
01344_Incident_Management_Procedure_v2.2,USER00102,read
00254_Liquidity_Management_Procedure_v1.5,USER00102,read
00623_Investment_Policy_v1.3,USER00103,read
02335_Portfolio_Risk_Procedure_v4.5,USER00103,read
00051_AML_Policy_v7.9,USER00103,read
02138_Operational_Risk_Standard_v9.2,USER00103,read
01114_Market_Risk_Framework_v5.8,USER00103,read
02085_Regulatory_Change_Procedure_v2.1,USER00103,read
00554_Liquidity_Risk_Policy_v5.6,USER00103,read
01364_KYC_Policy_v8.7,USER00103,read
00457_Mortgage_Origination_Guide_v7.6,USER00103,read
02308_Customer_Risk_Rating_Manual_v1.5,USER00103,read
02246_Funding_Guide_v1.0,USER00104,read
00744_Operations_Manual_v9.5,USER00104,read
02054_Funding_Guide_v8.6,USER00104,read
00475_AML_Escalation_Procedure_v8.6,USER00104,read
00447_Securities_Valuation_Manual_v1.9,USER00104,read
02260_Customer_Due_Diligence_Standard_v7.4,USER00104,read
02161_Credit_Policy_v5.8,USER00104,read
01905_SME_Underwriting_Procedure_v4.0,USER00104,read
00653_Compliance_Policy_v1.3,USER00104,read
02171_Transaction_Monitoring_Standard_v3.0,USER00104,read
01826_Liquidity_Risk_Policy_v9.1,USER00105,read
00127_Securities_Valuation_Manual_v2.4,USER00105,read
00745_Credit_Policy_v5.9,USER00105,read
01461_Conduct_Risk_Standard_v3.0,USER00105,read
02306_Liquidity_Risk_Policy_v9.9,USER00105,read
00370_Market_Risk_Framework_v8.7,USER00105,read
02066_Liquidity_Risk_Policy_v6.3,USER00105,read
01319_Portfolio_Risk_Procedure_v4.6,USER00105,read
00929_Lending_Standards_v2.9,USER00105,read
00713_Credit_Policy_v5.8,USER00105,read
01482_Market_Risk_Framework_v4.7,USER00106,read
00136_Reconciliation_Standard_v4.7,USER00106,read
00590_Funding_Guide_v9.0,USER00106,read
00276_Customer_Risk_Rating_Manual_v9.5,USER00106,read
00612_Beneficial_Ownership_Guide_v2.3,USER00106,read
00303_Trade_Operations_Guide_v3.6,USER00106,read
02253_Conduct_Risk_Standard_v6.3,USER00106,read
01368_Reconciliation_Standard_v4.3,USER00106,read
00167_Investment_Policy_v9.8,USER00106,read
00716_KYC_Policy_v8.1,USER00106,read
00874_Market_Risk_Framework_v4.6,USER00107,read
00780_Beneficial_Ownership_Guide_v4.1,USER00107,read
01710_Funding_Guide_v1.7,USER00107,read
02096_Incident_Management_Procedure_v7.1,USER00107,read
01928_Incident_Management_Procedure_v1.5,USER00107,read
02119_Portfolio_Risk_Procedure_v2.3,USER00107,read
02346_Market_Risk_Framework_v1.6,USER00107,read
02066_Liquidity_Risk_Policy_v6.3,USER00107,read
01208_Operations_Manual_v1.1,USER00107,read
00983_Investment_Policy_v1.4,USER00107,read
01458_Liquidity_Risk_Policy_v8.9,USER00108,read
02033_Credit_Policy_v4.1,USER00108,read
01711_Portfolio_Risk_Procedure_v1.1,USER00108,read
01075_Transaction_Monitoring_Standard_v2.4,USER00108,read
00038_Interest_Rate_Risk_Manual_v3.7,USER00108,read
01766_Funding_Guide_v2.9,USER00108,read
02364_Customer_Risk_Rating_Manual_v4.8,USER00108,read
00774_Funding_Guide_v2.4,USER00108,read
00574_Funding_Guide_v4.9,USER00108,read
00129_SME_Underwriting_Procedure_v6.1,USER00108,read
00193_Mortgage_Origination_Guide_v9.0,USER00109,read
02139_AML_Escalation_Procedure_v7.9,USER00109,read
02334_Funding_Guide_v7.0,USER00109,read
02107_Transaction_Monitoring_Standard_v1.9,USER00109,read
00608_Payment_Processing_Procedure_v8.6,USER00109,read
01254_Liquidity_Management_Procedure_v6.9,USER00109,read
00806_Funding_Guide_v6.4,USER00109,read
01277_Record_Retention_Standard_v1.9,USER00109,read
01985_Lending_Standards_v9.9,USER00109,read
01227_Transaction_Monitoring_Standard_v2.0,USER00109,read
00290_Market_Risk_Framework_v8.7,USER00110,read
01690_Operational_Risk_Standard_v7.6,USER00110,read
00203_AML_Policy_v2.5,USER00110,read
00284_Customer_Risk_Rating_Manual_v6.3,USER00110,read
00913_Lending_Standards_v7.1,USER00110,read
01103_Securities_Valuation_Manual_v3.3,USER00110,read
01505_SME_Underwriting_Procedure_v8.6,USER00110,read
02167_Securities_Valuation_Manual_v1.9,USER00110,read
01540_Beneficial_Ownership_Guide_v2.3,USER00110,read
00853_Record_Retention_Standard_v6.2,USER00110,read
02092_KYC_Policy_v8.9,USER00111,read
02205_Conduct_Risk_Standard_v9.0,USER00111,read
00052_Customer_Due_Diligence_Standard_v6.6,USER00111,read
01357_Record_Retention_Standard_v7.2,USER00111,read
00662_Interest_Rate_Risk_Manual_v4.9,USER00111,read
01107_Sanctions_Screening_Manual_v8.7,USER00111,read
02053_Conduct_Risk_Standard_v6.0,USER00111,read
02141_Conduct_Risk_Standard_v9.2,USER00111,read
01435_Transaction_Monitoring_Standard_v4.4,USER00111,read
00059_AML_Escalation_Procedure_v8.6,USER00111,read
00713_Credit_Policy_v5.8,USER00112,read
00767_Securities_Valuation_Manual_v2.1,USER00112,read
02105_SME_Underwriting_Procedure_v8.8,USER00112,read
00412_Customer_Risk_Rating_Manual_v8.6,USER00112,read
02320_Payment_Processing_Procedure_v9.7,USER00112,read
00345_Mortgage_Origination_Guide_v2.1,USER00112,read
00010_Liquidity_Risk_Policy_v9.3,USER00112,read
01102_Liquidity_Management_Procedure_v4.7,USER00112,read
01565_Record_Retention_Standard_v8.9,USER00112,read
01272_Payment_Processing_Procedure_v1.6,USER00112,read
00223_Investment_Policy_v3.7,USER00113,read
02158_Liquidity_Management_Procedure_v8.8,USER00113,read
01519_Portfolio_Risk_Procedure_v3.9,USER00113,read
00610_Market_Risk_Framework_v4.6,USER00113,read
02074_Operational_Risk_Standard_v7.6,USER00113,read
02282_Operational_Risk_Standard_v1.6,USER00113,read
02101_Record_Retention_Standard_v1.8,USER00113,read
01638_Funding_Guide_v9.6,USER00113,read
01594_Liquidity_Risk_Policy_v9.8,USER00113,read
00536_Reconciliation_Standard_v5.9,USER00113,read
01870_Funding_Guide_v8.2,USER00114,read
00159_Portfolio_Risk_Procedure_v7.1,USER00114,read
02377_Credit_Policy_v9.3,USER00114,read
00758_Treasury_Policy_v9.3,USER00114,read
02286_Funding_Guide_v7.1,USER00114,read
00620_Beneficial_Ownership_Guide_v6.6,USER00114,read
01116_Customer_Due_Diligence_Standard_v6.6,USER00114,read
00246_Liquidity_Management_Procedure_v9.4,USER00114,read
02206_Funding_Guide_v4.1,USER00114,read
00949_Conduct_Risk_Standard_v3.4,USER00114,read
01361_SME_Underwriting_Procedure_v8.2,USER00115,read
01264_Reconciliation_Standard_v6.0,USER00115,read
00177_SME_Underwriting_Procedure_v5.9,USER00115,read
00740_Customer_Risk_Rating_Manual_v7.3,USER00115,read
02372_Customer_Due_Diligence_Standard_v1.2,USER00115,read
01506_Operational_Risk_Standard_v7.4,USER00115,read
00129_SME_Underwriting_Procedure_v6.1,USER00115,read
00559_Trade_Operations_Guide_v7.9,USER00115,read
01928_Incident_Management_Procedure_v1.5,USER00115,read
00566_Funding_Guide_v7.9,USER00115,read
00224_Payment_Processing_Procedure_v6.5,USER00116,read
01457_SME_Underwriting_Procedure_v9.1,USER00116,read
00798_Interest_Rate_Risk_Manual_v1.1,USER00116,read
01335_Trade_Operations_Guide_v8.9,USER00116,read
00956_Beneficial_Ownership_Guide_v7.6,USER00116,read
01585_SME_Underwriting_Procedure_v6.5,USER00116,read
00400_Payment_Processing_Procedure_v6.5,USER00116,read
00354_Operational_Risk_Standard_v3.7,USER00116,read
01987_AML_Escalation_Procedure_v5.4,USER00116,read
02041_Credit_Policy_v1.9,USER00116,read
00373_Regulatory_Change_Procedure_v3.0,USER00117,read
00367_Trade_Operations_Guide_v1.4,USER00117,read
00089_Mortgage_Origination_Guide_v2.0,USER00117,read
02241_Credit_Policy_v6.5,USER00117,read
02395_Sanctions_Screening_Manual_v6.3,USER00117,read
00623_Investment_Policy_v1.3,USER00117,read
01140_Customer_Due_Diligence_Standard_v1.8,USER00117,read
00596_KYC_Policy_v1.8,USER00117,read
01132_Customer_Due_Diligence_Standard_v1.1,USER00117,read
01179_AML_Policy_v9.9,USER00117,read
00756_Customer_Risk_Rating_Manual_v3.0,USER00118,read
00315_AML_Policy_v7.7,USER00118,read
01603_Sanctions_Screening_Manual_v7.2,USER00118,read
00672_Payment_Processing_Procedure_v8.9,USER00118,read
00210_Operational_Risk_Standard_v4.9,USER00118,read
01672_Incident_Management_Procedure_v5.8,USER00118,read
01420_Customer_Due_Diligence_Standard_v5.1,USER00118,read
01018_Liquidity_Risk_Policy_v5.9,USER00118,read
02070_Liquidity_Management_Procedure_v1.8,USER00118,read
00439_Trade_Operations_Guide_v3.7,USER00118,read
01986_Operational_Risk_Standard_v6.0,USER00119,read
01605_Compliance_Policy_v1.8,USER00119,read
01486_Treasury_Policy_v1.5,USER00119,read
01965_Record_Retention_Standard_v6.6,USER00119,read
00937_SME_Underwriting_Procedure_v1.7,USER00119,read
00200_Operations_Manual_v6.4,USER00119,read
01400_Reconciliation_Standard_v8.8,USER00119,read
02390_Interest_Rate_Risk_Manual_v2.9,USER00119,read
01697_SME_Underwriting_Procedure_v1.3,USER00119,read
01170_Credit_Risk_Methodology_v8.6,USER00119,read
00658_Credit_Risk_Methodology_v3.4,USER00120,read
00531_Transaction_Monitoring_Standard_v6.6,USER00120,read
00425_Mortgage_Origination_Guide_v1.8,USER00120,read
00430_Funding_Guide_v8.0,USER00120,read
00218_Credit_Risk_Methodology_v6.8,USER00120,read
01530_Liquidity_Risk_Policy_v7.6,USER00120,read
00235_Transaction_Monitoring_Standard_v7.9,USER00120,read
01188_KYC_Policy_v1.9,USER00120,read
01790_Funding_Guide_v9.1,USER00120,read
01631_Trade_Operations_Guide_v2.5,USER00120,read
00148_Customer_Risk_Rating_Manual_v2.5,USER00121,read
02123_AML_Policy_v4.8,USER00121,read
01374_Liquidity_Management_Procedure_v5.1,USER00121,read
01659_Sanctions_Screening_Manual_v9.8,USER00121,read
01178_Credit_Risk_Methodology_v5.1,USER00121,read
01566_Interest_Rate_Risk_Manual_v7.7,USER00121,read
00983_Investment_Policy_v1.4,USER00121,read
02196_KYC_Policy_v1.9,USER00121,read
00559_Trade_Operations_Guide_v7.9,USER00121,read
00818_Operational_Risk_Standard_v7.7,USER00121,read
00577_SME_Underwriting_Procedure_v4.4,USER00122,read
00065_Mortgage_Origination_Guide_v7.5,USER00122,read
00287_Trade_Operations_Guide_v8.2,USER00122,read
01657_Lending_Standards_v7.3,USER00122,read
02303_Trade_Operations_Guide_v5.1,USER00122,read
01767_Securities_Valuation_Manual_v6.9,USER00122,read
00058_Credit_Risk_Methodology_v8.9,USER00122,read
01960_Payment_Processing_Procedure_v9.9,USER00122,read
02071_Securities_Valuation_Manual_v4.8,USER00122,read
01673_Lending_Standards_v9.9,USER00122,read
00890_Operational_Risk_Standard_v9.5,USER00123,read
01483_Sanctions_Screening_Manual_v2.5,USER00123,read
00208_Payment_Processing_Procedure_v9.5,USER00123,read
00597_Record_Retention_Standard_v8.4,USER00123,read
01522_Operational_Risk_Standard_v2.2,USER00123,read
00753_Mortgage_Origination_Guide_v2.7,USER00123,read
01471_Trade_Operations_Guide_v3.1,USER00123,read
00214_Funding_Guide_v1.5,USER00123,read
00548_KYC_Policy_v2.7,USER00123,read
00395_AML_Escalation_Procedure_v3.6,USER00123,read
00079_Trade_Operations_Guide_v8.6,USER00124,read
00989_Compliance_Policy_v8.9,USER00124,read
01319_Portfolio_Risk_Procedure_v4.6,USER00124,read
00676_Customer_Risk_Rating_Manual_v5.2,USER00124,read
00188_Beneficial_Ownership_Guide_v1.6,USER00124,read
00806_Funding_Guide_v6.4,USER00124,read
02174_Interest_Rate_Risk_Manual_v9.1,USER00124,read
01090_Credit_Risk_Methodology_v5.6,USER00124,read
00527_Trade_Operations_Guide_v5.5,USER00124,read
01688_Reconciliation_Standard_v1.7,USER00124,read
01780_Beneficial_Ownership_Guide_v9.7,USER00125,read
01736_Incident_Management_Procedure_v1.9,USER00125,read
01520_Incident_Management_Procedure_v7.0,USER00125,read
01605_Compliance_Policy_v1.8,USER00125,read
02163_AML_Escalation_Procedure_v1.0,USER00125,read
01787_Transaction_Monitoring_Standard_v1.8,USER00125,read
00633_SME_Underwriting_Procedure_v3.2,USER00125,read
01257_SME_Underwriting_Procedure_v8.6,USER00125,read
02335_Portfolio_Risk_Procedure_v4.5,USER00125,read
00800_Operations_Manual_v4.7,USER00125,read
00063_Securities_Valuation_Manual_v5.7,USER00126,read
00970_Liquidity_Risk_Policy_v1.8,USER00126,read
00386_Credit_Risk_Methodology_v5.9,USER00126,read
01338_Market_Risk_Framework_v8.4,USER00126,read
01712_Reconciliation_Standard_v6.0,USER00126,read
01992_Reconciliation_Standard_v2.0,USER00126,read
02020_Customer_Due_Diligence_Standard_v7.6,USER00126,read
02005_Record_Retention_Standard_v5.6,USER00126,read
02360_Reconciliation_Standard_v8.7,USER00126,read
00070_Treasury_Policy_v5.6,USER00126,read
01797_Compliance_Policy_v5.0,USER00127,read
02391_Securities_Valuation_Manual_v3.4,USER00127,read
01860_Beneficial_Ownership_Guide_v9.9,USER00127,read
00804_Beneficial_Ownership_Guide_v7.9,USER00127,read
01944_Reconciliation_Standard_v3.4,USER00127,read
00990_Interest_Rate_Risk_Manual_v7.5,USER00127,read
00046_Interest_Rate_Risk_Manual_v7.3,USER00127,read
00716_KYC_Policy_v8.1,USER00127,read
01482_Market_Risk_Framework_v4.7,USER00127,read
01912_Reconciliation_Standard_v2.3,USER00127,read
02204_Beneficial_Ownership_Guide_v1.5,USER00128,read
02199_Trade_Operations_Guide_v5.6,USER00128,read
00457_Mortgage_Origination_Guide_v7.6,USER00128,read
01412_Customer_Due_Diligence_Standard_v6.3,USER00128,read
02368_Operations_Manual_v2.8,USER00128,read
00644_Customer_Due_Diligence_Standard_v6.5,USER00128,read
00594_Credit_Risk_Methodology_v8.9,USER00128,read
02051_Transaction_Monitoring_Standard_v6.6,USER00128,read
00887_Portfolio_Risk_Procedure_v5.1,USER00128,read
01369_Credit_Policy_v4.0,USER00128,read
01159_Investment_Policy_v3.9,USER00129,read
00417_SME_Underwriting_Procedure_v5.4,USER00129,read
01992_Reconciliation_Standard_v2.0,USER00129,read
01606_Interest_Rate_Risk_Manual_v4.3,USER00129,read
00516_KYC_Policy_v2.9,USER00129,read
01407_Portfolio_Risk_Procedure_v6.6,USER00129,read
00439_Trade_Operations_Guide_v3.7,USER00129,read
00966_Funding_Guide_v2.5,USER00129,read
02231_Securities_Valuation_Manual_v2.9,USER00129,read
01226_Market_Risk_Framework_v8.9,USER00129,read
02016_Payment_Processing_Procedure_v9.7,USER00130,read
00429_Regulatory_Change_Procedure_v2.1,USER00130,read
00022_Funding_Guide_v9.7,USER00130,read
02018_Operational_Risk_Standard_v8.0,USER00130,read
01410_Credit_Risk_Methodology_v7.1,USER00130,read
00155_Transaction_Monitoring_Standard_v7.1,USER00130,read
01390_Liquidity_Management_Procedure_v1.3,USER00130,read
01220_Customer_Due_Diligence_Standard_v7.6,USER00130,read
00789_Record_Retention_Standard_v2.7,USER00130,read
01815_Trade_Operations_Guide_v2.6,USER00130,read
01464_Payment_Processing_Procedure_v1.2,USER00131,read
01967_Securities_Valuation_Manual_v3.2,USER00131,read
01610_Operational_Risk_Standard_v6.5,USER00131,read
02149_Regulatory_Change_Procedure_v2.6,USER00131,read
02052_Customer_Due_Diligence_Standard_v8.1,USER00131,read
01325_Record_Retention_Standard_v3.0,USER00131,read
00660_KYC_Policy_v6.6,USER00131,read
01449_SME_Underwriting_Procedure_v3.5,USER00131,read
02106_Credit_Risk_Methodology_v4.8,USER00131,read
01573_Compliance_Policy_v3.8,USER00131,read
01127_Securities_Valuation_Manual_v1.8,USER00132,read
02290_Market_Risk_Framework_v1.0,USER00132,read
01324_Customer_Risk_Rating_Manual_v5.3,USER00132,read
00966_Funding_Guide_v2.5,USER00132,read
01203_AML_Escalation_Procedure_v3.7,USER00132,read
01464_Payment_Processing_Procedure_v1.2,USER00132,read
01454_Interest_Rate_Risk_Manual_v6.6,USER00132,read
01196_KYC_Policy_v3.3,USER00132,read
01315_AML_Policy_v3.7,USER00132,read
02044_KYC_Policy_v2.4,USER00132,read
02376_Operations_Manual_v6.9,USER00133,read
02275_Sanctions_Screening_Manual_v2.7,USER00133,read
01783_Securities_Valuation_Manual_v8.1,USER00133,read
01107_Sanctions_Screening_Manual_v8.7,USER00133,read
00028_Beneficial_Ownership_Guide_v8.3,USER00133,read
00522_Liquidity_Risk_Policy_v4.1,USER00133,read
01310_Treasury_Policy_v6.8,USER00133,read
01924_Customer_Risk_Rating_Manual_v7.3,USER00133,read
01205_Regulatory_Change_Procedure_v2.2,USER00133,read
01880_Payment_Processing_Procedure_v5.2,USER00133,read
02234_Market_Risk_Framework_v3.5,USER00134,read
00733_Compliance_Policy_v8.7,USER00134,read
00428_Beneficial_Ownership_Guide_v9.7,USER00134,read
00450_Credit_Risk_Methodology_v5.1,USER00134,read
01788_Customer_Due_Diligence_Standard_v4.2,USER00134,read
01682_Operational_Risk_Standard_v3.8,USER00134,read
01540_Beneficial_Ownership_Guide_v2.3,USER00134,read
00166_Treasury_Policy_v7.4,USER00134,read
01299_AML_Escalation_Procedure_v3.9,USER00134,read
01720_Payment_Processing_Procedure_v9.3,USER00134,read
01453_Record_Retention_Standard_v1.0,USER00135,read
01442_Credit_Risk_Methodology_v8.7,USER00135,read
00670_Interest_Rate_Risk_Manual_v1.8,USER00135,read
00357_Regulatory_Change_Procedure_v3.6,USER00135,read
00973_Compliance_Policy_v7.7,USER00135,read
00685_Compliance_Policy_v2.9,USER00135,read
01246_Funding_Guide_v5.7,USER00135,read
00635_Sanctions_Screening_Manual_v8.2,USER00135,read
00365_Compliance_Policy_v9.3,USER00135,read
00287_Trade_Operations_Guide_v8.2,USER00135,read
02050_Market_Risk_Framework_v2.2,USER00136,read
00828_Beneficial_Ownership_Guide_v5.8,USER00136,read
00874_Market_Risk_Framework_v4.6,USER00136,read
01052_Customer_Due_Diligence_Standard_v5.8,USER00136,read
00278_Funding_Guide_v9.8,USER00136,read
01649_Mortgage_Origination_Guide_v9.9,USER00136,read
02120_Incident_Management_Procedure_v9.4,USER00136,read
01346_Credit_Risk_Methodology_v5.3,USER00136,read
00443_Sanctions_Screening_Manual_v5.6,USER00136,read
01340_Customer_Due_Diligence_Standard_v4.6,USER00136,read
01477_Record_Retention_Standard_v7.7,USER00137,read
01473_Mortgage_Origination_Guide_v5.8,USER00137,read
02313_Mortgage_Origination_Guide_v4.1,USER00137,read
01354_Operational_Risk_Standard_v2.6,USER00137,read
02400_Incident_Management_Procedure_v3.1,USER00137,read
00195_AML_Policy_v7.7,USER00137,read
01269_Record_Retention_Standard_v4.3,USER00137,read
02002_Market_Risk_Framework_v3.6,USER00137,read
02003_Sanctions_Screening_Manual_v8.2,USER00137,read
00702_Interest_Rate_Risk_Manual_v4.5,USER00137,read
02208_Payment_Processing_Procedure_v8.4,USER00138,read
00245_Compliance_Policy_v5.1,USER00138,read
01112_Incident_Management_Procedure_v4.9,USER00138,read
00831_Portfolio_Risk_Procedure_v8.6,USER00138,read
00057_SME_Underwriting_Procedure_v2.3,USER00138,read
02035_AML_Policy_v5.3,USER00138,read
00145_Mortgage_Origination_Guide_v8.1,USER00138,read
02233_Lending_Standards_v1.4,USER00138,read
00074_Liquidity_Risk_Policy_v6.2,USER00138,read
01144_Reconciliation_Standard_v9.8,USER00138,read
01578_Liquidity_Risk_Policy_v5.8,USER00139,read
00508_Customer_Risk_Rating_Manual_v9.0,USER00139,read
01995_AML_Policy_v8.3,USER00139,read
02368_Operations_Manual_v2.8,USER00139,read
00147_Transaction_Monitoring_Standard_v7.7,USER00139,read
00738_Credit_Risk_Methodology_v8.5,USER00139,read
01538_Liquidity_Risk_Policy_v8.2,USER00139,read
01006_Liquidity_Management_Procedure_v6.1,USER00139,read
02241_Credit_Policy_v6.5,USER00139,read
01656_Payment_Processing_Procedure_v6.4,USER00139,read
00464_Operations_Manual_v1.1,USER00140,read
00480_Operations_Manual_v1.2,USER00140,read
00757_Record_Retention_Standard_v1.8,USER00140,read
02105_SME_Underwriting_Procedure_v8.8,USER00140,read
02189_Compliance_Policy_v9.0,USER00140,read
00746_Credit_Risk_Methodology_v9.5,USER00140,read
01498_Operational_Risk_Standard_v3.0,USER00140,read
02316_KYC_Policy_v2.5,USER00140,read
02170_Credit_Risk_Methodology_v1.1,USER00140,read
00449_Lending_Standards_v6.3,USER00140,read
02189_Compliance_Policy_v9.0,USER00141,read
01828_Customer_Risk_Rating_Manual_v4.9,USER00141,read
01966_Liquidity_Management_Procedure_v2.5,USER00141,read
02300_Customer_Due_Diligence_Standard_v3.0,USER00141,read
00954_Market_Risk_Framework_v9.1,USER00141,read
02215_Portfolio_Risk_Procedure_v9.0,USER00141,read
00232_Reconciliation_Standard_v2.2,USER00141,read
00550_Funding_Guide_v6.9,USER00141,read
01182_Liquidity_Management_Procedure_v6.6,USER00141,read
01280_Operations_Manual_v2.7,USER00141,read
01753_Lending_Standards_v9.0,USER00142,read
00192_Reconciliation_Standard_v2.0,USER00142,read
00816_Operations_Manual_v6.6,USER00142,read
00397_Conduct_Risk_Standard_v7.4,USER00142,read
00656_Incident_Management_Procedure_v3.1,USER00142,read
00049_Mortgage_Origination_Guide_v9.5,USER00142,read
01650_Market_Risk_Framework_v2.1,USER00142,read
01540_Beneficial_Ownership_Guide_v2.3,USER00142,read
00216_Operations_Manual_v8.7,USER00142,read
01939_Transaction_Monitoring_Standard_v1.3,USER00142,read
00401_Mortgage_Origination_Guide_v9.4,USER00143,read
02016_Payment_Processing_Procedure_v9.7,USER00143,read
01015_Investment_Policy_v1.9,USER00143,read
01451_Transaction_Monitoring_Standard_v5.4,USER00143,read
02393_Credit_Policy_v2.5,USER00143,read
01386_Liquidity_Risk_Policy_v9.3,USER00143,read
00777_Lending_Standards_v3.0,USER00143,read
00346_Operational_Risk_Standard_v6.9,USER00143,read
01615_Securities_Valuation_Manual_v8.0,USER00143,read
01394_Liquidity_Risk_Policy_v5.9,USER00143,read
01139_AML_Escalation_Procedure_v2.8,USER00144,read
01660_Customer_Risk_Rating_Manual_v5.2,USER00144,read
00187_AML_Escalation_Procedure_v9.2,USER00144,read
00444_Beneficial_Ownership_Guide_v9.9,USER00144,read
01173_Record_Retention_Standard_v6.0,USER00144,read
00963_Transaction_Monitoring_Standard_v6.4,USER00144,read
02393_Credit_Policy_v2.5,USER00144,read
02202_Market_Risk_Framework_v2.0,USER00144,read
01447_Trade_Operations_Guide_v2.5,USER00144,read
00412_Customer_Risk_Rating_Manual_v8.6,USER00144,read
01268_Customer_Risk_Rating_Manual_v2.7,USER00145,read
01762_Operational_Risk_Standard_v7.2,USER00145,read
01870_Funding_Guide_v8.2,USER00145,read
00250_Market_Risk_Framework_v4.8,USER00145,read
01930_Liquidity_Risk_Policy_v8.2,USER00145,read
01055_Trade_Operations_Guide_v3.9,USER00145,read
01506_Operational_Risk_Standard_v7.4,USER00145,read
00732_KYC_Policy_v9.9,USER00145,read
01860_Beneficial_Ownership_Guide_v9.9,USER00145,read
01915_Transaction_Monitoring_Standard_v7.6,USER00145,read
00980_Customer_Risk_Rating_Manual_v3.6,USER00146,read
01297_SME_Underwriting_Procedure_v2.9,USER00146,read
00044_KYC_Policy_v6.3,USER00146,read
01170_Credit_Risk_Methodology_v8.6,USER00146,read
01148_Beneficial_Ownership_Guide_v4.5,USER00146,read
02368_Operations_Manual_v2.8,USER00146,read
00038_Interest_Rate_Risk_Manual_v3.7,USER00146,read
00608_Payment_Processing_Procedure_v8.6,USER00146,read
01346_Credit_Risk_Methodology_v5.3,USER00146,read
01754_Operational_Risk_Standard_v6.0,USER00146,read
01611_AML_Escalation_Procedure_v5.8,USER00147,read
00008_Operations_Manual_v7.4,USER00147,read
01689_Mortgage_Origination_Guide_v9.3,USER00147,read
02325_Record_Retention_Standard_v5.8,USER00147,read
00954_Market_Risk_Framework_v9.1,USER00147,read
01738_Liquidity_Risk_Policy_v5.7,USER00147,read
01914_Liquidity_Risk_Policy_v6.1,USER00147,read
00109_Regulatory_Change_Procedure_v7.3,USER00147,read
01341_Regulatory_Change_Procedure_v7.6,USER00147,read
00170_Liquidity_Risk_Policy_v6.2,USER00147,read
00915_AML_Escalation_Procedure_v8.4,USER00148,read
00459_Transaction_Monitoring_Standard_v4.5,USER00148,read
00588_Beneficial_Ownership_Guide_v9.7,USER00148,read
01695_Securities_Valuation_Manual_v2.7,USER00148,read
00937_SME_Underwriting_Procedure_v1.7,USER00148,read
00376_Incident_Management_Procedure_v1.5,USER00148,read
01487_Securities_Valuation_Manual_v2.6,USER00148,read
00253_Conduct_Risk_Standard_v4.1,USER00148,read
00531_Transaction_Monitoring_Standard_v6.6,USER00148,read
00611_AML_Policy_v7.3,USER00148,read
00264_Incident_Management_Procedure_v1.8,USER00149,read
01613_Conduct_Risk_Standard_v4.1,USER00149,read
00243_Transaction_Monitoring_Standard_v5.4,USER00149,read
00347_Sanctions_Screening_Manual_v2.8,USER00149,read
01591_Investment_Policy_v2.0,USER00149,read
00403_Transaction_Monitoring_Standard_v6.2,USER00149,read
01458_Liquidity_Risk_Policy_v8.9,USER00149,read
00078_Funding_Guide_v3.6,USER00149,read
02322_Credit_Risk_Methodology_v8.3,USER00149,read
00387_Transaction_Monitoring_Standard_v6.6,USER00149,read
00920_Reconciliation_Standard_v2.5,USER00150,read
01440_Operations_Manual_v4.1,USER00150,read
00395_AML_Escalation_Procedure_v3.6,USER00150,read
01949_Conduct_Risk_Standard_v1.9,USER00150,read
01523_AML_Escalation_Procedure_v7.0,USER00150,read
02393_Credit_Policy_v2.5,USER00150,read
01400_Reconciliation_Standard_v8.8,USER00150,read
00310_Interest_Rate_Risk_Manual_v1.6,USER00150,read
00152_Payment_Processing_Procedure_v3.7,USER00150,read
01939_Transaction_Monitoring_Standard_v1.3,USER00150,read
01949_Conduct_Risk_Standard_v1.9,USER00151,read
00441_Lending_Standards_v4.3,USER00151,read
02359_Securities_Valuation_Manual_v1.2,USER00151,read
01301_Compliance_Policy_v6.0,USER00151,read
01518_Treasury_Policy_v8.1,USER00151,read
01843_Transaction_Monitoring_Standard_v4.7,USER00151,read
00838_Treasury_Policy_v2.9,USER00151,read
00031_Trade_Operations_Guide_v9.7,USER00151,read
01237_Compliance_Policy_v6.1,USER00151,read
01519_Portfolio_Risk_Procedure_v3.9,USER00151,read
00812_Customer_Due_Diligence_Standard_v8.5,USER00152,read
00193_Mortgage_Origination_Guide_v9.0,USER00152,read
01767_Securities_Valuation_Manual_v6.9,USER00152,read
01418_Operational_Risk_Standard_v2.2,USER00152,read
02288_Reconciliation_Standard_v4.1,USER00152,read
02028_KYC_Policy_v4.6,USER00152,read
00085_Conduct_Risk_Standard_v6.7,USER00152,read
00714_Credit_Risk_Methodology_v8.6,USER00152,read
01292_KYC_Policy_v8.2,USER00152,read
01617_Lending_Standards_v3.5,USER00152,read
01797_Compliance_Policy_v5.0,USER00153,read
00466_Market_Risk_Framework_v5.6,USER00153,read
00276_Customer_Risk_Rating_Manual_v9.5,USER00153,read
00424_Incident_Management_Procedure_v9.6,USER00153,read
02298_Market_Risk_Framework_v8.8,USER00153,read
01378_Market_Risk_Framework_v9.7,USER00153,read
02385_SME_Underwriting_Procedure_v4.3,USER00153,read
00487_Portfolio_Risk_Procedure_v9.8,USER00153,read
00955_AML_Policy_v7.0,USER00153,read
01545_SME_Underwriting_Procedure_v6.1,USER00153,read
00303_Trade_Operations_Guide_v3.6,USER00154,read
02195_Sanctions_Screening_Manual_v8.4,USER00154,read
02051_Transaction_Monitoring_Standard_v6.6,USER00154,read
01733_Regulatory_Change_Procedure_v8.0,USER00154,read
02243_AML_Policy_v6.1,USER00154,read
01615_Securities_Valuation_Manual_v8.0,USER00154,read
00626_Operational_Risk_Standard_v4.3,USER00154,read
00176_Reconciliation_Standard_v1.5,USER00154,read
01837_Record_Retention_Standard_v2.1,USER00154,read
00090_Market_Risk_Framework_v5.7,USER00154,read
01548_KYC_Policy_v4.2,USER00155,read
00008_Operations_Manual_v7.4,USER00155,read
01279_Securities_Valuation_Manual_v7.4,USER00155,read
00767_Securities_Valuation_Manual_v2.1,USER00155,read
00555_AML_Escalation_Procedure_v5.4,USER00155,read
02335_Portfolio_Risk_Procedure_v4.5,USER00155,read
00955_AML_Policy_v7.0,USER00155,read
00684_Beneficial_Ownership_Guide_v6.8,USER00155,read
01726_Funding_Guide_v6.9,USER00155,read
01126_Liquidity_Management_Procedure_v4.0,USER00155,read
00525_Regulatory_Change_Procedure_v6.7,USER00156,read
00755_AML_Policy_v1.1,USER00156,read
00558_Treasury_Policy_v2.4,USER00156,read
00105_Mortgage_Origination_Guide_v8.0,USER00156,read
02112_Reconciliation_Standard_v8.9,USER00156,read
01001_Lending_Standards_v9.3,USER00156,read
01137_Credit_Policy_v3.6,USER00156,read
00767_Securities_Valuation_Manual_v2.1,USER00156,read
00803_AML_Policy_v5.3,USER00156,read
01635_Sanctions_Screening_Manual_v9.9,USER00156,read
00322_Operational_Risk_Standard_v4.8,USER00157,read
00497_Credit_Policy_v1.3,USER00157,read
01278_Liquidity_Management_Procedure_v8.5,USER00157,read
00717_Conduct_Risk_Standard_v7.1,USER00157,read
01593_SME_Underwriting_Procedure_v4.8,USER00157,read
00120_Incident_Management_Procedure_v4.7,USER00157,read
00271_Investment_Policy_v1.6,USER00157,read
01336_Payment_Processing_Procedure_v8.2,USER00157,read
00041_Mortgage_Origination_Guide_v5.0,USER00157,read
02301_Regulatory_Change_Procedure_v7.0,USER00157,read
01924_Customer_Risk_Rating_Manual_v7.3,USER00158,read
01513_SME_Underwriting_Procedure_v5.6,USER00158,read
00651_Sanctions_Screening_Manual_v2.0,USER00158,read
00701_Compliance_Policy_v6.7,USER00158,read
01029_Record_Retention_Standard_v4.5,USER00158,read
01267_Sanctions_Screening_Manual_v7.4,USER00158,read
00106_Operational_Risk_Standard_v2.0,USER00158,read
01255_Trade_Operations_Guide_v8.3,USER00158,read
02060_Customer_Risk_Rating_Manual_v7.4,USER00158,read
01910_Interest_Rate_Risk_Manual_v2.2,USER00158,read
01894_Liquidity_Management_Procedure_v8.4,USER00159,read
01308_Customer_Due_Diligence_Standard_v7.7,USER00159,read
00308_Customer_Risk_Rating_Manual_v3.1,USER00159,read
02031_Portfolio_Risk_Procedure_v6.8,USER00159,read
00447_Securities_Valuation_Manual_v1.9,USER00159,read
00388_Customer_Risk_Rating_Manual_v8.8,USER00159,read
00811_AML_Policy_v9.8,USER00159,read
00421_Record_Retention_Standard_v3.5,USER00159,read
00323_AML_Escalation_Procedure_v6.1,USER00159,read
01806_Funding_Guide_v8.6,USER00159,read
00515_AML_Escalation_Procedure_v7.6,USER00160,read
01006_Liquidity_Management_Procedure_v6.1,USER00160,read
01875_Transaction_Monitoring_Standard_v2.7,USER00160,read
01457_SME_Underwriting_Procedure_v9.1,USER00160,read
01456_Reconciliation_Standard_v8.4,USER00160,read
00009_SME_Underwriting_Procedure_v2.9,USER00160,read
01812_Customer_Risk_Rating_Manual_v9.6,USER00160,read
01467_Transaction_Monitoring_Standard_v3.4,USER00160,read
02394_Liquidity_Risk_Policy_v8.6,USER00160,read
01989_Conduct_Risk_Standard_v8.3,USER00160,read
02266_Credit_Risk_Methodology_v2.1,USER00161,read
01611_AML_Escalation_Procedure_v5.8,USER00161,read
00289_Lending_Standards_v4.1,USER00161,read
01602_Operational_Risk_Standard_v1.6,USER00161,read
01926_Liquidity_Management_Procedure_v3.1,USER00161,read
02303_Trade_Operations_Guide_v5.1,USER00161,read
00541_Regulatory_Change_Procedure_v3.6,USER00161,read
01873_Mortgage_Origination_Guide_v3.6,USER00161,read
01791_Trade_Operations_Guide_v1.5,USER00161,read
02068_Customer_Due_Diligence_Standard_v7.9,USER00161,read
00824_Payment_Processing_Procedure_v1.1,USER00162,read
01305_Mortgage_Origination_Guide_v4.2,USER00162,read
02162_Operational_Risk_Standard_v6.3,USER00162,read
01853_Regulatory_Change_Procedure_v6.5,USER00162,read
02045_Regulatory_Change_Procedure_v4.6,USER00162,read
00600_Reconciliation_Standard_v5.8,USER00162,read
01256_Reconciliation_Standard_v5.2,USER00162,read
00230_Liquidity_Management_Procedure_v5.5,USER00162,read
02202_Market_Risk_Framework_v2.0,USER00162,read
00576_Operations_Manual_v4.6,USER00162,read
01049_Mortgage_Origination_Guide_v7.3,USER00163,read
00777_Lending_Standards_v3.0,USER00163,read
01324_Customer_Risk_Rating_Manual_v5.3,USER00163,read
00896_Payment_Processing_Procedure_v1.6,USER00163,read
01730_Market_Risk_Framework_v9.9,USER00163,read
02182_Liquidity_Management_Procedure_v9.7,USER00163,read
01383_Investment_Policy_v4.6,USER00163,read
00635_Sanctions_Screening_Manual_v8.2,USER00163,read
00581_Conduct_Risk_Standard_v8.4,USER00163,read
01861_Record_Retention_Standard_v2.7,USER00163,read
01674_Market_Risk_Framework_v2.9,USER00164,read
00338_Liquidity_Risk_Policy_v9.0,USER00164,read
01865_SME_Underwriting_Procedure_v9.5,USER00164,read
01634_Operational_Risk_Standard_v9.3,USER00164,read
02375_Investment_Policy_v7.5,USER00164,read
01721_SME_Underwriting_Procedure_v8.8,USER00164,read
01203_AML_Escalation_Procedure_v3.7,USER00164,read
00006_Funding_Guide_v9.1,USER00164,read
02295_Trade_Operations_Guide_v1.8,USER00164,read
00475_AML_Escalation_Procedure_v8.6,USER00164,read
00775_Investment_Policy_v9.1,USER00165,read
01260_Customer_Due_Diligence_Standard_v6.5,USER00165,read
02228_Customer_Due_Diligence_Standard_v7.4,USER00165,read
01635_Sanctions_Screening_Manual_v9.9,USER00165,read
00209_Lending_Standards_v8.8,USER00165,read
01112_Incident_Management_Procedure_v4.9,USER00165,read
01844_KYC_Policy_v3.2,USER00165,read
01045_Compliance_Policy_v6.3,USER00165,read
00102_Interest_Rate_Risk_Manual_v6.1,USER00165,read
00962_Market_Risk_Framework_v1.1,USER00165,read
00229_Compliance_Policy_v5.7,USER00166,read
00905_Lending_Standards_v9.7,USER00166,read
00348_Beneficial_Ownership_Guide_v6.4,USER00166,read
00013_Conduct_Risk_Standard_v7.9,USER00166,read
00326_Liquidity_Management_Procedure_v8.9,USER00166,read
00974_Liquidity_Management_Procedure_v3.8,USER00166,read
01143_Portfolio_Risk_Procedure_v9.7,USER00166,read
00088_Payment_Processing_Procedure_v5.0,USER00166,read
02325_Record_Retention_Standard_v5.8,USER00166,read
00546_Credit_Risk_Methodology_v7.6,USER00166,read
01152_Reconciliation_Standard_v8.1,USER00167,read
00910_Funding_Guide_v2.7,USER00167,read
02310_Funding_Guide_v4.5,USER00167,read
00404_Customer_Due_Diligence_Standard_v2.8,USER00167,read
00238_Funding_Guide_v3.8,USER00167,read
02084_Customer_Due_Diligence_Standard_v6.6,USER00167,read
00359_Investment_Policy_v4.8,USER00167,read
02015_Investment_Policy_v9.4,USER00167,read
00383_Portfolio_Risk_Procedure_v6.7,USER00167,read
01975_Securities_Valuation_Manual_v2.5,USER00167,read
01567_Trade_Operations_Guide_v1.1,USER00168,read
00586_Liquidity_Risk_Policy_v7.9,USER00168,read
01242_Liquidity_Risk_Policy_v6.9,USER00168,read
00356_Customer_Due_Diligence_Standard_v2.8,USER00168,read
01716_Beneficial_Ownership_Guide_v4.2,USER00168,read
01547_Sanctions_Screening_Manual_v8.2,USER00168,read
02245_Regulatory_Change_Procedure_v2.8,USER00168,read
00194_Liquidity_Risk_Policy_v4.9,USER00168,read
01145_Lending_Standards_v5.3,USER00168,read
01333_Record_Retention_Standard_v9.2,USER00168,read
00747_AML_Policy_v1.6,USER00169,read
02009_Credit_Policy_v5.4,USER00169,read
00685_Compliance_Policy_v2.9,USER00169,read
00592_Payment_Processing_Procedure_v3.8,USER00169,read
00652_KYC_Policy_v6.7,USER00169,read
00962_Market_Risk_Framework_v1.1,USER00169,read
00921_Mortgage_Origination_Guide_v2.6,USER00169,read
00759_Portfolio_Risk_Procedure_v6.4,USER00169,read
01664_Incident_Management_Procedure_v7.8,USER00169,read
01043_Sanctions_Screening_Manual_v7.6,USER00169,read
01695_Securities_Valuation_Manual_v2.7,USER00170,read
02342_Treasury_Policy_v1.4,USER00170,read
00386_Credit_Risk_Methodology_v5.9,USER00170,read
00777_Lending_Standards_v3.0,USER00170,read
01585_SME_Underwriting_Procedure_v6.5,USER00170,read
00112_Payment_Processing_Procedure_v7.3,USER00170,read
01606_Interest_Rate_Risk_Manual_v4.3,USER00170,read
00267_AML_Escalation_Procedure_v6.6,USER00170,read
01666_Credit_Risk_Methodology_v6.8,USER00170,read
01168_Incident_Management_Procedure_v6.0,USER00170,read
02273_Mortgage_Origination_Guide_v9.4,USER00171,read
00194_Liquidity_Risk_Policy_v4.9,USER00171,read
01962_Market_Risk_Framework_v5.4,USER00171,read
01481_Mortgage_Origination_Guide_v6.6,USER00171,read
00932_KYC_Policy_v4.1,USER00171,read
01060_KYC_Policy_v7.0,USER00171,read
01273_SME_Underwriting_Procedure_v6.2,USER00171,read
01949_Conduct_Risk_Standard_v1.9,USER00171,read
00664_Incident_Management_Procedure_v3.2,USER00171,read
01220_Customer_Due_Diligence_Standard_v7.6,USER00171,read
00931_AML_Escalation_Procedure_v5.9,USER00172,read
02199_Trade_Operations_Guide_v5.6,USER00172,read
01907_Sanctions_Screening_Manual_v6.7,USER00172,read
02017_SME_Underwriting_Procedure_v9.9,USER00172,read
00482_Operational_Risk_Standard_v4.1,USER00172,read
01638_Funding_Guide_v9.6,USER00172,read
01379_Transaction_Monitoring_Standard_v6.6,USER00172,read
01632_Payment_Processing_Procedure_v2.3,USER00172,read
01117_Compliance_Policy_v3.8,USER00172,read
01921_SME_Underwriting_Procedure_v5.9,USER00172,read
01775_Securities_Valuation_Manual_v9.8,USER00173,read
01772_Customer_Due_Diligence_Standard_v5.2,USER00173,read
00725_Regulatory_Change_Procedure_v3.0,USER00173,read
01812_Customer_Risk_Rating_Manual_v9.6,USER00173,read
02121_Mortgage_Origination_Guide_v5.4,USER00173,read
00855_Portfolio_Risk_Procedure_v9.8,USER00173,read
00987_AML_Policy_v4.8,USER00173,read
00426_Credit_Risk_Methodology_v3.0,USER00173,read
00363_AML_Policy_v5.3,USER00173,read
00034_Market_Risk_Framework_v4.9,USER00173,read
00887_Portfolio_Risk_Procedure_v5.1,USER00174,read
01247_Portfolio_Risk_Procedure_v7.6,USER00174,read
00062_Liquidity_Management_Procedure_v8.7,USER00174,read
01287_Investment_Policy_v3.4,USER00174,read
01215_Securities_Valuation_Manual_v7.2,USER00174,read
00669_Regulatory_Change_Procedure_v5.7,USER00174,read
01158_Treasury_Policy_v5.6,USER00174,read
01543_Investment_Policy_v2.6,USER00174,read
01986_Operational_Risk_Standard_v6.0,USER00174,read
01694_Treasury_Policy_v7.8,USER00174,read
01346_Credit_Risk_Methodology_v5.3,USER00175,read
02069_Compliance_Policy_v9.6,USER00175,read
01534_Interest_Rate_Risk_Manual_v1.6,USER00175,read
00608_Payment_Processing_Procedure_v8.6,USER00175,read
01074_Liquidity_Risk_Policy_v3.0,USER00175,read
00824_Payment_Processing_Procedure_v1.1,USER00175,read
01407_Portfolio_Risk_Procedure_v6.6,USER00175,read
00455_Securities_Valuation_Manual_v2.7,USER00175,read
01058_Market_Risk_Framework_v5.7,USER00175,read
00476_Customer_Due_Diligence_Standard_v2.6,USER00175,read
02004_Customer_Risk_Rating_Manual_v5.5,USER00176,read
00321_Credit_Policy_v5.6,USER00176,read
01123_AML_Escalation_Procedure_v6.2,USER00176,read
00762_Credit_Risk_Methodology_v3.0,USER00176,read
01877_Conduct_Risk_Standard_v6.4,USER00176,read
01061_Compliance_Policy_v4.7,USER00176,read
01722_Operational_Risk_Standard_v2.8,USER00176,read
02076_KYC_Policy_v7.8,USER00176,read
00020_KYC_Policy_v9.2,USER00176,read
01169_Lending_Standards_v7.1,USER00176,read
00890_Operational_Risk_Standard_v9.5,USER00177,read
00582_Liquidity_Management_Procedure_v1.3,USER00177,read
01656_Payment_Processing_Procedure_v6.4,USER00177,read
01921_SME_Underwriting_Procedure_v5.9,USER00177,read
01854_Interest_Rate_Risk_Manual_v9.6,USER00177,read
01619_AML_Escalation_Procedure_v1.2,USER00177,read
01626_Liquidity_Risk_Policy_v3.5,USER00177,read
02284_Customer_Due_Diligence_Standard_v4.2,USER00177,read
00498_Market_Risk_Framework_v5.3,USER00177,read
01883_Transaction_Monitoring_Standard_v2.1,USER00177,read
00196_Beneficial_Ownership_Guide_v2.5,USER00178,read
00153_Credit_Policy_v5.9,USER00178,read
00006_Funding_Guide_v9.1,USER00178,read
00062_Liquidity_Management_Procedure_v8.7,USER00178,read
00014_Treasury_Policy_v1.1,USER00178,read
02321_Lending_Standards_v5.4,USER00178,read
01866_Credit_Risk_Methodology_v3.6,USER00178,read
00919_Securities_Valuation_Manual_v2.4,USER00178,read
00342_Interest_Rate_Risk_Manual_v5.4,USER00178,read
00687_Trade_Operations_Guide_v8.2,USER00178,read
00683_AML_Escalation_Procedure_v9.1,USER00179,read
00287_Trade_Operations_Guide_v8.2,USER00179,read
02281_Lending_Standards_v8.2,USER00179,read
00871_Portfolio_Risk_Procedure_v9.7,USER00179,read
01676_KYC_Policy_v6.1,USER00179,read
01580_Customer_Risk_Rating_Manual_v3.2,USER00179,read
01333_Record_Retention_Standard_v9.2,USER00179,read
00525_Regulatory_Change_Procedure_v6.7,USER00179,read
00565_Compliance_Policy_v9.4,USER00179,read
02074_Operational_Risk_Standard_v7.6,USER00179,read
01154_Operational_Risk_Standard_v8.9,USER00180,read
01255_Trade_Operations_Guide_v8.3,USER00180,read
00819_AML_Policy_v3.3,USER00180,read
02135_Investment_Policy_v1.2,USER00180,read
01041_SME_Underwriting_Procedure_v1.8,USER00180,read
00045_Record_Retention_Standard_v3.3,USER00180,read
00876_Beneficial_Ownership_Guide_v8.7,USER00180,read
02324_Customer_Risk_Rating_Manual_v4.2,USER00180,read
01296_Payment_Processing_Procedure_v9.1,USER00180,read
01830_Funding_Guide_v9.0,USER00180,read
00770_Liquidity_Risk_Policy_v9.2,USER00181,read
01715_AML_Escalation_Procedure_v5.5,USER00181,read
01159_Investment_Policy_v3.9,USER00181,read
01388_KYC_Policy_v1.5,USER00181,read
00625_Credit_Policy_v5.1,USER00181,read
00340_KYC_Policy_v4.3,USER00181,read
01819_AML_Policy_v8.2,USER00181,read
01711_Portfolio_Risk_Procedure_v1.1,USER00181,read
00888_Incident_Management_Procedure_v6.6,USER00181,read
01325_Record_Retention_Standard_v3.0,USER00181,read
01171_Sanctions_Screening_Manual_v2.7,USER00182,read
02161_Credit_Policy_v5.8,USER00182,read
00627_AML_Escalation_Procedure_v2.9,USER00182,read
01328_Operations_Manual_v2.4,USER00182,read
01336_Payment_Processing_Procedure_v8.2,USER00182,read
01854_Interest_Rate_Risk_Manual_v9.6,USER00182,read
01560_Reconciliation_Standard_v6.4,USER00182,read
00741_Conduct_Risk_Standard_v1.4,USER00182,read
01966_Liquidity_Management_Procedure_v2.5,USER00182,read
00921_Mortgage_Origination_Guide_v2.6,USER00182,read
01021_Regulatory_Change_Procedure_v8.7,USER00183,read
02374_Liquidity_Management_Procedure_v2.3,USER00183,read
01606_Interest_Rate_Risk_Manual_v4.3,USER00183,read
01300_Beneficial_Ownership_Guide_v1.9,USER00183,read
01218_Liquidity_Risk_Policy_v3.1,USER00183,read
01096_Operations_Manual_v3.4,USER00183,read
02214_Funding_Guide_v3.1,USER00183,read
00752_Operations_Manual_v7.6,USER00183,read
00165_Record_Retention_Standard_v6.1,USER00183,read
01928_Incident_Management_Procedure_v1.5,USER00183,read
01806_Funding_Guide_v8.6,USER00184,read
00809_Credit_Policy_v6.5,USER00184,read
00793_Mortgage_Origination_Guide_v6.8,USER00184,read
02199_Trade_Operations_Guide_v5.6,USER00184,read
02172_Beneficial_Ownership_Guide_v9.7,USER00184,read
02372_Customer_Due_Diligence_Standard_v1.2,USER00184,read
01492_Beneficial_Ownership_Guide_v2.5,USER00184,read
01267_Sanctions_Screening_Manual_v7.4,USER00184,read
02322_Credit_Risk_Methodology_v8.3,USER00184,read
01807_Portfolio_Risk_Procedure_v5.7,USER00184,read
01994_Credit_Risk_Methodology_v1.7,USER00185,read
01152_Reconciliation_Standard_v8.1,USER00185,read
00332_Customer_Due_Diligence_Standard_v8.8,USER00185,read
00171_Sanctions_Screening_Manual_v1.5,USER00185,read
01943_Investment_Policy_v6.3,USER00185,read
01269_Record_Retention_Standard_v4.3,USER00185,read
00274_Liquidity_Risk_Policy_v4.4,USER00185,read
01325_Record_Retention_Standard_v3.0,USER00185,read
00471_Portfolio_Risk_Procedure_v4.7,USER00185,read
02297_Mortgage_Origination_Guide_v1.8,USER00185,read
00540_KYC_Policy_v4.6,USER00186,read
01618_Operational_Risk_Standard_v6.4,USER00186,read
01737_SME_Underwriting_Procedure_v9.0,USER00186,read
02254_Liquidity_Management_Procedure_v3.4,USER00186,read
01539_AML_Escalation_Procedure_v5.6,USER00186,read
01042_Liquidity_Risk_Policy_v5.3,USER00186,read
01696_Incident_Management_Procedure_v4.9,USER00186,read
01176_Operations_Manual_v4.0,USER00186,read
00156_Customer_Risk_Rating_Manual_v7.7,USER00186,read
01916_Customer_Due_Diligence_Standard_v6.9,USER00186,read
01114_Market_Risk_Framework_v5.8,USER00187,read
02039_Investment_Policy_v7.0,USER00187,read
01708_Beneficial_Ownership_Guide_v5.2,USER00187,read
01023_Securities_Valuation_Manual_v4.7,USER00187,read
01437_Record_Retention_Standard_v9.9,USER00187,read
01878_Liquidity_Management_Procedure_v1.6,USER00187,read
00575_Portfolio_Risk_Procedure_v7.2,USER00187,read
00703_Trade_Operations_Guide_v2.4,USER00187,read
00485_Conduct_Risk_Standard_v6.0,USER00187,read
00578_Operational_Risk_Standard_v4.6,USER00187,read
00526_Interest_Rate_Risk_Manual_v6.6,USER00188,read
01234_Market_Risk_Framework_v2.5,USER00188,read
00241_SME_Underwriting_Procedure_v8.8,USER00188,read
00983_Investment_Policy_v1.4,USER00188,read
00019_Sanctions_Screening_Manual_v5.3,USER00188,read
01949_Conduct_Risk_Standard_v1.9,USER00188,read
01327_Investment_Policy_v1.0,USER00188,read
00811_AML_Policy_v9.8,USER00188,read
01552_Operations_Manual_v4.9,USER00188,read
00250_Market_Risk_Framework_v4.8,USER00188,read
00182_Liquidity_Management_Procedure_v3.9,USER00189,read
00535_Portfolio_Risk_Procedure_v7.7,USER00189,read
01513_SME_Underwriting_Procedure_v5.6,USER00189,read
01815_Trade_Operations_Guide_v2.6,USER00189,read
00682_Liquidity_Risk_Policy_v1.1,USER00189,read
00974_Liquidity_Management_Procedure_v3.8,USER00189,read
02030_Interest_Rate_Risk_Manual_v6.4,USER00189,read
00859_Sanctions_Screening_Manual_v8.9,USER00189,read
00602_Operational_Risk_Standard_v4.5,USER00189,read
00557_Compliance_Policy_v3.6,USER00189,read
00470_Treasury_Policy_v8.2,USER00190,read
01943_Investment_Policy_v6.3,USER00190,read
01269_Record_Retention_Standard_v4.3,USER00190,read
02327_Securities_Valuation_Manual_v5.4,USER00190,read
00977_Credit_Policy_v4.9,USER00190,read
00904_Incident_Management_Procedure_v5.6,USER00190,read
00530_Market_Risk_Framework_v7.9,USER00190,read
02300_Customer_Due_Diligence_Standard_v3.0,USER00190,read
00668_KYC_Policy_v4.8,USER00190,read
00255_Trade_Operations_Guide_v7.8,USER00190,read
02128_Incident_Management_Procedure_v7.9,USER00191,read
01251_AML_Escalation_Procedure_v2.1,USER00191,read
00164_Customer_Risk_Rating_Manual_v7.4,USER00191,read
01910_Interest_Rate_Risk_Manual_v2.2,USER00191,read
02196_KYC_Policy_v1.9,USER00191,read
01547_Sanctions_Screening_Manual_v8.2,USER00191,read
01588_Beneficial_Ownership_Guide_v7.6,USER00191,read
02106_Credit_Risk_Methodology_v4.8,USER00191,read
02378_Market_Risk_Framework_v7.1,USER00191,read
01897_Mortgage_Origination_Guide_v2.9,USER00191,read
00808_Operations_Manual_v6.9,USER00192,read
01925_Regulatory_Change_Procedure_v1.1,USER00192,read
01737_SME_Underwriting_Procedure_v9.0,USER00192,read
00905_Lending_Standards_v9.7,USER00192,read
01755_AML_Policy_v6.9,USER00192,read
00526_Interest_Rate_Risk_Manual_v6.6,USER00192,read
00734_Interest_Rate_Risk_Manual_v5.2,USER00192,read
00223_Investment_Policy_v3.7,USER00192,read
01118_Treasury_Policy_v6.6,USER00192,read
02244_KYC_Policy_v4.9,USER00192,read
00202_Market_Risk_Framework_v7.1,USER00193,read
00288_Payment_Processing_Procedure_v9.0,USER00193,read
01065_Mortgage_Origination_Guide_v8.7,USER00193,read
01562_Liquidity_Risk_Policy_v6.4,USER00193,read
02267_AML_Escalation_Procedure_v2.7,USER00193,read
00080_Incident_Management_Procedure_v4.7,USER00193,read
00304_Incident_Management_Procedure_v6.4,USER00193,read
00864_Incident_Management_Procedure_v9.6,USER00193,read
00849_Mortgage_Origination_Guide_v2.3,USER00193,read
02063_Securities_Valuation_Manual_v5.2,USER00193,read
02383_Securities_Valuation_Manual_v2.9,USER00194,read
00167_Investment_Policy_v9.8,USER00194,read
02390_Interest_Rate_Risk_Manual_v2.9,USER00194,read
00727_Trade_Operations_Guide_v3.7,USER00194,read
00967_Trade_Operations_Guide_v7.7,USER00194,read
01712_Reconciliation_Standard_v6.0,USER00194,read
01777_Mortgage_Origination_Guide_v2.5,USER00194,read
00867_AML_Escalation_Procedure_v2.8,USER00194,read
00347_Sanctions_Screening_Manual_v2.8,USER00194,read
01020_KYC_Policy_v7.5,USER00194,read
00677_Conduct_Risk_Standard_v1.7,USER00195,read
00458_Credit_Risk_Methodology_v6.0,USER00195,read
01170_Credit_Risk_Methodology_v8.6,USER00195,read
01576_Operations_Manual_v7.1,USER00195,read
00907_Sanctions_Screening_Manual_v6.6,USER00195,read
00820_Customer_Risk_Rating_Manual_v2.0,USER00195,read
00983_Investment_Policy_v1.4,USER00195,read
01425_SME_Underwriting_Procedure_v3.2,USER00195,read
00301_Record_Retention_Standard_v8.3,USER00195,read
00613_Compliance_Policy_v1.5,USER00195,read
00546_Credit_Risk_Methodology_v7.6,USER00196,read
00959_Securities_Valuation_Manual_v9.8,USER00196,read
00631_Investment_Policy_v5.9,USER00196,read
01108_Beneficial_Ownership_Guide_v6.3,USER00196,read
02021_Regulatory_Change_Procedure_v6.5,USER00196,read
00374_Interest_Rate_Risk_Manual_v5.1,USER00196,read
01325_Record_Retention_Standard_v3.0,USER00196,read
01767_Securities_Valuation_Manual_v6.9,USER00196,read
00800_Operations_Manual_v4.7,USER00196,read
00205_Compliance_Policy_v2.6,USER00196,read
01090_Credit_Risk_Methodology_v5.6,USER00197,read
01156_Beneficial_Ownership_Guide_v4.9,USER00197,read
01672_Incident_Management_Procedure_v5.8,USER00197,read
00506_Market_Risk_Framework_v9.2,USER00197,read
00862_Treasury_Policy_v4.3,USER00197,read
02394_Liquidity_Risk_Policy_v8.6,USER00197,read
00456_Incident_Management_Procedure_v5.3,USER00197,read
01579_Sanctions_Screening_Manual_v8.1,USER00197,read
01013_Record_Retention_Standard_v4.9,USER00197,read
01305_Mortgage_Origination_Guide_v4.2,USER00197,read
02242_Credit_Risk_Methodology_v3.0,USER00198,read
01461_Conduct_Risk_Standard_v3.0,USER00198,read
02096_Incident_Management_Procedure_v7.1,USER00198,read
01920_Operations_Manual_v2.0,USER00198,read
02009_Credit_Policy_v5.4,USER00198,read
00207_Investment_Policy_v3.7,USER00198,read
01013_Record_Retention_Standard_v4.9,USER00198,read
00951_Trade_Operations_Guide_v6.4,USER00198,read
00537_Credit_Policy_v9.4,USER00198,read
00511_Securities_Valuation_Manual_v6.8,USER00198,read
00237_Conduct_Risk_Standard_v1.9,USER00199,read
02023_Trade_Operations_Guide_v9.7,USER00199,read
01501_Conduct_Risk_Standard_v7.9,USER00199,read
01243_AML_Policy_v3.9,USER00199,read
02125_Conduct_Risk_Standard_v6.3,USER00199,read
00611_AML_Policy_v7.3,USER00199,read
00204_Customer_Due_Diligence_Standard_v8.5,USER00199,read
00424_Incident_Management_Procedure_v9.6,USER00199,read
00772_KYC_Policy_v5.6,USER00199,read
00199_Trade_Operations_Guide_v9.7,USER00199,read
00294_Treasury_Policy_v1.1,USER00200,read
02398_Treasury_Policy_v6.9,USER00200,read
00568_Payment_Processing_Procedure_v4.5,USER00200,read
00335_Trade_Operations_Guide_v8.2,USER00200,read
00401_Mortgage_Origination_Guide_v9.4,USER00200,read
01573_Compliance_Policy_v3.8,USER00200,read
01950_Liquidity_Management_Procedure_v8.5,USER00200,read
00097_Lending_Standards_v5.2,USER00200,read
00926_Treasury_Policy_v8.9,USER00200,read
00162_Credit_Risk_Methodology_v3.6,USER00200,read
00637_Compliance_Policy_v4.9,USER00201,read
00825_Mortgage_Origination_Guide_v7.4,USER00201,read
00683_AML_Escalation_Procedure_v9.1,USER00201,read
02149_Regulatory_Change_Procedure_v2.6,USER00201,read
01372_KYC_Policy_v2.2,USER00201,read
01234_Market_Risk_Framework_v2.5,USER00201,read
01154_Operational_Risk_Standard_v8.9,USER00201,read
01027_Sanctions_Screening_Manual_v3.5,USER00201,read
01874_Credit_Risk_Methodology_v5.3,USER00201,read
01082_Liquidity_Risk_Policy_v1.3,USER00201,read
00540_KYC_Policy_v4.6,USER00202,read
00632_Payment_Processing_Procedure_v4.5,USER00202,read
00665_SME_Underwriting_Procedure_v7.3,USER00202,read
01052_Customer_Due_Diligence_Standard_v5.8,USER00202,read
01554_Operational_Risk_Standard_v2.0,USER00202,read
00020_KYC_Policy_v9.2,USER00202,read
01332_Customer_Risk_Rating_Manual_v6.3,USER00202,read
00379_Sanctions_Screening_Manual_v2.3,USER00202,read
00290_Market_Risk_Framework_v8.7,USER00202,read
01828_Customer_Risk_Rating_Manual_v4.9,USER00202,read
01655_Portfolio_Risk_Procedure_v7.5,USER00203,read
01545_SME_Underwriting_Procedure_v6.1,USER00203,read
01478_Funding_Guide_v7.7,USER00203,read
00148_Customer_Risk_Rating_Manual_v2.5,USER00203,read
01310_Treasury_Policy_v6.8,USER00203,read
00766_Liquidity_Management_Procedure_v3.0,USER00203,read
01764_Beneficial_Ownership_Guide_v8.9,USER00203,read
00397_Conduct_Risk_Standard_v7.4,USER00203,read
02268_Customer_Due_Diligence_Standard_v8.2,USER00203,read
00144_Reconciliation_Standard_v8.0,USER00203,read
01275_Sanctions_Screening_Manual_v9.2,USER00204,read
00387_Transaction_Monitoring_Standard_v6.6,USER00204,read
01542_Treasury_Policy_v5.8,USER00204,read
00567_Trade_Operations_Guide_v1.7,USER00204,read
01864_Operations_Manual_v2.5,USER00204,read
00365_Compliance_Policy_v9.3,USER00204,read
00474_Market_Risk_Framework_v6.5,USER00204,read
01435_Transaction_Monitoring_Standard_v4.4,USER00204,read
00574_Funding_Guide_v4.9,USER00204,read
01907_Sanctions_Screening_Manual_v6.7,USER00204,read
00014_Treasury_Policy_v1.1,USER00205,read
02353_Credit_Policy_v2.0,USER00205,read
01242_Liquidity_Risk_Policy_v6.9,USER00205,read
00081_Mortgage_Origination_Guide_v4.5,USER00205,read
01192_Payment_Processing_Procedure_v5.0,USER00205,read
01191_Trade_Operations_Guide_v2.7,USER00205,read
00674_Operational_Risk_Standard_v9.9,USER00205,read
00774_Funding_Guide_v2.4,USER00205,read
01615_Securities_Valuation_Manual_v8.0,USER00205,read
00909_Compliance_Policy_v4.2,USER00205,read
00026_Liquidity_Risk_Policy_v7.6,USER00206,read
00750_Liquidity_Management_Procedure_v2.2,USER00206,read
01931_Transaction_Monitoring_Standard_v1.2,USER00206,read
00886_Interest_Rate_Risk_Manual_v2.8,USER00206,read
02264_Payment_Processing_Procedure_v9.5,USER00206,read
01267_Sanctions_Screening_Manual_v7.4,USER00206,read
00113_Mortgage_Origination_Guide_v7.2,USER00206,read
01053_Regulatory_Change_Procedure_v6.6,USER00206,read
00504_Reconciliation_Standard_v1.5,USER00206,read
02240_Payment_Processing_Procedure_v7.9,USER00206,read
00909_Compliance_Policy_v4.2,USER00207,read
01824_Operations_Manual_v5.7,USER00207,read
00633_SME_Underwriting_Procedure_v3.2,USER00207,read
01217_SME_Underwriting_Procedure_v3.6,USER00207,read
00629_Conduct_Risk_Standard_v6.6,USER00207,read
01086_Interest_Rate_Risk_Manual_v3.3,USER00207,read
00624_Reconciliation_Standard_v9.6,USER00207,read
02144_Operations_Manual_v9.3,USER00207,read
01442_Credit_Risk_Methodology_v8.7,USER00207,read
01648_Operations_Manual_v8.3,USER00207,read
01441_Mortgage_Origination_Guide_v2.2,USER00208,read
00057_SME_Underwriting_Procedure_v2.3,USER00208,read
01769_SME_Underwriting_Procedure_v6.3,USER00208,read
02379_Transaction_Monitoring_Standard_v9.3,USER00208,read
02310_Funding_Guide_v4.5,USER00208,read
01399_Portfolio_Risk_Procedure_v3.7,USER00208,read
00340_KYC_Policy_v4.3,USER00208,read
02148_Beneficial_Ownership_Guide_v3.9,USER00208,read
00844_Customer_Risk_Rating_Manual_v6.4,USER00208,read
01962_Market_Risk_Framework_v5.4,USER00208,read
00470_Treasury_Policy_v8.2,USER00209,read
02090_Credit_Risk_Methodology_v8.3,USER00209,read
01411_AML_Policy_v8.8,USER00209,read
02148_Beneficial_Ownership_Guide_v3.9,USER00209,read
00428_Beneficial_Ownership_Guide_v9.7,USER00209,read
00103_Trade_Operations_Guide_v9.0,USER00209,read
01799_Portfolio_Risk_Procedure_v4.1,USER00209,read
01472_Payment_Processing_Procedure_v5.4,USER00209,read
01204_Customer_Due_Diligence_Standard_v5.0,USER00209,read
02072_Payment_Processing_Procedure_v5.6,USER00209,read
00318_Interest_Rate_Risk_Manual_v3.9,USER00210,read
02224_Reconciliation_Standard_v2.7,USER00210,read
00354_Operational_Risk_Standard_v3.7,USER00210,read
01258_Operational_Risk_Standard_v6.4,USER00210,read
01924_Customer_Risk_Rating_Manual_v7.3,USER00210,read
00694_Interest_Rate_Risk_Manual_v6.1,USER00210,read
02190_Funding_Guide_v9.3,USER00210,read
00291_Sanctions_Screening_Manual_v9.4,USER00210,read
02374_Liquidity_Management_Procedure_v2.3,USER00210,read
00186_Liquidity_Risk_Policy_v9.1,USER00210,read
02287_Portfolio_Risk_Procedure_v7.1,USER00211,read
00965_Record_Retention_Standard_v7.1,USER00211,read
00580_Customer_Due_Diligence_Standard_v3.7,USER00211,read
00956_Beneficial_Ownership_Guide_v7.6,USER00211,read
02266_Credit_Risk_Methodology_v2.1,USER00211,read
01069_Compliance_Policy_v7.4,USER00211,read
00275_AML_Policy_v9.9,USER00211,read
01217_SME_Underwriting_Procedure_v3.6,USER00211,read
01189_Conduct_Risk_Standard_v5.7,USER00211,read
00190_Treasury_Policy_v5.7,USER00211,read
01467_Transaction_Monitoring_Standard_v3.4,USER00212,read
00705_SME_Underwriting_Procedure_v4.2,USER00212,read
00133_Record_Retention_Standard_v2.2,USER00212,read
00111_Trade_Operations_Guide_v6.5,USER00212,read
02323_AML_Policy_v1.4,USER00212,read
02324_Customer_Risk_Rating_Manual_v4.2,USER00212,read
01044_Customer_Due_Diligence_Standard_v4.7,USER00212,read
01716_Beneficial_Ownership_Guide_v4.2,USER00212,read
00690_Liquidity_Risk_Policy_v1.1,USER00212,read
00513_Mortgage_Origination_Guide_v2.2,USER00212,read
01902_Treasury_Policy_v3.6,USER00213,read
00596_KYC_Policy_v1.8,USER00213,read
01624_Payment_Processing_Procedure_v3.3,USER00213,read
01042_Liquidity_Risk_Policy_v5.3,USER00213,read
01780_Beneficial_Ownership_Guide_v9.7,USER00213,read
00295_Investment_Policy_v3.1,USER00213,read
00510_Interest_Rate_Risk_Manual_v1.8,USER00213,read
00792_Payment_Processing_Procedure_v7.2,USER00213,read
00463_Securities_Valuation_Manual_v2.5,USER00213,read
00146_Liquidity_Risk_Policy_v7.9,USER00213,read
00760_Reconciliation_Standard_v2.7,USER00214,read
00711_Investment_Policy_v8.1,USER00214,read
00018_Credit_Risk_Methodology_v9.8,USER00214,read
01520_Incident_Management_Procedure_v7.0,USER00214,read
00828_Beneficial_Ownership_Guide_v5.8,USER00214,read
00466_Market_Risk_Framework_v5.6,USER00214,read
00682_Liquidity_Risk_Policy_v1.1,USER00214,read
02358_Funding_Guide_v5.2,USER00214,read
02139_AML_Escalation_Procedure_v7.9,USER00214,read
02311_Securities_Valuation_Manual_v5.7,USER00214,read
02293_Compliance_Policy_v7.5,USER00215,read
02288_Reconciliation_Standard_v4.1,USER00215,read
01083_Transaction_Monitoring_Standard_v4.9,USER00215,read
00558_Treasury_Policy_v2.4,USER00215,read
01129_Credit_Policy_v3.5,USER00215,read
01444_Customer_Risk_Rating_Manual_v7.6,USER00215,read
01126_Liquidity_Management_Procedure_v4.0,USER00215,read
01892_Beneficial_Ownership_Guide_v1.5,USER00215,read
00341_Regulatory_Change_Procedure_v4.0,USER00215,read
01257_SME_Underwriting_Procedure_v8.6,USER00215,read
01785_Credit_Policy_v8.6,USER00216,read
00108_Beneficial_Ownership_Guide_v9.4,USER00216,read
00412_Customer_Risk_Rating_Manual_v8.6,USER00216,read
01300_Beneficial_Ownership_Guide_v1.9,USER00216,read
00790_Funding_Guide_v4.2,USER00216,read
01033_Mortgage_Origination_Guide_v2.2,USER00216,read
00852_Customer_Due_Diligence_Standard_v1.1,USER00216,read
01024_Incident_Management_Procedure_v4.6,USER00216,read
01960_Payment_Processing_Procedure_v9.9,USER00216,read
00944_Operations_Manual_v6.4,USER00216,read
01507_Sanctions_Screening_Manual_v9.3,USER00217,read
02252_Customer_Risk_Rating_Manual_v3.2,USER00217,read
01368_Reconciliation_Standard_v4.3,USER00217,read
00885_Compliance_Policy_v1.3,USER00217,read
00489_Mortgage_Origination_Guide_v4.5,USER00217,read
01001_Lending_Standards_v9.3,USER00217,read
00362_Operational_Risk_Standard_v6.8,USER00217,read
01042_Liquidity_Risk_Policy_v5.3,USER00217,read
02256_Operations_Manual_v3.4,USER00217,read
01341_Regulatory_Change_Procedure_v7.6,USER00217,read
01302_Interest_Rate_Risk_Manual_v5.5,USER00218,read
00746_Credit_Risk_Methodology_v9.5,USER00218,read
02175_Investment_Policy_v9.6,USER00218,read
01501_Conduct_Risk_Standard_v7.9,USER00218,read
00856_Reconciliation_Standard_v7.7,USER00218,read
00218_Credit_Risk_Methodology_v6.8,USER00218,read
00315_AML_Policy_v7.7,USER00218,read
01132_Customer_Due_Diligence_Standard_v1.1,USER00218,read
01923_AML_Escalation_Procedure_v6.2,USER00218,read
01518_Treasury_Policy_v8.1,USER00218,read
00838_Treasury_Policy_v2.9,USER00219,read
01485_Compliance_Policy_v8.9,USER00219,read
02261_Regulatory_Change_Procedure_v1.3,USER00219,read
00944_Operations_Manual_v6.4,USER00219,read
00505_Credit_Policy_v5.7,USER00219,read
01898_Liquidity_Risk_Policy_v6.3,USER00219,read
01390_Liquidity_Management_Procedure_v1.3,USER00219,read
00011_Sanctions_Screening_Manual_v7.4,USER00219,read
01493_Compliance_Policy_v2.2,USER00219,read
01439_Portfolio_Risk_Procedure_v8.7,USER00219,read
00700_Customer_Risk_Rating_Manual_v7.8,USER00220,read
01590_Funding_Guide_v1.6,USER00220,read
01215_Securities_Valuation_Manual_v7.2,USER00220,read
01910_Interest_Rate_Risk_Manual_v2.2,USER00220,read
00202_Market_Risk_Framework_v7.1,USER00220,read
01193_Credit_Policy_v3.7,USER00220,read
00045_Record_Retention_Standard_v3.3,USER00220,read
00643_AML_Escalation_Procedure_v6.9,USER00220,read
01456_Reconciliation_Standard_v8.4,USER00220,read
00557_Compliance_Policy_v3.6,USER00220,read
01869_Record_Retention_Standard_v7.7,USER00221,read
01201_Credit_Policy_v7.4,USER00221,read
00511_Securities_Valuation_Manual_v6.8,USER00221,read
01492_Beneficial_Ownership_Guide_v2.5,USER00221,read
01894_Liquidity_Management_Procedure_v8.4,USER00221,read
00432_Reconciliation_Standard_v6.0,USER00221,read
01823_Trade_Operations_Guide_v8.9,USER00221,read
01347_AML_Escalation_Procedure_v1.7,USER00221,read
01775_Securities_Valuation_Manual_v9.8,USER00221,read
00907_Sanctions_Screening_Manual_v6.6,USER00221,read
01066_Operational_Risk_Standard_v5.2,USER00222,read
00205_Compliance_Policy_v2.6,USER00222,read
02288_Reconciliation_Standard_v4.1,USER00222,read
01331_AML_Policy_v3.6,USER00222,read
00318_Interest_Rate_Risk_Manual_v3.9,USER00222,read
01836_Beneficial_Ownership_Guide_v9.1,USER00222,read
01989_Conduct_Risk_Standard_v8.3,USER00222,read
00769_Credit_Policy_v3.5,USER00222,read
00135_Trade_Operations_Guide_v3.6,USER00222,read
01807_Portfolio_Risk_Procedure_v5.7,USER00222,read
02346_Market_Risk_Framework_v1.6,USER00223,read
02376_Operations_Manual_v6.9,USER00223,read
00285_Regulatory_Change_Procedure_v3.0,USER00223,read
02004_Customer_Risk_Rating_Manual_v5.5,USER00223,read
01239_Investment_Policy_v9.2,USER00223,read
02037_Compliance_Policy_v8.8,USER00223,read
00373_Regulatory_Change_Procedure_v3.0,USER00223,read
00498_Market_Risk_Framework_v5.3,USER00223,read
01425_SME_Underwriting_Procedure_v3.2,USER00223,read
00821_Regulatory_Change_Procedure_v4.2,USER00223,read
01581_Regulatory_Change_Procedure_v4.1,USER00224,read
01713_Credit_Policy_v7.9,USER00224,read
02044_KYC_Policy_v2.4,USER00224,read
01793_Mortgage_Origination_Guide_v3.3,USER00224,read
01704_Payment_Processing_Procedure_v2.8,USER00224,read
00512_Operations_Manual_v2.3,USER00224,read
00415_Investment_Policy_v6.9,USER00224,read
01851_AML_Escalation_Procedure_v7.9,USER00224,read
01333_Record_Retention_Standard_v9.2,USER00224,read
01968_Reconciliation_Standard_v4.7,USER00224,read
01982_Liquidity_Management_Procedure_v1.3,USER00225,read
00360_Payment_Processing_Procedure_v7.4,USER00225,read
01458_Liquidity_Risk_Policy_v8.9,USER00225,read
00054_Liquidity_Management_Procedure_v4.6,USER00225,read
00343_Investment_Policy_v5.2,USER00225,read
01585_SME_Underwriting_Procedure_v6.5,USER00225,read
01616_Reconciliation_Standard_v6.9,USER00225,read
01010_Operational_Risk_Standard_v2.1,USER00225,read
01087_Portfolio_Risk_Procedure_v8.3,USER00225,read
02039_Investment_Policy_v7.0,USER00225,read
01837_Record_Retention_Standard_v2.1,USER00226,read
00384_Operations_Manual_v3.1,USER00226,read
00604_KYC_Policy_v8.3,USER00226,read
00268_Customer_Due_Diligence_Standard_v6.1,USER00226,read
01522_Operational_Risk_Standard_v2.2,USER00226,read
02166_Interest_Rate_Risk_Manual_v1.1,USER00226,read
01585_SME_Underwriting_Procedure_v6.5,USER00226,read
01347_AML_Escalation_Procedure_v1.7,USER00226,read
00835_Transaction_Monitoring_Standard_v5.2,USER00226,read
01999_Trade_Operations_Guide_v4.9,USER00226,read
01809_Lending_Standards_v1.4,USER00227,read
00120_Incident_Management_Procedure_v4.7,USER00227,read
01864_Operations_Manual_v2.5,USER00227,read
02032_Operations_Manual_v8.6,USER00227,read
01296_Payment_Processing_Procedure_v9.1,USER00227,read
00581_Conduct_Risk_Standard_v8.4,USER00227,read
00160_Operations_Manual_v4.6,USER00227,read
02244_KYC_Policy_v4.9,USER00227,read
02177_SME_Underwriting_Procedure_v6.6,USER00227,read
02130_Liquidity_Risk_Policy_v7.2,USER00227,read
00087_Portfolio_Risk_Procedure_v2.3,USER00228,read
00223_Investment_Policy_v3.7,USER00228,read
01377_Credit_Policy_v4.7,USER00228,read
01645_Record_Retention_Standard_v7.9,USER00228,read
00082_Liquidity_Risk_Policy_v9.0,USER00228,read
00734_Interest_Rate_Risk_Manual_v5.2,USER00228,read
00457_Mortgage_Origination_Guide_v7.6,USER00228,read
00725_Regulatory_Change_Procedure_v3.0,USER00228,read
02014_Interest_Rate_Risk_Manual_v1.9,USER00228,read
00643_AML_Escalation_Procedure_v6.9,USER00228,read
02019_Transaction_Monitoring_Standard_v7.5,USER00229,read
01652_Customer_Risk_Rating_Manual_v1.3,USER00229,read
00099_AML_Escalation_Procedure_v8.1,USER00229,read
00545_Lending_Standards_v9.4,USER00229,read
02077_Compliance_Policy_v6.0,USER00229,read
00209_Lending_Standards_v8.8,USER00229,read
02388_Customer_Due_Diligence_Standard_v6.8,USER00229,read
00519_Securities_Valuation_Manual_v5.5,USER00229,read
02015_Investment_Policy_v9.4,USER00229,read
02296_Payment_Processing_Procedure_v5.8,USER00229,read
01024_Incident_Management_Procedure_v4.6,USER00230,read
02155_AML_Escalation_Procedure_v8.7,USER00230,read
00056_Payment_Processing_Procedure_v9.7,USER00230,read
00576_Operations_Manual_v4.6,USER00230,read
02271_Securities_Valuation_Manual_v6.8,USER00230,read
01724_Customer_Due_Diligence_Standard_v7.9,USER00230,read
00786_Operational_Risk_Standard_v4.9,USER00230,read
00920_Reconciliation_Standard_v2.5,USER00230,read
00770_Liquidity_Risk_Policy_v9.2,USER00230,read
02279_Portfolio_Risk_Procedure_v8.2,USER00230,read
01838_Liquidity_Management_Procedure_v3.1,USER00231,read
01442_Credit_Risk_Methodology_v8.7,USER00231,read
00667_AML_Escalation_Procedure_v6.6,USER00231,read
01884_Customer_Risk_Rating_Manual_v9.5,USER00231,read
00141_Compliance_Policy_v3.0,USER00231,read
02086_Funding_Guide_v4.8,USER00231,read
00920_Reconciliation_Standard_v2.5,USER00231,read
00792_Payment_Processing_Procedure_v7.2,USER00231,read
00441_Lending_Standards_v4.3,USER00231,read
01109_Conduct_Risk_Standard_v2.0,USER00231,read
00344_Payment_Processing_Procedure_v7.7,USER00232,read
01001_Lending_Standards_v9.3,USER00232,read
00791_Trade_Operations_Guide_v5.2,USER00232,read
01722_Operational_Risk_Standard_v2.8,USER00232,read
01030_Liquidity_Management_Procedure_v3.3,USER00232,read
01867_Sanctions_Screening_Manual_v8.1,USER00232,read
02020_Customer_Due_Diligence_Standard_v7.6,USER00232,read
00349_Conduct_Risk_Standard_v1.0,USER00232,read
00183_Securities_Valuation_Manual_v8.9,USER00232,read
00366_Treasury_Policy_v5.6,USER00232,read
02214_Funding_Guide_v3.1,USER00233,read
00734_Interest_Rate_Risk_Manual_v5.2,USER00233,read
00714_Credit_Risk_Methodology_v8.6,USER00233,read
00837_Compliance_Policy_v8.1,USER00233,read
01121_Credit_Policy_v5.0,USER00233,read
01325_Record_Retention_Standard_v3.0,USER00233,read
01171_Sanctions_Screening_Manual_v2.7,USER00233,read
00716_KYC_Policy_v8.1,USER00233,read
00454_Liquidity_Management_Procedure_v3.3,USER00233,read
00606_Funding_Guide_v3.3,USER00233,read
00170_Liquidity_Risk_Policy_v6.2,USER00234,read
02255_Trade_Operations_Guide_v5.6,USER00234,read
01172_KYC_Policy_v6.3,USER00234,read
01921_SME_Underwriting_Procedure_v5.9,USER00234,read
00438_Interest_Rate_Risk_Manual_v8.8,USER00234,read
01188_KYC_Policy_v1.9,USER00234,read
00876_Beneficial_Ownership_Guide_v8.7,USER00234,read
01993_Mortgage_Origination_Guide_v4.1,USER00234,read
01811_AML_Escalation_Procedure_v6.7,USER00234,read
02342_Treasury_Policy_v1.4,USER00234,read
02370_Credit_Risk_Methodology_v1.4,USER00235,read
01604_Customer_Due_Diligence_Standard_v6.9,USER00235,read
02003_Sanctions_Screening_Manual_v8.2,USER00235,read
02182_Liquidity_Management_Procedure_v9.7,USER00235,read
00970_Liquidity_Risk_Policy_v1.8,USER00235,read
01478_Funding_Guide_v7.7,USER00235,read
01817_SME_Underwriting_Procedure_v9.6,USER00235,read
01365_Record_Retention_Standard_v7.1,USER00235,read
00523_AML_Policy_v5.1,USER00235,read
01830_Funding_Guide_v9.0,USER00235,read
01426_Liquidity_Risk_Policy_v2.5,USER00236,read
02013_Compliance_Policy_v6.2,USER00236,read
00871_Portfolio_Risk_Procedure_v9.7,USER00236,read
01516_Beneficial_Ownership_Guide_v7.1,USER00236,read
01410_Credit_Risk_Methodology_v7.1,USER00236,read
00826_Market_Risk_Framework_v5.2,USER00236,read
01680_Operations_Manual_v6.1,USER00236,read
00152_Payment_Processing_Procedure_v3.7,USER00236,read
00993_SME_Underwriting_Procedure_v4.5,USER00236,read
01663_Securities_Valuation_Manual_v3.0,USER00236,read
00985_Lending_Standards_v8.8,USER00237,read
00351_Portfolio_Risk_Procedure_v5.1,USER00237,read
00765_Regulatory_Change_Procedure_v2.0,USER00237,read
00996_KYC_Policy_v6.6,USER00237,read
00814_Interest_Rate_Risk_Manual_v1.9,USER00237,read
01919_Portfolio_Risk_Procedure_v6.9,USER00237,read
00897_Lending_Standards_v2.0,USER00237,read
00835_Transaction_Monitoring_Standard_v5.2,USER00237,read
02387_AML_Policy_v2.4,USER00237,read
01168_Incident_Management_Procedure_v6.0,USER00237,read
00710_Interest_Rate_Risk_Manual_v6.6,USER00238,read
00162_Credit_Risk_Methodology_v3.6,USER00238,read
00836_KYC_Policy_v2.0,USER00238,read
01052_Customer_Due_Diligence_Standard_v5.8,USER00238,read
02241_Credit_Policy_v6.5,USER00238,read
01402_Credit_Risk_Methodology_v3.2,USER00238,read
00965_Record_Retention_Standard_v7.1,USER00238,read
02014_Interest_Rate_Risk_Manual_v1.9,USER00238,read
02331_AML_Policy_v1.8,USER00238,read
02006_Treasury_Policy_v4.8,USER00238,read
01789_Record_Retention_Standard_v1.8,USER00239,read
01177_SME_Underwriting_Procedure_v8.1,USER00239,read
01296_Payment_Processing_Procedure_v9.1,USER00239,read
01713_Credit_Policy_v7.9,USER00239,read
00155_Transaction_Monitoring_Standard_v7.1,USER00239,read
00253_Conduct_Risk_Standard_v4.1,USER00239,read
00709_Compliance_Policy_v8.4,USER00239,read
00677_Conduct_Risk_Standard_v1.7,USER00239,read
00353_Lending_Standards_v9.7,USER00239,read
00442_Market_Risk_Framework_v8.2,USER00239,read
01034_Credit_Risk_Methodology_v6.5,USER00240,read
00352_Payment_Processing_Procedure_v7.1,USER00240,read
00773_Record_Retention_Standard_v7.3,USER00240,read
02139_AML_Escalation_Procedure_v7.9,USER00240,read
01616_Reconciliation_Standard_v6.9,USER00240,read
01373_Conduct_Risk_Standard_v1.3,USER00240,read
01532_Customer_Due_Diligence_Standard_v1.5,USER00240,read
02221_Record_Retention_Standard_v8.0,USER00240,read
00752_Operations_Manual_v7.6,USER00240,read
01925_Regulatory_Change_Procedure_v1.1,USER00240,read
01925_Regulatory_Change_Procedure_v1.1,USER00241,read
01991_Investment_Policy_v2.8,USER00241,read
00490_Market_Risk_Framework_v8.7,USER00241,read
00401_Mortgage_Origination_Guide_v9.4,USER00241,read
01622_Treasury_Policy_v5.7,USER00241,read
00858_Market_Risk_Framework_v8.8,USER00241,read
02162_Operational_Risk_Standard_v6.3,USER00241,read
01174_Funding_Guide_v8.8,USER00241,read
00432_Reconciliation_Standard_v6.0,USER00241,read
01853_Regulatory_Change_Procedure_v6.5,USER00241,read
01385_Lending_Standards_v5.2,USER00242,read
01126_Liquidity_Management_Procedure_v4.0,USER00242,read
02141_Conduct_Risk_Standard_v9.2,USER00242,read
01143_Portfolio_Risk_Procedure_v9.7,USER00242,read
01670_Interest_Rate_Risk_Manual_v8.2,USER00242,read
00959_Securities_Valuation_Manual_v9.8,USER00242,read
01076_Customer_Risk_Rating_Manual_v2.8,USER00242,read
01125_Record_Retention_Standard_v4.7,USER00242,read
02257_SME_Underwriting_Procedure_v9.8,USER00242,read
01388_KYC_Policy_v1.5,USER00242,read
01837_Record_Retention_Standard_v2.1,USER00243,read
00364_Customer_Risk_Rating_Manual_v7.6,USER00243,read
01353_Credit_Policy_v5.6,USER00243,read
02301_Regulatory_Change_Procedure_v7.0,USER00243,read
02064_Operations_Manual_v9.7,USER00243,read
01259_Transaction_Monitoring_Standard_v7.5,USER00243,read
00969_Lending_Standards_v9.5,USER00243,read
01426_Liquidity_Risk_Policy_v2.5,USER00243,read
02298_Market_Risk_Framework_v8.8,USER00243,read
00416_Incident_Management_Procedure_v3.0,USER00243,read
01886_Treasury_Policy_v8.2,USER00244,read
00730_Liquidity_Risk_Policy_v2.9,USER00244,read
01659_Sanctions_Screening_Manual_v9.8,USER00244,read
01371_Sanctions_Screening_Manual_v6.9,USER00244,read
00525_Regulatory_Change_Procedure_v6.7,USER00244,read
01878_Liquidity_Management_Procedure_v1.6,USER00244,read
01313_Credit_Policy_v3.3,USER00244,read
01996_Customer_Due_Diligence_Standard_v5.0,USER00244,read
01401_SME_Underwriting_Procedure_v2.7,USER00244,read
01150_Treasury_Policy_v6.1,USER00244,read
00890_Operational_Risk_Standard_v9.5,USER00245,read
01093_Record_Retention_Standard_v8.4,USER00245,read
01382_Interest_Rate_Risk_Manual_v6.3,USER00245,read
00005_Compliance_Policy_v7.1,USER00245,read
01833_Lending_Standards_v7.0,USER00245,read
00355_AML_Policy_v2.5,USER00245,read
00424_Incident_Management_Procedure_v9.6,USER00245,read
01097_Lending_Standards_v1.1,USER00245,read
01238_Liquidity_Management_Procedure_v6.6,USER00245,read
00153_Credit_Policy_v5.9,USER00245,read
01650_Market_Risk_Framework_v2.1,USER00246,read
02079_Portfolio_Risk_Procedure_v1.7,USER00246,read
00341_Regulatory_Change_Procedure_v4.0,USER00246,read
01113_Credit_Policy_v7.4,USER00246,read
00190_Treasury_Policy_v5.7,USER00246,read
00685_Compliance_Policy_v2.9,USER00246,read
00335_Trade_Operations_Guide_v8.2,USER00246,read
00031_Trade_Operations_Guide_v9.7,USER00246,read
02066_Liquidity_Risk_Policy_v6.3,USER00246,read
00658_Credit_Risk_Methodology_v3.4,USER00246,read
01349_Compliance_Policy_v2.9,USER00247,read
00362_Operational_Risk_Standard_v6.8,USER00247,read
00437_Compliance_Policy_v4.0,USER00247,read
01427_AML_Escalation_Procedure_v4.2,USER00247,read
01332_Customer_Risk_Rating_Manual_v6.3,USER00247,read
02264_Payment_Processing_Procedure_v9.5,USER00247,read
01002_Liquidity_Risk_Policy_v4.8,USER00247,read
01535_Portfolio_Risk_Procedure_v8.9,USER00247,read
00538_Operational_Risk_Standard_v1.8,USER00247,read
00333_Regulatory_Change_Procedure_v6.7,USER00247,read
00601_Lending_Standards_v5.1,USER00248,read
00084_Customer_Due_Diligence_Standard_v5.9,USER00248,read
01390_Liquidity_Management_Procedure_v1.3,USER00248,read
00318_Interest_Rate_Risk_Manual_v3.9,USER00248,read
00231_Securities_Valuation_Manual_v6.8,USER00248,read
00793_Mortgage_Origination_Guide_v6.8,USER00248,read
01568_Reconciliation_Standard_v2.3,USER00248,read
02159_Portfolio_Risk_Procedure_v3.9,USER00248,read
00045_Record_Retention_Standard_v3.3,USER00248,read
00021_Record_Retention_Standard_v4.8,USER00248,read
02259_AML_Policy_v3.9,USER00249,read
02348_Customer_Due_Diligence_Standard_v4.3,USER00249,read
01185_SME_Underwriting_Procedure_v2.6,USER00249,read
00658_Credit_Risk_Methodology_v3.4,USER00249,read
01353_Credit_Policy_v5.6,USER00249,read
01934_Funding_Guide_v9.3,USER00249,read
00150_Interest_Rate_Risk_Manual_v3.8,USER00249,read
00941_Record_Retention_Standard_v3.4,USER00249,read
01222_Interest_Rate_Risk_Manual_v1.3,USER00249,read
02061_Conduct_Risk_Standard_v7.9,USER00249,read
01130_Credit_Risk_Methodology_v8.7,USER00250,read
00315_AML_Policy_v7.7,USER00250,read
00058_Credit_Risk_Methodology_v8.9,USER00250,read
00720_Reconciliation_Standard_v5.9,USER00250,read
01347_AML_Escalation_Procedure_v1.7,USER00250,read
01995_AML_Policy_v8.3,USER00250,read
02244_KYC_Policy_v4.9,USER00250,read
01046_Treasury_Policy_v6.2,USER00250,read
01309_Record_Retention_Standard_v5.5,USER00250,read
00734_Interest_Rate_Risk_Manual_v5.2,USER00250,read
00881_SME_Underwriting_Procedure_v6.9,USER00251,read
01068_Customer_Due_Diligence_Standard_v1.8,USER00251,read
00036_Beneficial_Ownership_Guide_v8.5,USER00251,read
01433_SME_Underwriting_Procedure_v8.8,USER00251,read
01830_Funding_Guide_v9.0,USER00251,read
01943_Investment_Policy_v6.3,USER00251,read
00496_Incident_Management_Procedure_v9.4,USER00251,read
02133_Conduct_Risk_Standard_v6.9,USER00251,read
01409_SME_Underwriting_Procedure_v9.8,USER00251,read
01971_AML_Policy_v2.6,USER00251,read
00998_Interest_Rate_Risk_Manual_v6.3,USER00252,read
01366_Treasury_Policy_v8.5,USER00252,read
01144_Reconciliation_Standard_v9.8,USER00252,read
02349_Compliance_Policy_v7.7,USER00252,read
00625_Credit_Policy_v5.1,USER00252,read
02224_Reconciliation_Standard_v2.7,USER00252,read
02237_Conduct_Risk_Standard_v9.9,USER00252,read
01237_Compliance_Policy_v6.1,USER00252,read
01185_SME_Underwriting_Procedure_v2.6,USER00252,read
01222_Interest_Rate_Risk_Manual_v1.3,USER00252,read
00301_Record_Retention_Standard_v8.3,USER00253,read
01898_Liquidity_Risk_Policy_v6.3,USER00253,read
01117_Compliance_Policy_v3.8,USER00253,read
02329_Mortgage_Origination_Guide_v8.4,USER00253,read
01047_Portfolio_Risk_Procedure_v6.3,USER00253,read
02149_Regulatory_Change_Procedure_v2.6,USER00253,read
00282_Credit_Risk_Methodology_v7.3,USER00253,read
00655_Investment_Policy_v5.6,USER00253,read
01187_Sanctions_Screening_Manual_v4.4,USER00253,read
02222_Interest_Rate_Risk_Manual_v2.9,USER00253,read
00431_Trade_Operations_Guide_v1.6,USER00254,read
01048_Reconciliation_Standard_v6.9,USER00254,read
00437_Compliance_Policy_v4.0,USER00254,read
00163_AML_Policy_v7.0,USER00254,read
00768_Reconciliation_Standard_v7.5,USER00254,read
01630_Interest_Rate_Risk_Manual_v9.5,USER00254,read
01983_Securities_Valuation_Manual_v2.4,USER00254,read
00451_Transaction_Monitoring_Standard_v6.1,USER00254,read
02142_Liquidity_Management_Procedure_v9.1,USER00254,read
00717_Conduct_Risk_Standard_v7.1,USER00254,read
02210_Liquidity_Risk_Policy_v2.9,USER00255,read
01877_Conduct_Risk_Standard_v6.4,USER00255,read
00955_AML_Policy_v7.0,USER00255,read
00707_AML_Escalation_Procedure_v3.9,USER00255,read
00997_Compliance_Policy_v8.5,USER00255,read
01258_Operational_Risk_Standard_v6.4,USER00255,read
02377_Credit_Policy_v9.3,USER00255,read
00712_Reconciliation_Standard_v3.8,USER00255,read
00037_Compliance_Policy_v9.3,USER00255,read
00199_Trade_Operations_Guide_v9.7,USER00255,read
00519_Securities_Valuation_Manual_v5.5,USER00256,read
01241_Lending_Standards_v4.2,USER00256,read
00463_Securities_Valuation_Manual_v2.5,USER00256,read
02070_Liquidity_Management_Procedure_v1.8,USER00256,read
00956_Beneficial_Ownership_Guide_v7.6,USER00256,read
01746_Operational_Risk_Standard_v6.1,USER00256,read
01867_Sanctions_Screening_Manual_v8.1,USER00256,read
01629_Record_Retention_Standard_v8.3,USER00256,read
01556_KYC_Policy_v5.6,USER00256,read
00368_Operations_Manual_v3.7,USER00256,read
01054_Funding_Guide_v2.6,USER00257,read
01305_Mortgage_Origination_Guide_v4.2,USER00257,read
00798_Interest_Rate_Risk_Manual_v1.1,USER00257,read
00069_Compliance_Policy_v7.9,USER00257,read
01304_Operations_Manual_v1.3,USER00257,read
02314_Liquidity_Risk_Policy_v1.7,USER00257,read
00068_KYC_Policy_v7.5,USER00257,read
00219_Sanctions_Screening_Manual_v3.4,USER00257,read
02229_Regulatory_Change_Procedure_v1.6,USER00257,read
00524_Beneficial_Ownership_Guide_v6.2,USER00257,read
01178_Credit_Risk_Methodology_v5.1,USER00258,read
02195_Sanctions_Screening_Manual_v8.4,USER00258,read
01463_Trade_Operations_Guide_v9.8,USER00258,read
01427_AML_Escalation_Procedure_v4.2,USER00258,read
00224_Payment_Processing_Procedure_v6.5,USER00258,read
01394_Liquidity_Risk_Policy_v5.9,USER00258,read
00926_Treasury_Policy_v8.9,USER00258,read
01380_Customer_Due_Diligence_Standard_v9.9,USER00258,read
02263_Portfolio_Risk_Procedure_v5.8,USER00258,read
02297_Mortgage_Origination_Guide_v1.8,USER00258,read
00220_Customer_Due_Diligence_Standard_v6.9,USER00259,read
00333_Regulatory_Change_Procedure_v6.7,USER00259,read
01588_Beneficial_Ownership_Guide_v7.6,USER00259,read
00252_KYC_Policy_v6.4,USER00259,read
00307_Transaction_Monitoring_Standard_v9.2,USER00259,read
00122_Liquidity_Risk_Policy_v7.4,USER00259,read
01237_Compliance_Policy_v6.1,USER00259,read
01361_SME_Underwriting_Procedure_v8.2,USER00259,read
02276_Beneficial_Ownership_Guide_v4.9,USER00259,read
00636_KYC_Policy_v7.1,USER00259,read
00711_Investment_Policy_v8.1,USER00260,read
01186_Market_Risk_Framework_v2.0,USER00260,read
01503_Portfolio_Risk_Procedure_v5.2,USER00260,read
01016_Reconciliation_Standard_v6.6,USER00260,read
01189_Conduct_Risk_Standard_v5.7,USER00260,read
00643_AML_Escalation_Procedure_v6.9,USER00260,read
02122_Market_Risk_Framework_v9.9,USER00260,read
00467_Transaction_Monitoring_Standard_v7.1,USER00260,read
00850_Liquidity_Risk_Policy_v7.5,USER00260,read
01096_Operations_Manual_v3.4,USER00260,read
00296_Operations_Manual_v4.3,USER00261,read
01289_Lending_Standards_v5.6,USER00261,read
01117_Compliance_Policy_v3.8,USER00261,read
01319_Portfolio_Risk_Procedure_v4.6,USER00261,read
01906_Market_Risk_Framework_v4.7,USER00261,read
01876_Customer_Risk_Rating_Manual_v7.7,USER00261,read
01186_Market_Risk_Framework_v2.0,USER00261,read
01840_Payment_Processing_Procedure_v7.1,USER00261,read
00233_SME_Underwriting_Procedure_v3.3,USER00261,read
00436_Customer_Due_Diligence_Standard_v9.9,USER00261,read
00547_AML_Escalation_Procedure_v3.9,USER00262,read
01826_Liquidity_Risk_Policy_v9.1,USER00262,read
01211_AML_Escalation_Procedure_v3.0,USER00262,read
01163_Transaction_Monitoring_Standard_v3.1,USER00262,read
00436_Customer_Due_Diligence_Standard_v9.9,USER00262,read
00894_Treasury_Policy_v7.5,USER00262,read
00570_Credit_Risk_Methodology_v5.2,USER00262,read
01373_Conduct_Risk_Standard_v1.3,USER00262,read
01034_Credit_Risk_Methodology_v6.5,USER00262,read
00742_Interest_Rate_Risk_Manual_v8.8,USER00262,read
00605_Record_Retention_Standard_v1.5,USER00263,read
01192_Payment_Processing_Procedure_v5.0,USER00263,read
00184_Incident_Management_Procedure_v4.5,USER00263,read
01449_SME_Underwriting_Procedure_v3.5,USER00263,read
02043_AML_Policy_v7.0,USER00263,read
00653_Compliance_Policy_v1.3,USER00263,read
00063_Securities_Valuation_Manual_v5.7,USER00263,read
00401_Mortgage_Origination_Guide_v9.4,USER00263,read
02142_Liquidity_Management_Procedure_v9.1,USER00263,read
00612_Beneficial_Ownership_Guide_v2.3,USER00263,read
00607_Trade_Operations_Guide_v8.3,USER00264,read
02073_Credit_Policy_v1.2,USER00264,read
01434_Liquidity_Risk_Policy_v4.8,USER00264,read
00130_Operational_Risk_Standard_v9.5,USER00264,read
02258_Market_Risk_Framework_v8.9,USER00264,read
00639_Trade_Operations_Guide_v8.9,USER00264,read
00869_Compliance_Policy_v9.7,USER00264,read
00775_Investment_Policy_v9.1,USER00264,read
01570_Liquidity_Risk_Policy_v9.1,USER00264,read
00790_Funding_Guide_v4.2,USER00264,read
00406_Funding_Guide_v6.2,USER00265,read
00844_Customer_Risk_Rating_Manual_v6.4,USER00265,read
02210_Liquidity_Risk_Policy_v2.9,USER00265,read
01124_Beneficial_Ownership_Guide_v3.0,USER00265,read
00254_Liquidity_Management_Procedure_v1.5,USER00265,read
00887_Portfolio_Risk_Procedure_v5.1,USER00265,read
01006_Liquidity_Management_Procedure_v6.1,USER00265,read
02275_Sanctions_Screening_Manual_v2.7,USER00265,read
02182_Liquidity_Management_Procedure_v9.7,USER00265,read
00537_Credit_Policy_v9.4,USER00265,read
00186_Liquidity_Risk_Policy_v9.1,USER00266,read
02253_Conduct_Risk_Standard_v6.3,USER00266,read
00864_Incident_Management_Procedure_v9.6,USER00266,read
01202_Operational_Risk_Standard_v3.7,USER00266,read
02381_Regulatory_Change_Procedure_v2.6,USER00266,read
00903_Portfolio_Risk_Procedure_v4.7,USER00266,read
00054_Liquidity_Management_Procedure_v4.6,USER00266,read
00933_Regulatory_Change_Procedure_v4.6,USER00266,read
00154_Liquidity_Risk_Policy_v1.2,USER00266,read
02356_Customer_Due_Diligence_Standard_v1.4,USER00266,read
00509_Regulatory_Change_Procedure_v1.5,USER00267,read
00637_Compliance_Policy_v4.9,USER00267,read
01751_Investment_Policy_v2.3,USER00267,read
00199_Trade_Operations_Guide_v9.7,USER00267,read
00602_Operational_Risk_Standard_v4.5,USER00267,read
01867_Sanctions_Screening_Manual_v8.1,USER00267,read
00314_Credit_Risk_Methodology_v9.2,USER00267,read
01172_KYC_Policy_v6.3,USER00267,read
01087_Portfolio_Risk_Procedure_v8.3,USER00267,read
01826_Liquidity_Risk_Policy_v9.1,USER00267,read
00203_AML_Policy_v2.5,USER00268,read
02148_Beneficial_Ownership_Guide_v3.9,USER00268,read
00932_KYC_Policy_v4.1,USER00268,read
01610_Operational_Risk_Standard_v6.5,USER00268,read
01089_Mortgage_Origination_Guide_v1.6,USER00268,read
02322_Credit_Risk_Methodology_v8.3,USER00268,read
02228_Customer_Due_Diligence_Standard_v7.4,USER00268,read
01822_Funding_Guide_v1.9,USER00268,read
01371_Sanctions_Screening_Manual_v6.9,USER00268,read
01428_Customer_Due_Diligence_Standard_v2.3,USER00268,read
00624_Reconciliation_Standard_v9.6,USER00269,read
01050_Liquidity_Risk_Policy_v8.4,USER00269,read
00714_Credit_Risk_Methodology_v8.6,USER00269,read
00514_Market_Risk_Framework_v3.4,USER00269,read
01408_Reconciliation_Standard_v1.4,USER00269,read
02304_Operations_Manual_v2.8,USER00269,read
02038_Treasury_Policy_v4.7,USER00269,read
00150_Interest_Rate_Risk_Manual_v3.8,USER00269,read
01547_Sanctions_Screening_Manual_v8.2,USER00269,read
01658_Liquidity_Risk_Policy_v3.2,USER00269,read
01006_Liquidity_Management_Procedure_v6.1,USER00270,read
00252_KYC_Policy_v6.4,USER00270,read
01802_Liquidity_Risk_Policy_v7.0,USER00270,read
01065_Mortgage_Origination_Guide_v8.7,USER00270,read
00904_Incident_Management_Procedure_v5.6,USER00270,read
00424_Incident_Management_Procedure_v9.6,USER00270,read
01534_Interest_Rate_Risk_Manual_v1.6,USER00270,read
00651_Sanctions_Screening_Manual_v2.0,USER00270,read
00882_Credit_Risk_Methodology_v4.4,USER00270,read
01717_Compliance_Policy_v7.4,USER00270,read
01128_Incident_Management_Procedure_v7.1,USER00271,read
01563_Sanctions_Screening_Manual_v3.2,USER00271,read
02241_Credit_Policy_v6.5,USER00271,read
01966_Liquidity_Management_Procedure_v2.5,USER00271,read
01970_Liquidity_Risk_Policy_v5.3,USER00271,read
00574_Funding_Guide_v4.9,USER00271,read
00064_Operations_Manual_v3.2,USER00271,read
00781_Regulatory_Change_Procedure_v7.3,USER00271,read
02169_Lending_Standards_v2.3,USER00271,read
01007_Securities_Valuation_Manual_v6.4,USER00271,read
01117_Compliance_Policy_v3.8,USER00272,read
01658_Liquidity_Risk_Policy_v3.2,USER00272,read
00440_Operations_Manual_v5.0,USER00272,read
01404_Beneficial_Ownership_Guide_v9.0,USER00272,read
00670_Interest_Rate_Risk_Manual_v1.8,USER00272,read
01710_Funding_Guide_v1.7,USER00272,read
01184_Operations_Manual_v3.0,USER00272,read
02168_Incident_Management_Procedure_v2.9,USER00272,read
02119_Portfolio_Risk_Procedure_v2.3,USER00272,read
00912_Reconciliation_Standard_v3.2,USER00272,read
02136_Payment_Processing_Procedure_v2.3,USER00273,read
01001_Lending_Standards_v9.3,USER00273,read
02383_Securities_Valuation_Manual_v2.9,USER00273,read
02084_Customer_Due_Diligence_Standard_v6.6,USER00273,read
01674_Market_Risk_Framework_v2.9,USER00273,read
01211_AML_Escalation_Procedure_v3.0,USER00273,read
00238_Funding_Guide_v3.8,USER00273,read
02282_Operational_Risk_Standard_v1.6,USER00273,read
01399_Portfolio_Risk_Procedure_v3.7,USER00273,read
01554_Operational_Risk_Standard_v2.0,USER00273,read
01623_Portfolio_Risk_Procedure_v2.7,USER00274,read
00346_Operational_Risk_Standard_v6.9,USER00274,read
00486_Funding_Guide_v6.7,USER00274,read
01207_Investment_Policy_v1.0,USER00274,read
01027_Sanctions_Screening_Manual_v3.5,USER00274,read
00074_Liquidity_Risk_Policy_v6.2,USER00274,read
02176_Payment_Processing_Procedure_v3.9,USER00274,read
01328_Operations_Manual_v2.4,USER00274,read
00896_Payment_Processing_Procedure_v1.6,USER00274,read
00259_Sanctions_Screening_Manual_v6.9,USER00274,read
00450_Credit_Risk_Methodology_v5.1,USER00275,read
01918_Liquidity_Management_Procedure_v1.0,USER00275,read
01266_Credit_Risk_Methodology_v8.6,USER00275,read
00475_AML_Escalation_Procedure_v8.6,USER00275,read
00504_Reconciliation_Standard_v1.5,USER00275,read
01730_Market_Risk_Framework_v9.9,USER00275,read
01362_Operational_Risk_Standard_v8.9,USER00275,read
01292_KYC_Policy_v8.2,USER00275,read
00037_Compliance_Policy_v9.3,USER00275,read
00053_Conduct_Risk_Standard_v9.4,USER00275,read
01064_Payment_Processing_Procedure_v7.0,USER00276,read
00722_Liquidity_Risk_Policy_v2.4,USER00276,read
01338_Market_Risk_Framework_v8.4,USER00276,read
02357_Record_Retention_Standard_v6.9,USER00276,read
01165_Compliance_Policy_v5.4,USER00276,read
01077_Record_Retention_Standard_v3.5,USER00276,read
02126_Liquidity_Management_Procedure_v7.7,USER00276,read
00707_AML_Escalation_Procedure_v3.9,USER00276,read
00914_Market_Risk_Framework_v7.5,USER00276,read
01848_Incident_Management_Procedure_v3.3,USER00276,read
02383_Securities_Valuation_Manual_v2.9,USER00277,read
01445_Conduct_Risk_Standard_v1.4,USER00277,read
01665_Mortgage_Origination_Guide_v7.4,USER00277,read
01469_Record_Retention_Standard_v1.5,USER00277,read
01997_Regulatory_Change_Procedure_v1.1,USER00277,read
02399_Trade_Operations_Guide_v3.5,USER00277,read
00932_KYC_Policy_v4.1,USER00277,read
00497_Credit_Policy_v1.3,USER00277,read
01380_Customer_Due_Diligence_Standard_v9.9,USER00277,read
00098_Liquidity_Risk_Policy_v8.1,USER00277,read
00533_Record_Retention_Standard_v3.2,USER00278,read
01352_Payment_Processing_Procedure_v2.7,USER00278,read
01346_Credit_Risk_Methodology_v5.3,USER00278,read
00930_Operational_Risk_Standard_v2.0,USER00278,read
00827_Sanctions_Screening_Manual_v3.0,USER00278,read
02007_Securities_Valuation_Manual_v1.8,USER00278,read
01573_Compliance_Policy_v3.8,USER00278,read
01718_Liquidity_Management_Procedure_v7.2,USER00278,read
00094_Liquidity_Management_Procedure_v4.2,USER00278,read
02108_KYC_Policy_v8.7,USER00278,read
01509_Regulatory_Change_Procedure_v4.2,USER00279,read
01661_Record_Retention_Standard_v2.4,USER00279,read
01680_Operations_Manual_v6.1,USER00279,read
02095_Trade_Operations_Guide_v1.5,USER00279,read
00482_Operational_Risk_Standard_v4.1,USER00279,read
00319_Trade_Operations_Guide_v2.0,USER00279,read
02033_Credit_Policy_v4.1,USER00279,read
00701_Compliance_Policy_v6.7,USER00279,read
02288_Reconciliation_Standard_v4.1,USER00279,read
00866_Liquidity_Risk_Policy_v8.8,USER00279,read
00742_Interest_Rate_Risk_Manual_v8.8,USER00280,read
01813_Regulatory_Change_Procedure_v6.5,USER00280,read
00363_AML_Policy_v5.3,USER00280,read
00495_Securities_Valuation_Manual_v3.8,USER00280,read
02099_AML_Escalation_Procedure_v6.0,USER00280,read
02149_Regulatory_Change_Procedure_v2.6,USER00280,read
01570_Liquidity_Risk_Policy_v9.1,USER00280,read
02128_Incident_Management_Procedure_v7.9,USER00280,read
00905_Lending_Standards_v9.7,USER00280,read
01847_Trade_Operations_Guide_v8.9,USER00280,read
02099_AML_Escalation_Procedure_v6.0,USER00281,read
00952_Incident_Management_Procedure_v6.3,USER00281,read
00646_Treasury_Policy_v2.0,USER00281,read
01833_Lending_Standards_v7.0,USER00281,read
01554_Operational_Risk_Standard_v2.0,USER00281,read
01287_Investment_Policy_v3.4,USER00281,read
01438_Funding_Guide_v4.5,USER00281,read
00994_Credit_Risk_Methodology_v1.9,USER00281,read
00720_Reconciliation_Standard_v5.9,USER00281,read
01262_Funding_Guide_v2.0,USER00281,read
00242_Liquidity_Risk_Policy_v5.9,USER00282,read
02101_Record_Retention_Standard_v1.8,USER00282,read
01965_Record_Retention_Standard_v6.6,USER00282,read
01781_Compliance_Policy_v7.5,USER00282,read
00140_KYC_Policy_v5.2,USER00282,read
00739_AML_Policy_v6.1,USER00282,read
00561_Lending_Standards_v3.0,USER00282,read
01301_Compliance_Policy_v6.0,USER00282,read
00452_Beneficial_Ownership_Guide_v6.4,USER00282,read
00317_Record_Retention_Standard_v9.0,USER00282,read
01968_Reconciliation_Standard_v4.7,USER00283,read
00103_Trade_Operations_Guide_v9.0,USER00283,read
00744_Operations_Manual_v9.5,USER00283,read
01483_Sanctions_Screening_Manual_v2.5,USER00283,read
01601_Mortgage_Origination_Guide_v3.5,USER00283,read
01813_Regulatory_Change_Procedure_v6.5,USER00283,read
02081_Credit_Policy_v8.7,USER00283,read
01618_Operational_Risk_Standard_v6.4,USER00283,read
01909_Conduct_Risk_Standard_v9.4,USER00283,read
01786_Credit_Risk_Methodology_v9.1,USER00283,read
00518_Funding_Guide_v3.8,USER00284,read
02045_Regulatory_Change_Procedure_v4.6,USER00284,read
00669_Regulatory_Change_Procedure_v5.7,USER00284,read
02151_Securities_Valuation_Manual_v3.0,USER00284,read
01430_Funding_Guide_v9.2,USER00284,read
00308_Customer_Risk_Rating_Manual_v3.1,USER00284,read
01719_Trade_Operations_Guide_v8.6,USER00284,read
01543_Investment_Policy_v2.6,USER00284,read
01970_Liquidity_Risk_Policy_v5.3,USER00284,read
01628_Customer_Due_Diligence_Standard_v3.6,USER00284,read
00665_SME_Underwriting_Procedure_v7.3,USER00285,read
01176_Operations_Manual_v4.0,USER00285,read
02296_Payment_Processing_Procedure_v5.8,USER00285,read
00502_Interest_Rate_Risk_Manual_v8.2,USER00285,read
01649_Mortgage_Origination_Guide_v9.9,USER00285,read
01200_Reconciliation_Standard_v4.4,USER00285,read
01140_Customer_Due_Diligence_Standard_v1.8,USER00285,read
01202_Operational_Risk_Standard_v3.7,USER00285,read
01087_Portfolio_Risk_Procedure_v8.3,USER00285,read
01907_Sanctions_Screening_Manual_v6.7,USER00285,read
02071_Securities_Valuation_Manual_v4.8,USER00286,read
01340_Customer_Due_Diligence_Standard_v4.6,USER00286,read
00208_Payment_Processing_Procedure_v9.5,USER00286,read
01942_Liquidity_Management_Procedure_v7.8,USER00286,read
00421_Record_Retention_Standard_v3.5,USER00286,read
00910_Funding_Guide_v2.7,USER00286,read
00780_Beneficial_Ownership_Guide_v4.1,USER00286,read
01240_Operations_Manual_v5.2,USER00286,read
00765_Regulatory_Change_Procedure_v2.0,USER00286,read
01333_Record_Retention_Standard_v9.2,USER00286,read
00263_Trade_Operations_Guide_v2.8,USER00287,read
02096_Incident_Management_Procedure_v7.1,USER00287,read
01409_SME_Underwriting_Procedure_v9.8,USER00287,read
01206_Treasury_Policy_v9.2,USER00287,read
02246_Funding_Guide_v1.0,USER00287,read
02117_Conduct_Risk_Standard_v3.8,USER00287,read
00377_Mortgage_Origination_Guide_v6.9,USER00287,read
01520_Incident_Management_Procedure_v7.0,USER00287,read
01938_Operational_Risk_Standard_v5.4,USER00287,read
01692_KYC_Policy_v9.0,USER00287,read
01829_Compliance_Policy_v9.7,USER00288,read
00295_Investment_Policy_v3.1,USER00288,read
01936_Reconciliation_Standard_v9.7,USER00288,read
01550_Funding_Guide_v9.8,USER00288,read
00702_Interest_Rate_Risk_Manual_v4.5,USER00288,read
01767_Securities_Valuation_Manual_v6.9,USER00288,read
00638_Interest_Rate_Risk_Manual_v9.9,USER00288,read
00009_SME_Underwriting_Procedure_v2.9,USER00288,read
01826_Liquidity_Risk_Policy_v9.1,USER00288,read
00447_Securities_Valuation_Manual_v1.9,USER00288,read
01121_Credit_Policy_v5.0,USER00289,read
00262_Liquidity_Management_Procedure_v9.2,USER00289,read
02060_Customer_Risk_Rating_Manual_v7.4,USER00289,read
02024_Reconciliation_Standard_v1.1,USER00289,read
00377_Mortgage_Origination_Guide_v6.9,USER00289,read
01002_Liquidity_Risk_Policy_v4.8,USER00289,read
01566_Interest_Rate_Risk_Manual_v7.7,USER00289,read
02162_Operational_Risk_Standard_v6.3,USER00289,read
02282_Operational_Risk_Standard_v1.6,USER00289,read
01735_Securities_Valuation_Manual_v2.3,USER00289,read
02002_Market_Risk_Framework_v3.6,USER00290,read
00397_Conduct_Risk_Standard_v7.4,USER00290,read
01987_AML_Escalation_Procedure_v5.4,USER00290,read
01479_Securities_Valuation_Manual_v3.4,USER00290,read
00358_Treasury_Policy_v7.5,USER00290,read
01235_AML_Policy_v2.3,USER00290,read
02227_AML_Policy_v3.8,USER00290,read
00354_Operational_Risk_Standard_v3.7,USER00290,read
00611_AML_Policy_v7.3,USER00290,read
01616_Reconciliation_Standard_v6.9,USER00290,read
01531_AML_Policy_v7.1,USER00291,read
00644_Customer_Due_Diligence_Standard_v6.5,USER00291,read
01288_Reconciliation_Standard_v8.7,USER00291,read
01517_Conduct_Risk_Standard_v7.7,USER00291,read
01228_Beneficial_Ownership_Guide_v8.6,USER00291,read
02292_KYC_Policy_v1.6,USER00291,read
01643_Sanctions_Screening_Manual_v9.1,USER00291,read
00565_Compliance_Policy_v9.4,USER00291,read
00108_Beneficial_Ownership_Guide_v9.4,USER00291,read
01356_KYC_Policy_v8.5,USER00291,read
00131_AML_Escalation_Procedure_v6.4,USER00292,read
01497_Mortgage_Origination_Guide_v5.1,USER00292,read
01060_KYC_Policy_v7.0,USER00292,read
01746_Operational_Risk_Standard_v6.1,USER00292,read
01949_Conduct_Risk_Standard_v1.9,USER00292,read
01587_Sanctions_Screening_Manual_v1.3,USER00292,read
01290_Operational_Risk_Standard_v7.7,USER00292,read
02098_Market_Risk_Framework_v3.2,USER00292,read
00478_Treasury_Policy_v5.5,USER00292,read
00368_Operations_Manual_v3.7,USER00292,read
01836_Beneficial_Ownership_Guide_v9.1,USER00293,read
01131_AML_Policy_v6.9,USER00293,read
02252_Customer_Risk_Rating_Manual_v3.2,USER00293,read
02060_Customer_Risk_Rating_Manual_v7.4,USER00293,read
01666_Credit_Risk_Methodology_v6.8,USER00293,read
02168_Incident_Management_Procedure_v2.9,USER00293,read
00144_Reconciliation_Standard_v8.0,USER00293,read
01945_Lending_Standards_v6.1,USER00293,read
01270_Funding_Guide_v2.5,USER00293,read
01034_Credit_Risk_Methodology_v6.5,USER00293,read
00204_Customer_Due_Diligence_Standard_v8.5,USER00294,read
00969_Lending_Standards_v9.5,USER00294,read
00202_Market_Risk_Framework_v7.1,USER00294,read
01248_Reconciliation_Standard_v2.6,USER00294,read
00301_Record_Retention_Standard_v8.3,USER00294,read
02195_Sanctions_Screening_Manual_v8.4,USER00294,read
02098_Market_Risk_Framework_v3.2,USER00294,read
00506_Market_Risk_Framework_v9.2,USER00294,read
00064_Operations_Manual_v3.2,USER00294,read
01505_SME_Underwriting_Procedure_v8.6,USER00294,read
00185_Mortgage_Origination_Guide_v3.3,USER00295,read
01194_Credit_Risk_Methodology_v3.0,USER00295,read
01547_Sanctions_Screening_Manual_v8.2,USER00295,read
01917_Compliance_Policy_v3.8,USER00295,read
01400_Reconciliation_Standard_v8.8,USER00295,read
02310_Funding_Guide_v4.5,USER00295,read
00453_Compliance_Policy_v8.3,USER00295,read
01756_Beneficial_Ownership_Guide_v8.5,USER00295,read
00339_Transaction_Monitoring_Standard_v5.0,USER00295,read
00848_Operations_Manual_v3.1,USER00295,read
01612_Customer_Risk_Rating_Manual_v7.1,USER00296,read
02398_Treasury_Policy_v6.9,USER00296,read
00305_Mortgage_Origination_Guide_v2.0,USER00296,read
01493_Compliance_Policy_v2.2,USER00296,read
02390_Interest_Rate_Risk_Manual_v2.9,USER00296,read
02113_Lending_Standards_v6.5,USER00296,read
00173_Compliance_Policy_v8.9,USER00296,read
01053_Regulatory_Change_Procedure_v6.6,USER00296,read
02080_Incident_Management_Procedure_v3.6,USER00296,read
02348_Customer_Due_Diligence_Standard_v4.3,USER00296,read
01760_Incident_Management_Procedure_v6.0,USER00297,read
01939_Transaction_Monitoring_Standard_v1.3,USER00297,read
01126_Liquidity_Management_Procedure_v4.0,USER00297,read
00506_Market_Risk_Framework_v9.2,USER00297,read
01828_Customer_Risk_Rating_Manual_v4.9,USER00297,read
02303_Trade_Operations_Guide_v5.1,USER00297,read
01794_Market_Risk_Framework_v5.7,USER00297,read
01627_AML_Policy_v7.0,USER00297,read
01351_Securities_Valuation_Manual_v2.1,USER00297,read
01901_Compliance_Policy_v8.7,USER00297,read
00789_Record_Retention_Standard_v2.7,USER00298,read
01734_Interest_Rate_Risk_Manual_v2.2,USER00298,read
00520_Incident_Management_Procedure_v9.8,USER00298,read
00529_Lending_Standards_v9.3,USER00298,read
02109_Record_Retention_Standard_v9.7,USER00298,read
00313_Mortgage_Origination_Guide_v4.5,USER00298,read
00275_AML_Policy_v9.9,USER00298,read
01467_Transaction_Monitoring_Standard_v3.4,USER00298,read
01960_Payment_Processing_Procedure_v9.9,USER00298,read
00415_Investment_Policy_v6.9,USER00298,read
01993_Mortgage_Origination_Guide_v4.1,USER00299,read
00477_Conduct_Risk_Standard_v1.2,USER00299,read
01346_Credit_Risk_Methodology_v5.3,USER00299,read
02191_Securities_Valuation_Manual_v7.8,USER00299,read
00565_Compliance_Policy_v9.4,USER00299,read
00829_Compliance_Policy_v3.8,USER00299,read
00828_Beneficial_Ownership_Guide_v5.8,USER00299,read
02376_Operations_Manual_v6.9,USER00299,read
01824_Operations_Manual_v5.7,USER00299,read
00043_AML_Policy_v6.9,USER00299,read
01568_Reconciliation_Standard_v2.3,USER00300,read
01013_Record_Retention_Standard_v4.9,USER00300,read
01002_Liquidity_Risk_Policy_v4.8,USER00300,read
01349_Compliance_Policy_v2.9,USER00300,read
01779_AML_Escalation_Procedure_v5.2,USER00300,read
00604_KYC_Policy_v8.3,USER00300,read
00889_Mortgage_Origination_Guide_v6.6,USER00300,read
01694_Treasury_Policy_v7.8,USER00300,read
02065_Credit_Policy_v8.2,USER00300,read
00354_Operational_Risk_Standard_v3.7,USER00300,read
01996_Customer_Due_Diligence_Standard_v5.0,USER00301,read
01054_Funding_Guide_v2.6,USER00301,read
00362_Operational_Risk_Standard_v6.8,USER00301,read
01449_SME_Underwriting_Procedure_v3.5,USER00301,read
00525_Regulatory_Change_Procedure_v6.7,USER00301,read
02029_Conduct_Risk_Standard_v2.7,USER00301,read
02331_AML_Policy_v1.8,USER00301,read
00524_Beneficial_Ownership_Guide_v6.2,USER00301,read
01779_AML_Escalation_Procedure_v5.2,USER00301,read
01027_Sanctions_Screening_Manual_v3.5,USER00301,read
01333_Record_Retention_Standard_v9.2,USER00302,read
00320_Payment_Processing_Procedure_v8.5,USER00302,read
00804_Beneficial_Ownership_Guide_v7.9,USER00302,read
00362_Operational_Risk_Standard_v6.8,USER00302,read
00371_Sanctions_Screening_Manual_v3.4,USER00302,read
01367_Trade_Operations_Guide_v3.9,USER00302,read
01500_Beneficial_Ownership_Guide_v1.1,USER00302,read
01948_Beneficial_Ownership_Guide_v2.5,USER00302,read
01427_AML_Escalation_Procedure_v4.2,USER00302,read
00830_Interest_Rate_Risk_Manual_v2.8,USER00302,read
01078_Funding_Guide_v7.8,USER00303,read
02159_Portfolio_Risk_Procedure_v3.9,USER00303,read
01253_Record_Retention_Standard_v2.4,USER00303,read
00771_AML_Escalation_Procedure_v3.0,USER00303,read
02388_Customer_Due_Diligence_Standard_v6.8,USER00303,read
01644_Customer_Risk_Rating_Manual_v3.1,USER00303,read
02192_Reconciliation_Standard_v8.1,USER00303,read
00473_Credit_Policy_v1.2,USER00303,read
00571_Sanctions_Screening_Manual_v4.3,USER00303,read
02171_Transaction_Monitoring_Standard_v3.0,USER00303,read
00957_Regulatory_Change_Procedure_v7.7,USER00304,read
02380_Beneficial_Ownership_Guide_v2.9,USER00304,read
00340_KYC_Policy_v4.3,USER00304,read
01059_Transaction_Monitoring_Standard_v3.9,USER00304,read
01439_Portfolio_Risk_Procedure_v8.7,USER00304,read
00599_Trade_Operations_Guide_v7.3,USER00304,read
01810_Credit_Risk_Methodology_v6.5,USER00304,read
01247_Portfolio_Risk_Procedure_v7.6,USER00304,read
02152_Payment_Processing_Procedure_v7.2,USER00304,read
01253_Record_Retention_Standard_v2.4,USER00304,read
02158_Liquidity_Management_Procedure_v8.8,USER00305,read
02160_Operations_Manual_v3.5,USER00305,read
01996_Customer_Due_Diligence_Standard_v5.0,USER00305,read
00673_Lending_Standards_v2.1,USER00305,read
01137_Credit_Policy_v3.6,USER00305,read
02060_Customer_Risk_Rating_Manual_v7.4,USER00305,read
01801_Credit_Policy_v1.5,USER00305,read
00073_Credit_Policy_v3.3,USER00305,read
00780_Beneficial_Ownership_Guide_v4.1,USER00305,read
02266_Credit_Risk_Methodology_v2.1,USER00305,read
01999_Trade_Operations_Guide_v4.9,USER00306,read
02178_Liquidity_Risk_Policy_v3.9,USER00306,read
01477_Record_Retention_Standard_v7.7,USER00306,read
00788_KYC_Policy_v7.0,USER00306,read
01760_Incident_Management_Procedure_v6.0,USER00306,read
02082_Market_Risk_Framework_v5.0,USER00306,read
02375_Investment_Policy_v7.5,USER00306,read
02237_Conduct_Risk_Standard_v9.9,USER00306,read
01372_KYC_Policy_v2.2,USER00306,read
01828_Customer_Risk_Rating_Manual_v4.9,USER00306,read
02067_AML_Policy_v6.6,USER00307,read
00018_Credit_Risk_Methodology_v9.8,USER00307,read
00041_Mortgage_Origination_Guide_v5.0,USER00307,read
00457_Mortgage_Origination_Guide_v7.6,USER00307,read
01344_Incident_Management_Procedure_v2.2,USER00307,read
00627_AML_Escalation_Procedure_v2.9,USER00307,read
02212_Customer_Due_Diligence_Standard_v2.1,USER00307,read
01226_Market_Risk_Framework_v8.9,USER00307,read
02203_Sanctions_Screening_Manual_v1.0,USER00307,read
00312_Incident_Management_Procedure_v6.2,USER00307,read
01069_Compliance_Policy_v7.4,USER00308,read
00918_Funding_Guide_v2.0,USER00308,read
01568_Reconciliation_Standard_v2.3,USER00308,read
00701_Compliance_Policy_v6.7,USER00308,read
00045_Record_Retention_Standard_v3.3,USER00308,read
00461_Conduct_Risk_Standard_v7.2,USER00308,read
01932_KYC_Policy_v3.3,USER00308,read
01858_Liquidity_Risk_Policy_v3.4,USER00308,read
00319_Trade_Operations_Guide_v2.0,USER00308,read
00377_Mortgage_Origination_Guide_v6.9,USER00308,read
00045_Record_Retention_Standard_v3.3,USER00309,read
01937_Credit_Policy_v8.6,USER00309,read
00494_Interest_Rate_Risk_Manual_v9.3,USER00309,read
00046_Interest_Rate_Risk_Manual_v7.3,USER00309,read
01977_Lending_Standards_v8.7,USER00309,read
00353_Lending_Standards_v9.7,USER00309,read
01124_Beneficial_Ownership_Guide_v3.0,USER00309,read
00389_Compliance_Policy_v1.3,USER00309,read
01444_Customer_Risk_Rating_Manual_v7.6,USER00309,read
01724_Customer_Due_Diligence_Standard_v7.9,USER00309,read
01066_Operational_Risk_Standard_v5.2,USER00310,read
01194_Credit_Risk_Methodology_v3.0,USER00310,read
01830_Funding_Guide_v9.0,USER00310,read
01557_Record_Retention_Standard_v7.1,USER00310,read
01309_Record_Retention_Standard_v5.5,USER00310,read
01338_Market_Risk_Framework_v8.4,USER00310,read
00889_Mortgage_Origination_Guide_v6.6,USER00310,read
01693_Regulatory_Change_Procedure_v6.0,USER00310,read
01958_Funding_Guide_v2.8,USER00310,read
01108_Beneficial_Ownership_Guide_v6.3,USER00310,read
02368_Operations_Manual_v2.8,USER00311,read
01457_SME_Underwriting_Procedure_v9.1,USER00311,read
02331_AML_Policy_v1.8,USER00311,read
02267_AML_Escalation_Procedure_v2.7,USER00311,read
01659_Sanctions_Screening_Manual_v9.8,USER00311,read
01892_Beneficial_Ownership_Guide_v1.5,USER00311,read
02156_Beneficial_Ownership_Guide_v5.4,USER00311,read
00867_AML_Escalation_Procedure_v2.8,USER00311,read
02216_Payment_Processing_Procedure_v3.1,USER00311,read
00666_Operational_Risk_Standard_v6.7,USER00311,read
00360_Payment_Processing_Procedure_v7.4,USER00312,read
01004_Customer_Risk_Rating_Manual_v5.1,USER00312,read
01047_Portfolio_Risk_Procedure_v6.3,USER00312,read
01096_Operations_Manual_v3.4,USER00312,read
02297_Mortgage_Origination_Guide_v1.8,USER00312,read
01164_Customer_Risk_Rating_Manual_v3.5,USER00312,read
02368_Operations_Manual_v2.8,USER00312,read
02388_Customer_Due_Diligence_Standard_v6.8,USER00312,read
01546_Operational_Risk_Standard_v5.7,USER00312,read
01938_Operational_Risk_Standard_v5.4,USER00312,read
01418_Operational_Risk_Standard_v2.2,USER00313,read
00907_Sanctions_Screening_Manual_v6.6,USER00313,read
01387_Sanctions_Screening_Manual_v9.4,USER00313,read
00980_Customer_Risk_Rating_Manual_v3.6,USER00313,read
01806_Funding_Guide_v8.6,USER00313,read
01661_Record_Retention_Standard_v2.4,USER00313,read
00373_Regulatory_Change_Procedure_v3.0,USER00313,read
00121_SME_Underwriting_Procedure_v1.7,USER00313,read
00032_Operations_Manual_v6.0,USER00313,read
01672_Incident_Management_Procedure_v5.8,USER00313,read
01549_Regulatory_Change_Procedure_v3.9,USER00314,read
02198_Treasury_Policy_v9.0,USER00314,read
02034_Credit_Risk_Methodology_v8.9,USER00314,read
00966_Funding_Guide_v2.5,USER00314,read
01189_Conduct_Risk_Standard_v5.7,USER00314,read
01701_Compliance_Policy_v8.2,USER00314,read
01324_Customer_Risk_Rating_Manual_v5.3,USER00314,read
00329_Mortgage_Origination_Guide_v2.5,USER00314,read
01013_Record_Retention_Standard_v4.9,USER00314,read
01301_Compliance_Policy_v6.0,USER00314,read
01321_Credit_Policy_v5.3,USER00315,read
02200_Operations_Manual_v9.3,USER00315,read
02382_Interest_Rate_Risk_Manual_v7.6,USER00315,read
02363_AML_Escalation_Procedure_v1.5,USER00315,read
00445_Conduct_Risk_Standard_v9.9,USER00315,read
02060_Customer_Risk_Rating_Manual_v7.4,USER00315,read
00528_Reconciliation_Standard_v8.8,USER00315,read
00396_KYC_Policy_v7.5,USER00315,read
00657_Lending_Standards_v7.4,USER00315,read
00948_KYC_Policy_v9.0,USER00315,read
01861_Record_Retention_Standard_v2.7,USER00316,read
02319_Investment_Policy_v9.9,USER00316,read
00233_SME_Underwriting_Procedure_v3.3,USER00316,read
02071_Securities_Valuation_Manual_v4.8,USER00316,read
01188_KYC_Policy_v1.9,USER00316,read
00427_Sanctions_Screening_Manual_v6.1,USER00316,read
00652_KYC_Policy_v6.7,USER00316,read
02326_Funding_Guide_v5.8,USER00316,read
01132_Customer_Due_Diligence_Standard_v1.1,USER00316,read
00057_SME_Underwriting_Procedure_v2.3,USER00316,read
02142_Liquidity_Management_Procedure_v9.1,USER00317,read
00518_Funding_Guide_v3.8,USER00317,read
00992_Incident_Management_Procedure_v4.9,USER00317,read
00274_Liquidity_Risk_Policy_v4.4,USER00317,read
00523_AML_Policy_v5.1,USER00317,read
00511_Securities_Valuation_Manual_v6.8,USER00317,read
01176_Operations_Manual_v4.0,USER00317,read
01803_AML_Escalation_Procedure_v4.1,USER00317,read
01200_Reconciliation_Standard_v4.4,USER00317,read
01978_Operational_Risk_Standard_v3.0,USER00317,read
00863_Portfolio_Risk_Procedure_v2.5,USER00318,read
00591_Securities_Valuation_Manual_v2.6,USER00318,read
00407_Portfolio_Risk_Procedure_v3.2,USER00318,read
01722_Operational_Risk_Standard_v2.8,USER00318,read
02238_Liquidity_Management_Procedure_v2.4,USER00318,read
01097_Lending_Standards_v1.1,USER00318,read
02113_Lending_Standards_v6.5,USER00318,read
01555_AML_Escalation_Procedure_v5.8,USER00318,read
00427_Sanctions_Screening_Manual_v6.1,USER00318,read
00805_Record_Retention_Standard_v8.4,USER00318,read
00892_KYC_Policy_v3.3,USER00319,read
01739_AML_Escalation_Procedure_v2.5,USER00319,read
01030_Liquidity_Management_Procedure_v3.3,USER00319,read
02345_Lending_Standards_v1.5,USER00319,read
00632_Payment_Processing_Procedure_v4.5,USER00319,read
00137_SME_Underwriting_Procedure_v1.6,USER00319,read
00471_Portfolio_Risk_Procedure_v4.7,USER00319,read
00150_Interest_Rate_Risk_Manual_v3.8,USER00319,read
01881_Lending_Standards_v9.1,USER00319,read
00063_Securities_Valuation_Manual_v5.7,USER00319,read
01020_KYC_Policy_v7.5,USER00320,read
00534_Funding_Guide_v4.1,USER00320,read
01975_Securities_Valuation_Manual_v2.5,USER00320,read
00345_Mortgage_Origination_Guide_v2.1,USER00320,read
01209_Mortgage_Origination_Guide_v3.4,USER00320,read
00347_Sanctions_Screening_Manual_v2.8,USER00320,read
00762_Credit_Risk_Methodology_v3.0,USER00320,read
00181_Conduct_Risk_Standard_v2.8,USER00320,read
00771_AML_Escalation_Procedure_v3.0,USER00320,read
02344_Payment_Processing_Procedure_v9.5,USER00320,read
02284_Customer_Due_Diligence_Standard_v4.2,USER00321,read
02384_Reconciliation_Standard_v5.4,USER00321,read
01016_Reconciliation_Standard_v6.6,USER00321,read
01318_Funding_Guide_v5.5,USER00321,read
01881_Lending_Standards_v9.1,USER00321,read
01280_Operations_Manual_v2.7,USER00321,read
01648_Operations_Manual_v8.3,USER00321,read
01153_Credit_Policy_v1.2,USER00321,read
00716_KYC_Policy_v8.1,USER00321,read
00383_Portfolio_Risk_Procedure_v6.7,USER00321,read
02170_Credit_Risk_Methodology_v1.1,USER00322,read
00876_Beneficial_Ownership_Guide_v8.7,USER00322,read
02032_Operations_Manual_v8.6,USER00322,read
00858_Market_Risk_Framework_v8.8,USER00322,read
02400_Incident_Management_Procedure_v3.1,USER00322,read
01297_SME_Underwriting_Procedure_v2.9,USER00322,read
00973_Compliance_Policy_v7.7,USER00322,read
00961_Mortgage_Origination_Guide_v9.1,USER00322,read
01734_Interest_Rate_Risk_Manual_v2.2,USER00322,read
00232_Reconciliation_Standard_v2.2,USER00322,read
00569_SME_Underwriting_Procedure_v2.6,USER00323,read
00431_Trade_Operations_Guide_v1.6,USER00323,read
01766_Funding_Guide_v2.9,USER00323,read
01447_Trade_Operations_Guide_v2.5,USER00323,read
01639_Investment_Policy_v2.4,USER00323,read
01286_Liquidity_Management_Procedure_v4.5,USER00323,read
00930_Operational_Risk_Standard_v2.0,USER00323,read
02163_AML_Escalation_Procedure_v1.0,USER00323,read
00966_Funding_Guide_v2.5,USER00323,read
00577_SME_Underwriting_Procedure_v4.4,USER00323,read
01048_Reconciliation_Standard_v6.9,USER00324,read
01145_Lending_Standards_v5.3,USER00324,read
01171_Sanctions_Screening_Manual_v2.7,USER00324,read
01462_Liquidity_Management_Procedure_v9.7,USER00324,read
00810_Liquidity_Risk_Policy_v2.0,USER00324,read
00951_Trade_Operations_Guide_v6.4,USER00324,read
01574_Funding_Guide_v8.1,USER00324,read
01305_Mortgage_Origination_Guide_v4.2,USER00324,read
02055_Investment_Policy_v2.3,USER00324,read
00678_Liquidity_Management_Procedure_v8.7,USER00324,read
00906_Operational_Risk_Standard_v3.4,USER00325,read
02207_Trade_Operations_Guide_v7.9,USER00325,read
00486_Funding_Guide_v6.7,USER00325,read
01694_Treasury_Policy_v7.8,USER00325,read
00056_Payment_Processing_Procedure_v9.7,USER00325,read
00719_Securities_Valuation_Manual_v8.8,USER00325,read
01555_AML_Escalation_Procedure_v5.8,USER00325,read
02077_Compliance_Policy_v6.0,USER00325,read
00397_Conduct_Risk_Standard_v7.4,USER00325,read
01628_Customer_Due_Diligence_Standard_v3.6,USER00325,read
02328_Payment_Processing_Procedure_v7.4,USER00326,read
01350_Liquidity_Management_Procedure_v4.2,USER00326,read
01643_Sanctions_Screening_Manual_v9.1,USER00326,read
01809_Lending_Standards_v1.4,USER00326,read
00733_Compliance_Policy_v8.7,USER00326,read
00553_SME_Underwriting_Procedure_v2.2,USER00326,read
00481_Lending_Standards_v6.4,USER00326,read
00994_Credit_Risk_Methodology_v1.9,USER00326,read
01364_KYC_Policy_v8.7,USER00326,read
02013_Compliance_Policy_v6.2,USER00326,read
00005_Compliance_Policy_v7.1,USER00327,read
00361_Mortgage_Origination_Guide_v2.8,USER00327,read
02230_Funding_Guide_v2.6,USER00327,read
00570_Credit_Risk_Methodology_v5.2,USER00327,read
02320_Payment_Processing_Procedure_v9.7,USER00327,read
00808_Operations_Manual_v6.9,USER00327,read
01054_Funding_Guide_v2.6,USER00327,read
00486_Funding_Guide_v6.7,USER00327,read
01835_AML_Policy_v8.7,USER00327,read
02078_Liquidity_Management_Procedure_v8.6,USER00327,read
01725_Regulatory_Change_Procedure_v3.6,USER00328,read
00689_Lending_Standards_v1.3,USER00328,read
01317_Conduct_Risk_Standard_v7.3,USER00328,read
02371_Transaction_Monitoring_Standard_v3.8,USER00328,read
00118_Interest_Rate_Risk_Manual_v1.0,USER00328,read
00114_Market_Risk_Framework_v8.1,USER00328,read
01441_Mortgage_Origination_Guide_v2.2,USER00328,read
00193_Mortgage_Origination_Guide_v9.0,USER00328,read
01875_Transaction_Monitoring_Standard_v2.7,USER00328,read
01184_Operations_Manual_v3.0,USER00328,read
01506_Operational_Risk_Standard_v7.4,USER00329,read
01507_Sanctions_Screening_Manual_v9.3,USER00329,read
00795_Sanctions_Screening_Manual_v8.9,USER00329,read
01188_KYC_Policy_v1.9,USER00329,read
01586_Operational_Risk_Standard_v1.6,USER00329,read
01620_Customer_Due_Diligence_Standard_v3.1,USER00329,read
01372_KYC_Policy_v2.2,USER00329,read
01880_Payment_Processing_Procedure_v5.2,USER00329,read
00780_Beneficial_Ownership_Guide_v4.1,USER00329,read
00155_Transaction_Monitoring_Standard_v7.1,USER00329,read
00343_Investment_Policy_v5.2,USER00330,read
02335_Portfolio_Risk_Procedure_v4.5,USER00330,read
00511_Securities_Valuation_Manual_v6.8,USER00330,read
01485_Compliance_Policy_v8.9,USER00330,read
01841_Mortgage_Origination_Guide_v1.5,USER00330,read
00039_Investment_Policy_v3.4,USER00330,read
02184_Payment_Processing_Procedure_v5.8,USER00330,read
02143_Securities_Valuation_Manual_v1.4,USER00330,read
01486_Treasury_Policy_v1.5,USER00330,read
00682_Liquidity_Risk_Policy_v1.1,USER00330,read
02202_Market_Risk_Framework_v2.0,USER00331,read
00564_Customer_Due_Diligence_Standard_v8.6,USER00331,read
00904_Incident_Management_Procedure_v5.6,USER00331,read
01648_Operations_Manual_v8.3,USER00331,read
00376_Incident_Management_Procedure_v1.5,USER00331,read
00617_Lending_Standards_v2.8,USER00331,read
01030_Liquidity_Management_Procedure_v3.3,USER00331,read
01526_Interest_Rate_Risk_Manual_v5.0,USER00331,read
01722_Operational_Risk_Standard_v2.8,USER00331,read
01938_Operational_Risk_Standard_v5.4,USER00331,read
00798_Interest_Rate_Risk_Manual_v1.1,USER00332,read
02353_Credit_Policy_v2.0,USER00332,read
00592_Payment_Processing_Procedure_v3.8,USER00332,read
01895_Securities_Valuation_Manual_v8.2,USER00332,read
00399_Securities_Valuation_Manual_v5.8,USER00332,read
01341_Regulatory_Change_Procedure_v7.6,USER00332,read
01593_SME_Underwriting_Procedure_v4.8,USER00332,read
01750_Treasury_Policy_v2.2,USER00332,read
00543_Securities_Valuation_Manual_v9.6,USER00332,read
01590_Funding_Guide_v1.6,USER00332,read
00884_Beneficial_Ownership_Guide_v3.5,USER00333,read
01415_Securities_Valuation_Manual_v9.3,USER00333,read
00323_AML_Escalation_Procedure_v6.1,USER00333,read
00769_Credit_Policy_v3.5,USER00333,read
00957_Regulatory_Change_Procedure_v7.7,USER00333,read
00839_Investment_Policy_v2.2,USER00333,read
00480_Operations_Manual_v1.2,USER00333,read
00010_Liquidity_Risk_Policy_v9.3,USER00333,read
01301_Compliance_Policy_v6.0,USER00333,read
00945_Credit_Policy_v6.6,USER00333,read
00801_Credit_Policy_v3.4,USER00334,read
01198_Treasury_Policy_v1.5,USER00334,read
01257_SME_Underwriting_Procedure_v8.6,USER00334,read
01779_AML_Escalation_Procedure_v5.2,USER00334,read
02225_Mortgage_Origination_Guide_v5.9,USER00334,read
01860_Beneficial_Ownership_Guide_v9.9,USER00334,read
00319_Trade_Operations_Guide_v2.0,USER00334,read
00301_Record_Retention_Standard_v8.3,USER00334,read
01224_Incident_Management_Procedure_v4.3,USER00334,read
00986_Operational_Risk_Standard_v2.7,USER00334,read
01082_Liquidity_Risk_Policy_v1.3,USER00335,read
01469_Record_Retention_Standard_v1.5,USER00335,read
01331_AML_Policy_v3.6,USER00335,read
01913_SME_Underwriting_Procedure_v1.6,USER00335,read
01651_AML_Policy_v6.7,USER00335,read
00360_Payment_Processing_Procedure_v7.4,USER00335,read
00171_Sanctions_Screening_Manual_v1.5,USER00335,read
02143_Securities_Valuation_Manual_v1.4,USER00335,read
01915_Transaction_Monitoring_Standard_v7.6,USER00335,read
02104_Payment_Processing_Procedure_v5.9,USER00335,read
01670_Interest_Rate_Risk_Manual_v8.2,USER00336,read
02345_Lending_Standards_v1.5,USER00336,read
01153_Credit_Policy_v1.2,USER00336,read
01495_Securities_Valuation_Manual_v3.4,USER00336,read
01090_Credit_Risk_Methodology_v5.6,USER00336,read
02151_Securities_Valuation_Manual_v3.0,USER00336,read
00418_Operational_Risk_Standard_v3.0,USER00336,read
00694_Interest_Rate_Risk_Manual_v6.1,USER00336,read
01267_Sanctions_Screening_Manual_v7.4,USER00336,read
01072_Payment_Processing_Procedure_v1.6,USER00336,read
00380_Beneficial_Ownership_Guide_v2.0,USER00337,read
02011_AML_Escalation_Procedure_v2.6,USER00337,read
01315_AML_Policy_v3.7,USER00337,read
00278_Funding_Guide_v9.8,USER00337,read
01327_Investment_Policy_v1.0,USER00337,read
01657_Lending_Standards_v7.3,USER00337,read
01399_Portfolio_Risk_Procedure_v3.7,USER00337,read
00454_Liquidity_Management_Procedure_v3.3,USER00337,read
00168_Payment_Processing_Procedure_v4.1,USER00337,read
00711_Investment_Policy_v8.1,USER00337,read
02325_Record_Retention_Standard_v5.8,USER00338,read
01633_Lending_Standards_v6.4,USER00338,read
02332_Beneficial_Ownership_Guide_v1.9,USER00338,read
01034_Credit_Risk_Methodology_v6.5,USER00338,read
01960_Payment_Processing_Procedure_v9.9,USER00338,read
01043_Sanctions_Screening_Manual_v7.6,USER00338,read
00299_Sanctions_Screening_Manual_v7.2,USER00338,read
01842_Liquidity_Risk_Policy_v9.0,USER00338,read
01557_Record_Retention_Standard_v7.1,USER00338,read
01997_Regulatory_Change_Procedure_v1.1,USER00338,read
00368_Operations_Manual_v3.7,USER00339,read
00586_Liquidity_Risk_Policy_v7.9,USER00339,read
00681_Credit_Policy_v7.2,USER00339,read
00037_Compliance_Policy_v9.3,USER00339,read
00899_Transaction_Monitoring_Standard_v4.4,USER00339,read
02138_Operational_Risk_Standard_v9.2,USER00339,read
01323_Transaction_Monitoring_Standard_v6.4,USER00339,read
01334_Interest_Rate_Risk_Manual_v5.3,USER00339,read
02119_Portfolio_Risk_Procedure_v2.3,USER00339,read
00191_Investment_Policy_v1.4,USER00339,read
01093_Record_Retention_Standard_v8.4,USER00340,read
00638_Interest_Rate_Risk_Manual_v9.9,USER00340,read
00893_Record_Retention_Standard_v3.4,USER00340,read
01975_Securities_Valuation_Manual_v2.5,USER00340,read
01389_Regulatory_Change_Procedure_v9.3,USER00340,read
00802_Market_Risk_Framework_v5.6,USER00340,read
00248_Incident_Management_Procedure_v2.2,USER00340,read
00194_Liquidity_Risk_Policy_v4.9,USER00340,read
01579_Sanctions_Screening_Manual_v8.1,USER00340,read
02328_Payment_Processing_Procedure_v7.4,USER00340,read
00660_KYC_Policy_v6.6,USER00341,read
01953_Credit_Policy_v1.7,USER00341,read
01724_Customer_Due_Diligence_Standard_v7.9,USER00341,read
01382_Interest_Rate_Risk_Manual_v6.3,USER00341,read
01965_Record_Retention_Standard_v6.6,USER00341,read
01216_Incident_Management_Procedure_v6.4,USER00341,read
00453_Compliance_Policy_v8.3,USER00341,read
00417_SME_Underwriting_Procedure_v5.4,USER00341,read
01906_Market_Risk_Framework_v4.7,USER00341,read
01059_Transaction_Monitoring_Standard_v3.9,USER00341,read
00407_Portfolio_Risk_Procedure_v3.2,USER00342,read
00136_Reconciliation_Standard_v4.7,USER00342,read
01844_KYC_Policy_v3.2,USER00342,read
02301_Regulatory_Change_Procedure_v7.0,USER00342,read
01014_Treasury_Policy_v6.0,USER00342,read
00159_Portfolio_Risk_Procedure_v7.1,USER00342,read
00763_Sanctions_Screening_Manual_v8.8,USER00342,read
01464_Payment_Processing_Procedure_v1.2,USER00342,read
01565_Record_Retention_Standard_v8.9,USER00342,read
01671_Portfolio_Risk_Procedure_v1.9,USER00342,read
02203_Sanctions_Screening_Manual_v1.0,USER00343,read
00874_Market_Risk_Framework_v4.6,USER00343,read
00498_Market_Risk_Framework_v5.3,USER00343,read
00657_Lending_Standards_v7.4,USER00343,read
00072_Operations_Manual_v6.3,USER00343,read
01961_SME_Underwriting_Procedure_v6.1,USER00343,read
00308_Customer_Risk_Rating_Manual_v3.1,USER00343,read
00291_Sanctions_Screening_Manual_v9.4,USER00343,read
01719_Trade_Operations_Guide_v8.6,USER00343,read
01286_Liquidity_Management_Procedure_v4.5,USER00343,read
00122_Liquidity_Risk_Policy_v7.4,USER00344,read
01715_AML_Escalation_Procedure_v5.5,USER00344,read
00635_Sanctions_Screening_Manual_v8.2,USER00344,read
00761_Lending_Standards_v5.6,USER00344,read
02302_Liquidity_Management_Procedure_v2.7,USER00344,read
00618_Liquidity_Risk_Policy_v8.0,USER00344,read
00425_Mortgage_Origination_Guide_v1.8,USER00344,read
01322_Operational_Risk_Standard_v7.6,USER00344,read
00356_Customer_Due_Diligence_Standard_v2.8,USER00344,read
02278_Treasury_Policy_v5.5,USER00344,read
00881_SME_Underwriting_Procedure_v6.9,USER00345,read
00804_Beneficial_Ownership_Guide_v7.9,USER00345,read
01067_AML_Escalation_Procedure_v3.1,USER00345,read
00725_Regulatory_Change_Procedure_v3.0,USER00345,read
02047_Portfolio_Risk_Procedure_v6.5,USER00345,read
01507_Sanctions_Screening_Manual_v9.3,USER00345,read
01370_Market_Risk_Framework_v6.2,USER00345,read
01056_Incident_Management_Procedure_v5.3,USER00345,read
01434_Liquidity_Risk_Policy_v4.8,USER00345,read
02336_Payment_Processing_Procedure_v3.7,USER00345,read
01297_SME_Underwriting_Procedure_v2.9,USER00346,read
00031_Trade_Operations_Guide_v9.7,USER00346,read
01226_Market_Risk_Framework_v8.9,USER00346,read
00146_Liquidity_Risk_Policy_v7.9,USER00346,read
02388_Customer_Due_Diligence_Standard_v6.8,USER00346,read
00281_Credit_Policy_v4.3,USER00346,read
01879_Securities_Valuation_Manual_v2.9,USER00346,read
00173_Compliance_Policy_v8.9,USER00346,read
01463_Trade_Operations_Guide_v9.8,USER00346,read
01037_Compliance_Policy_v5.7,USER00346,read
00062_Liquidity_Management_Procedure_v8.7,USER00347,read
00478_Treasury_Policy_v5.5,USER00347,read
01618_Operational_Risk_Standard_v6.4,USER00347,read
00266_Market_Risk_Framework_v2.7,USER00347,read
00585_Mortgage_Origination_Guide_v2.6,USER00347,read
00996_KYC_Policy_v6.6,USER00347,read
00657_Lending_Standards_v7.4,USER00347,read
01819_AML_Policy_v8.2,USER00347,read
00592_Payment_Processing_Procedure_v3.8,USER00347,read
00988_Customer_Due_Diligence_Standard_v3.5,USER00347,read
00840_Payment_Processing_Procedure_v9.9,USER00348,read
02097_Mortgage_Origination_Guide_v9.2,USER00348,read
01190_Funding_Guide_v9.4,USER00348,read
01024_Incident_Management_Procedure_v4.6,USER00348,read
00436_Customer_Due_Diligence_Standard_v9.9,USER00348,read
01950_Liquidity_Management_Procedure_v8.5,USER00348,read
01199_Securities_Valuation_Manual_v7.9,USER00348,read
01093_Record_Retention_Standard_v8.4,USER00348,read
01043_Sanctions_Screening_Manual_v7.6,USER00348,read
01151_Investment_Policy_v2.6,USER00348,read
02314_Liquidity_Risk_Policy_v1.7,USER00349,read
01587_Sanctions_Screening_Manual_v1.3,USER00349,read
01768_Payment_Processing_Procedure_v4.5,USER00349,read
01706_Market_Risk_Framework_v4.6,USER00349,read
00334_Funding_Guide_v9.8,USER00349,read
00618_Liquidity_Risk_Policy_v8.0,USER00349,read
01264_Reconciliation_Standard_v6.0,USER00349,read
00143_Investment_Policy_v8.8,USER00349,read
00027_Sanctions_Screening_Manual_v2.3,USER00349,read
01689_Mortgage_Origination_Guide_v9.3,USER00349,read
01599_Investment_Policy_v2.9,USER00350,read
01653_Record_Retention_Standard_v1.7,USER00350,read
01426_Liquidity_Risk_Policy_v2.5,USER00350,read
00387_Transaction_Monitoring_Standard_v6.6,USER00350,read
01013_Record_Retention_Standard_v4.9,USER00350,read
01087_Portfolio_Risk_Procedure_v8.3,USER00350,read
01830_Funding_Guide_v9.0,USER00350,read
00956_Beneficial_Ownership_Guide_v7.6,USER00350,read
01362_Operational_Risk_Standard_v8.9,USER00350,read
00787_Transaction_Monitoring_Standard_v4.5,USER00350,read
00543_Securities_Valuation_Manual_v9.6,USER00351,read
01990_Liquidity_Management_Procedure_v4.6,USER00351,read
00364_Customer_Risk_Rating_Manual_v7.6,USER00351,read
02380_Beneficial_Ownership_Guide_v2.9,USER00351,read
02392_Payment_Processing_Procedure_v4.3,USER00351,read
01489_SME_Underwriting_Procedure_v3.9,USER00351,read
00350_Funding_Guide_v1.6,USER00351,read
01547_Sanctions_Screening_Manual_v8.2,USER00351,read
02372_Customer_Due_Diligence_Standard_v1.2,USER00351,read
00349_Conduct_Risk_Standard_v1.0,USER00351,read
00191_Investment_Policy_v1.4,USER00352,read
02147_Sanctions_Screening_Manual_v9.4,USER00352,read
00217_Credit_Policy_v2.8,USER00352,read
01648_Operations_Manual_v8.3,USER00352,read
00108_Beneficial_Ownership_Guide_v9.4,USER00352,read
02254_Liquidity_Management_Procedure_v3.4,USER00352,read
00799_Investment_Policy_v8.8,USER00352,read
01784_Payment_Processing_Procedure_v2.5,USER00352,read
02291_Transaction_Monitoring_Standard_v1.5,USER00352,read
02219_AML_Policy_v5.9,USER00352,read
00545_Lending_Standards_v9.4,USER00353,read
02019_Transaction_Monitoring_Standard_v7.5,USER00353,read
01836_Beneficial_Ownership_Guide_v9.1,USER00353,read
00721_Mortgage_Origination_Guide_v3.4,USER00353,read
00336_Operations_Manual_v5.3,USER00353,read
01358_Treasury_Policy_v5.0,USER00353,read
00307_Transaction_Monitoring_Standard_v9.2,USER00353,read
01140_Customer_Due_Diligence_Standard_v1.8,USER00353,read
01853_Regulatory_Change_Procedure_v6.5,USER00353,read
01227_Transaction_Monitoring_Standard_v2.0,USER00353,read
02025_Credit_Policy_v5.4,USER00354,read
00530_Market_Risk_Framework_v7.9,USER00354,read
00495_Securities_Valuation_Manual_v3.8,USER00354,read
00700_Customer_Risk_Rating_Manual_v7.8,USER00354,read
00586_Liquidity_Risk_Policy_v7.9,USER00354,read
01605_Compliance_Policy_v1.8,USER00354,read
01675_Transaction_Monitoring_Standard_v4.9,USER00354,read
02183_Trade_Operations_Guide_v2.6,USER00354,read
01471_Trade_Operations_Guide_v3.1,USER00354,read
00873_Mortgage_Origination_Guide_v3.3,USER00354,read
01463_Trade_Operations_Guide_v9.8,USER00355,read
00427_Sanctions_Screening_Manual_v6.1,USER00355,read
02246_Funding_Guide_v1.0,USER00355,read
01791_Trade_Operations_Guide_v1.5,USER00355,read
00742_Interest_Rate_Risk_Manual_v8.8,USER00355,read
00242_Liquidity_Risk_Policy_v5.9,USER00355,read
00631_Investment_Policy_v5.9,USER00355,read
01733_Regulatory_Change_Procedure_v8.0,USER00355,read
00681_Credit_Policy_v7.2,USER00355,read
01143_Portfolio_Risk_Procedure_v9.7,USER00355,read
01627_AML_Policy_v7.0,USER00356,read
01979_Sanctions_Screening_Manual_v3.4,USER00356,read
02097_Mortgage_Origination_Guide_v9.2,USER00356,read
00335_Trade_Operations_Guide_v8.2,USER00356,read
01194_Credit_Risk_Methodology_v3.0,USER00356,read
00970_Liquidity_Risk_Policy_v1.8,USER00356,read
00312_Incident_Management_Procedure_v6.2,USER00356,read
01071_Investment_Policy_v6.3,USER00356,read
01510_Liquidity_Management_Procedure_v7.1,USER00356,read
01678_Funding_Guide_v5.7,USER00356,read
01766_Funding_Guide_v2.9,USER00357,read
00006_Funding_Guide_v9.1,USER00357,read
02360_Reconciliation_Standard_v8.7,USER00357,read
00642_Operational_Risk_Standard_v7.9,USER00357,read
01005_Regulatory_Change_Procedure_v1.4,USER00357,read
00943_Trade_Operations_Guide_v2.6,USER00357,read
01720_Payment_Processing_Procedure_v9.3,USER00357,read
00126_Liquidity_Management_Procedure_v2.0,USER00357,read
01854_Interest_Rate_Risk_Manual_v9.6,USER00357,read
00090_Market_Risk_Framework_v5.7,USER00357,read
00287_Trade_Operations_Guide_v8.2,USER00358,read
00384_Operations_Manual_v3.1,USER00358,read
01859_AML_Policy_v2.3,USER00358,read
00047_Trade_Operations_Guide_v4.3,USER00358,read
00020_KYC_Policy_v9.2,USER00358,read
02333_Record_Retention_Standard_v2.9,USER00358,read
00410_Liquidity_Risk_Policy_v8.0,USER00358,read
01193_Credit_Policy_v3.7,USER00358,read
02353_Credit_Policy_v2.0,USER00358,read
02145_Mortgage_Origination_Guide_v6.0,USER00358,read
00185_Mortgage_Origination_Guide_v3.3,USER00359,read
02140_Customer_Risk_Rating_Manual_v8.7,USER00359,read
01566_Interest_Rate_Risk_Manual_v7.7,USER00359,read
00572_KYC_Policy_v8.9,USER00359,read
01308_Customer_Due_Diligence_Standard_v7.7,USER00359,read
01109_Conduct_Risk_Standard_v2.0,USER00359,read
02036_Beneficial_Ownership_Guide_v6.1,USER00359,read
01790_Funding_Guide_v9.1,USER00359,read
02259_AML_Policy_v3.9,USER00359,read
01832_Operations_Manual_v3.1,USER00359,read
01680_Operations_Manual_v6.1,USER00360,read
01254_Liquidity_Management_Procedure_v6.9,USER00360,read
02084_Customer_Due_Diligence_Standard_v6.6,USER00360,read
00825_Mortgage_Origination_Guide_v7.4,USER00360,read
01103_Securities_Valuation_Manual_v3.3,USER00360,read
00294_Treasury_Policy_v1.1,USER00360,read
01770_Credit_Risk_Methodology_v4.7,USER00360,read
00353_Lending_Standards_v9.7,USER00360,read
00641_Credit_Policy_v7.8,USER00360,read
02053_Conduct_Risk_Standard_v6.0,USER00360,read
02110_Funding_Guide_v1.8,USER00361,read
02105_SME_Underwriting_Procedure_v8.8,USER00361,read
01939_Transaction_Monitoring_Standard_v1.3,USER00361,read
00441_Lending_Standards_v4.3,USER00361,read
01544_Payment_Processing_Procedure_v7.8,USER00361,read
02337_Lending_Standards_v7.0,USER00361,read
00079_Trade_Operations_Guide_v8.6,USER00361,read
00516_KYC_Policy_v2.9,USER00361,read
00302_Funding_Guide_v2.9,USER00361,read
02060_Customer_Risk_Rating_Manual_v7.4,USER00361,read
02224_Reconciliation_Standard_v2.7,USER00362,read
00751_Trade_Operations_Guide_v5.6,USER00362,read
01172_KYC_Policy_v6.3,USER00362,read
00754_Market_Risk_Framework_v3.8,USER00362,read
01981_Conduct_Risk_Standard_v8.6,USER00362,read
02345_Lending_Standards_v1.5,USER00362,read
01590_Funding_Guide_v1.6,USER00362,read
00345_Mortgage_Origination_Guide_v2.1,USER00362,read
01272_Payment_Processing_Procedure_v1.6,USER00362,read
01084_KYC_Policy_v2.7,USER00362,read
02045_Regulatory_Change_Procedure_v4.6,USER00363,read
02156_Beneficial_Ownership_Guide_v5.4,USER00363,read
00123_Transaction_Monitoring_Standard_v7.9,USER00363,read
00036_Beneficial_Ownership_Guide_v8.5,USER00363,read
01019_Sanctions_Screening_Manual_v6.0,USER00363,read
00633_SME_Underwriting_Procedure_v3.2,USER00363,read
01620_Customer_Due_Diligence_Standard_v3.1,USER00363,read
01970_Liquidity_Risk_Policy_v5.3,USER00363,read
01193_Credit_Policy_v3.7,USER00363,read
00630_Funding_Guide_v9.4,USER00363,read
01591_Investment_Policy_v2.0,USER00364,read
00135_Trade_Operations_Guide_v3.6,USER00364,read
00585_Mortgage_Origination_Guide_v2.6,USER00364,read
01703_Trade_Operations_Guide_v5.8,USER00364,read
01151_Investment_Policy_v2.6,USER00364,read
01420_Customer_Due_Diligence_Standard_v5.1,USER00364,read
01288_Reconciliation_Standard_v8.7,USER00364,read
00236_Customer_Risk_Rating_Manual_v5.7,USER00364,read
01958_Funding_Guide_v2.8,USER00364,read
00976_Incident_Management_Procedure_v5.1,USER00364,read
00926_Treasury_Policy_v8.9,USER00365,read
01436_Customer_Risk_Rating_Manual_v5.2,USER00365,read
01993_Mortgage_Origination_Guide_v4.1,USER00365,read
00509_Regulatory_Change_Procedure_v1.5,USER00365,read
00637_Compliance_Policy_v4.9,USER00365,read
01904_Reconciliation_Standard_v1.2,USER00365,read
00627_AML_Escalation_Procedure_v2.9,USER00365,read
00657_Lending_Standards_v7.4,USER00365,read
02227_AML_Policy_v3.8,USER00365,read
00976_Incident_Management_Procedure_v5.1,USER00365,read
00378_Market_Risk_Framework_v4.8,USER00366,read
01904_Reconciliation_Standard_v1.2,USER00366,read
02388_Customer_Due_Diligence_Standard_v6.8,USER00366,read
01900_Beneficial_Ownership_Guide_v8.5,USER00366,read
02086_Funding_Guide_v4.8,USER00366,read
00714_Credit_Risk_Methodology_v8.6,USER00366,read
00291_Sanctions_Screening_Manual_v9.4,USER00366,read
01615_Securities_Valuation_Manual_v8.0,USER00366,read
02055_Investment_Policy_v2.3,USER00366,read
00421_Record_Retention_Standard_v3.5,USER00366,read
00218_Credit_Risk_Methodology_v6.8,USER00367,read
00718_Treasury_Policy_v2.3,USER00367,read
00821_Regulatory_Change_Procedure_v4.2,USER00367,read
02224_Reconciliation_Standard_v2.7,USER00367,read
00508_Customer_Risk_Rating_Manual_v9.0,USER00367,read
00141_Compliance_Policy_v3.0,USER00367,read
02037_Compliance_Policy_v8.8,USER00367,read
01350_Liquidity_Management_Procedure_v4.2,USER00367,read
01280_Operations_Manual_v2.7,USER00367,read
01821_Regulatory_Change_Procedure_v3.1,USER00367,read
00510_Interest_Rate_Risk_Manual_v1.8,USER00368,read
00825_Mortgage_Origination_Guide_v7.4,USER00368,read
01430_Funding_Guide_v9.2,USER00368,read
02272_Reconciliation_Standard_v1.0,USER00368,read
01943_Investment_Policy_v6.3,USER00368,read
00650_Liquidity_Risk_Policy_v1.7,USER00368,read
00975_Investment_Policy_v7.6,USER00368,read
02393_Credit_Policy_v2.5,USER00368,read
01145_Lending_Standards_v5.3,USER00368,read
00842_Liquidity_Risk_Policy_v3.7,USER00368,read
01306_Market_Risk_Framework_v5.0,USER00369,read
00227_Sanctions_Screening_Manual_v6.3,USER00369,read
02042_Market_Risk_Framework_v4.6,USER00369,read
00365_Compliance_Policy_v9.3,USER00369,read
02344_Payment_Processing_Procedure_v9.5,USER00369,read
01654_Funding_Guide_v1.5,USER00369,read
01928_Incident_Management_Procedure_v1.5,USER00369,read
01262_Funding_Guide_v2.0,USER00369,read
01775_Securities_Valuation_Manual_v9.8,USER00369,read
00144_Reconciliation_Standard_v8.0,USER00369,read
01217_SME_Underwriting_Procedure_v3.6,USER00370,read
01331_AML_Policy_v3.6,USER00370,read
02160_Operations_Manual_v3.5,USER00370,read
00633_SME_Underwriting_Procedure_v3.2,USER00370,read
00515_AML_Escalation_Procedure_v7.6,USER00370,read
00534_Funding_Guide_v4.1,USER00370,read
01709_Record_Retention_Standard_v3.4,USER00370,read
01710_Funding_Guide_v1.7,USER00370,read
00669_Regulatory_Change_Procedure_v5.7,USER00370,read
01198_Treasury_Policy_v1.5,USER00370,read
00921_Mortgage_Origination_Guide_v2.6,USER00371,read
00375_Investment_Policy_v7.1,USER00371,read
00034_Market_Risk_Framework_v4.9,USER00371,read
00576_Operations_Manual_v4.6,USER00371,read
00507_Transaction_Monitoring_Standard_v6.5,USER00371,read
01659_Sanctions_Screening_Manual_v9.8,USER00371,read
01633_Lending_Standards_v6.4,USER00371,read
00864_Incident_Management_Procedure_v9.6,USER00371,read
02353_Credit_Policy_v2.0,USER00371,read
01577_Mortgage_Origination_Guide_v5.7,USER00371,read
01825_SME_Underwriting_Procedure_v8.0,USER00372,read
01581_Regulatory_Change_Procedure_v4.1,USER00372,read
01660_Customer_Risk_Rating_Manual_v5.2,USER00372,read
02139_AML_Escalation_Procedure_v7.9,USER00372,read
02112_Reconciliation_Standard_v8.9,USER00372,read
00770_Liquidity_Risk_Policy_v9.2,USER00372,read
00912_Reconciliation_Standard_v3.2,USER00372,read
00806_Funding_Guide_v6.4,USER00372,read
01770_Credit_Risk_Methodology_v4.7,USER00372,read
02145_Mortgage_Origination_Guide_v6.0,USER00372,read
02276_Beneficial_Ownership_Guide_v4.9,USER00373,read
02208_Payment_Processing_Procedure_v8.4,USER00373,read
01616_Reconciliation_Standard_v6.9,USER00373,read
00381_Compliance_Policy_v2.8,USER00373,read
00158_Funding_Guide_v7.7,USER00373,read
01341_Regulatory_Change_Procedure_v7.6,USER00373,read
02002_Market_Risk_Framework_v3.6,USER00373,read
00242_Liquidity_Risk_Policy_v5.9,USER00373,read
02261_Regulatory_Change_Procedure_v1.3,USER00373,read
02396_Beneficial_Ownership_Guide_v7.6,USER00373,read
01660_Customer_Risk_Rating_Manual_v5.2,USER00374,read
00308_Customer_Risk_Rating_Manual_v3.1,USER00374,read
00894_Treasury_Policy_v7.5,USER00374,read
00695_Securities_Valuation_Manual_v7.2,USER00374,read
02028_KYC_Policy_v4.6,USER00374,read
01523_AML_Escalation_Procedure_v7.0,USER00374,read
01807_Portfolio_Risk_Procedure_v5.7,USER00374,read
01981_Conduct_Risk_Standard_v8.6,USER00374,read
02002_Market_Risk_Framework_v3.6,USER00374,read
00839_Investment_Policy_v2.2,USER00374,read
00068_KYC_Policy_v7.5,USER00375,read
00275_AML_Policy_v9.9,USER00375,read
01762_Operational_Risk_Standard_v7.2,USER00375,read
00753_Mortgage_Origination_Guide_v2.7,USER00375,read
00264_Incident_Management_Procedure_v1.8,USER00375,read
02251_AML_Policy_v7.2,USER00375,read
02085_Regulatory_Change_Procedure_v2.1,USER00375,read
00439_Trade_Operations_Guide_v3.7,USER00375,read
02379_Transaction_Monitoring_Standard_v9.3,USER00375,read
01918_Liquidity_Management_Procedure_v1.0,USER00375,read
01492_Beneficial_Ownership_Guide_v2.5,USER00376,read
00078_Funding_Guide_v3.6,USER00376,read
00011_Sanctions_Screening_Manual_v7.4,USER00376,read
01073_Lending_Standards_v9.6,USER00376,read
02210_Liquidity_Risk_Policy_v2.9,USER00376,read
01306_Market_Risk_Framework_v5.0,USER00376,read
00063_Securities_Valuation_Manual_v5.7,USER00376,read
01329_SME_Underwriting_Procedure_v8.4,USER00376,read
00399_Securities_Valuation_Manual_v5.8,USER00376,read
01169_Lending_Standards_v7.1,USER00376,read
00822_Interest_Rate_Risk_Manual_v8.8,USER00377,read
00130_Operational_Risk_Standard_v9.5,USER00377,read
01581_Regulatory_Change_Procedure_v4.1,USER00377,read
00207_Investment_Policy_v3.7,USER00377,read
01688_Reconciliation_Standard_v1.7,USER00377,read
01726_Funding_Guide_v6.9,USER00377,read
00706_Credit_Risk_Methodology_v1.7,USER00377,read
01421_Conduct_Risk_Standard_v8.6,USER00377,read
01772_Customer_Due_Diligence_Standard_v5.2,USER00377,read
01417_Mortgage_Origination_Guide_v4.2,USER00377,read
00323_AML_Escalation_Procedure_v6.1,USER00378,read
02230_Funding_Guide_v2.6,USER00378,read
02027_AML_Policy_v3.6,USER00378,read
00618_Liquidity_Risk_Policy_v8.0,USER00378,read
00917_Compliance_Policy_v9.9,USER00378,read
01560_Reconciliation_Standard_v6.4,USER00378,read
01664_Incident_Management_Procedure_v7.8,USER00378,read
02076_KYC_Policy_v7.8,USER00378,read
01901_Compliance_Policy_v8.7,USER00378,read
01265_Mortgage_Origination_Guide_v7.6,USER00378,read
00848_Operations_Manual_v3.1,USER00379,read
01421_Conduct_Risk_Standard_v8.6,USER00379,read
01443_Transaction_Monitoring_Standard_v7.0,USER00379,read
00098_Liquidity_Risk_Policy_v8.1,USER00379,read
01261_Conduct_Risk_Standard_v2.6,USER00379,read
01453_Record_Retention_Standard_v1.0,USER00379,read
00164_Customer_Risk_Rating_Manual_v7.4,USER00379,read
00281_Credit_Policy_v4.3,USER00379,read
00619_Transaction_Monitoring_Standard_v6.1,USER00379,read
00204_Customer_Due_Diligence_Standard_v8.5,USER00379,read
00033_Credit_Policy_v9.1,USER00380,read
01401_SME_Underwriting_Procedure_v2.7,USER00380,read
00321_Credit_Policy_v5.6,USER00380,read
01524_Beneficial_Ownership_Guide_v1.9,USER00380,read
00124_Customer_Risk_Rating_Manual_v5.0,USER00380,read
01354_Operational_Risk_Standard_v2.6,USER00380,read
02017_SME_Underwriting_Procedure_v9.9,USER00380,read
00514_Market_Risk_Framework_v3.4,USER00380,read
00340_KYC_Policy_v4.3,USER00380,read
00588_Beneficial_Ownership_Guide_v9.7,USER00380,read
01677_Record_Retention_Standard_v3.5,USER00381,read
01534_Interest_Rate_Risk_Manual_v1.6,USER00381,read
01853_Regulatory_Change_Procedure_v6.5,USER00381,read
01020_KYC_Policy_v7.5,USER00381,read
00343_Investment_Policy_v5.2,USER00381,read
01674_Market_Risk_Framework_v2.9,USER00381,read
01175_Trade_Operations_Guide_v3.1,USER00381,read
00167_Investment_Policy_v9.8,USER00381,read
00046_Interest_Rate_Risk_Manual_v7.3,USER00381,read
00186_Liquidity_Risk_Policy_v9.1,USER00381,read
01535_Portfolio_Risk_Procedure_v8.9,USER00382,read
00457_Mortgage_Origination_Guide_v7.6,USER00382,read
00278_Funding_Guide_v9.8,USER00382,read
00861_Compliance_Policy_v6.6,USER00382,read
00686_Interest_Rate_Risk_Manual_v5.8,USER00382,read
01983_Securities_Valuation_Manual_v2.4,USER00382,read
01662_Liquidity_Management_Procedure_v5.0,USER00382,read
00124_Customer_Risk_Rating_Manual_v5.0,USER00382,read
01261_Conduct_Risk_Standard_v2.6,USER00382,read
01534_Interest_Rate_Risk_Manual_v1.6,USER00382,read
00735_Investment_Policy_v8.9,USER00383,read
01092_KYC_Policy_v9.5,USER00383,read
00415_Investment_Policy_v6.9,USER00383,read
00572_KYC_Policy_v8.9,USER00383,read
01020_KYC_Policy_v7.5,USER00383,read
01211_AML_Escalation_Procedure_v3.0,USER00383,read
00912_Reconciliation_Standard_v3.2,USER00383,read
00589_Regulatory_Change_Procedure_v5.1,USER00383,read
00897_Lending_Standards_v2.0,USER00383,read
01984_Reconciliation_Standard_v7.0,USER00383,read
01440_Operations_Manual_v4.1,USER00384,read
02112_Reconciliation_Standard_v8.9,USER00384,read
01348_KYC_Policy_v6.9,USER00384,read
01631_Trade_Operations_Guide_v2.5,USER00384,read
01602_Operational_Risk_Standard_v1.6,USER00384,read
02351_Portfolio_Risk_Procedure_v3.6,USER00384,read
02394_Liquidity_Risk_Policy_v8.6,USER00384,read
02266_Credit_Risk_Methodology_v2.1,USER00384,read
00780_Beneficial_Ownership_Guide_v4.1,USER00384,read
02321_Lending_Standards_v5.4,USER00384,read
01526_Interest_Rate_Risk_Manual_v5.0,USER00385,read
02341_Compliance_Policy_v7.4,USER00385,read
00977_Credit_Policy_v4.9,USER00385,read
01204_Customer_Due_Diligence_Standard_v5.0,USER00385,read
01423_Trade_Operations_Guide_v7.5,USER00385,read
01196_KYC_Policy_v3.3,USER00385,read
00400_Payment_Processing_Procedure_v6.5,USER00385,read
00742_Interest_Rate_Risk_Manual_v8.8,USER00385,read
02242_Credit_Risk_Methodology_v3.0,USER00385,read
02359_Securities_Valuation_Manual_v1.2,USER00385,read
00811_AML_Policy_v9.8,USER00386,read
00666_Operational_Risk_Standard_v6.7,USER00386,read
01348_KYC_Policy_v6.9,USER00386,read
00905_Lending_Standards_v9.7,USER00386,read
02188_Beneficial_Ownership_Guide_v8.1,USER00386,read
01276_KYC_Policy_v7.4,USER00386,read
02020_Customer_Due_Diligence_Standard_v7.6,USER00386,read
02219_AML_Policy_v5.9,USER00386,read
01992_Reconciliation_Standard_v2.0,USER00386,read
00464_Operations_Manual_v1.1,USER00386,read
01243_AML_Policy_v3.9,USER00387,read
01158_Treasury_Policy_v5.6,USER00387,read
00291_Sanctions_Screening_Manual_v9.4,USER00387,read
01700_Beneficial_Ownership_Guide_v4.7,USER00387,read
01306_Market_Risk_Framework_v5.0,USER00387,read
00684_Beneficial_Ownership_Guide_v6.8,USER00387,read
00103_Trade_Operations_Guide_v9.0,USER00387,read
00576_Operations_Manual_v4.6,USER00387,read
00802_Market_Risk_Framework_v5.6,USER00387,read
01445_Conduct_Risk_Standard_v1.4,USER00387,read
01972_KYC_Policy_v4.2,USER00388,read
01830_Funding_Guide_v9.0,USER00388,read
02179_Transaction_Monitoring_Standard_v5.3,USER00388,read
00542_Liquidity_Management_Procedure_v3.8,USER00388,read
02052_Customer_Due_Diligence_Standard_v8.1,USER00388,read
01780_Beneficial_Ownership_Guide_v9.7,USER00388,read
01166_Funding_Guide_v4.4,USER00388,read
00016_Reconciliation_Standard_v6.1,USER00388,read
00200_Operations_Manual_v6.4,USER00388,read
01688_Reconciliation_Standard_v1.7,USER00388,read
00870_Interest_Rate_Risk_Manual_v9.4,USER00389,read
01751_Investment_Policy_v2.3,USER00389,read
01167_Trade_Operations_Guide_v6.4,USER00389,read
00978_Market_Risk_Framework_v2.8,USER00389,read
01273_SME_Underwriting_Procedure_v6.2,USER00389,read
00817_SME_Underwriting_Procedure_v6.5,USER00389,read
02236_Customer_Risk_Rating_Manual_v7.1,USER00389,read
00479_Investment_Policy_v7.3,USER00389,read
02108_KYC_Policy_v8.7,USER00389,read
00974_Liquidity_Management_Procedure_v3.8,USER00389,read
01028_Beneficial_Ownership_Guide_v2.0,USER00390,read
01786_Credit_Risk_Methodology_v9.1,USER00390,read
01552_Operations_Manual_v4.9,USER00390,read
01032_Payment_Processing_Procedure_v1.4,USER00390,read
00884_Beneficial_Ownership_Guide_v3.5,USER00390,read
00269_Regulatory_Change_Procedure_v1.0,USER00390,read
00353_Lending_Standards_v9.7,USER00390,read
02182_Liquidity_Management_Procedure_v9.7,USER00390,read
01615_Securities_Valuation_Manual_v8.0,USER00390,read
00604_KYC_Policy_v8.3,USER00390,read
00726_Funding_Guide_v3.1,USER00391,read
01530_Liquidity_Risk_Policy_v7.6,USER00391,read
01685_Compliance_Policy_v6.2,USER00391,read
01108_Beneficial_Ownership_Guide_v6.3,USER00391,read
00346_Operational_Risk_Standard_v6.9,USER00391,read
00400_Payment_Processing_Procedure_v6.5,USER00391,read
00983_Investment_Policy_v1.4,USER00391,read
01384_Operations_Manual_v3.7,USER00391,read
01344_Incident_Management_Procedure_v2.2,USER00391,read
01425_SME_Underwriting_Procedure_v3.2,USER00391,read
00442_Market_Risk_Framework_v8.2,USER00392,read
00456_Incident_Management_Procedure_v5.3,USER00392,read
00085_Conduct_Risk_Standard_v6.7,USER00392,read
01514_Market_Risk_Framework_v4.9,USER00392,read
01377_Credit_Policy_v4.7,USER00392,read
01856_Payment_Processing_Procedure_v2.4,USER00392,read
02100_Customer_Risk_Rating_Manual_v3.1,USER00392,read
01019_Sanctions_Screening_Manual_v6.0,USER00392,read
00001_Credit_Policy_v1.4,USER00392,read
00648_Payment_Processing_Procedure_v4.8,USER00392,read
01075_Transaction_Monitoring_Standard_v2.4,USER00393,read
00292_KYC_Policy_v9.2,USER00393,read
02344_Payment_Processing_Procedure_v9.5,USER00393,read
01065_Mortgage_Origination_Guide_v8.7,USER00393,read
00822_Interest_Rate_Risk_Manual_v8.8,USER00393,read
01471_Trade_Operations_Guide_v3.1,USER00393,read
01431_Investment_Policy_v8.6,USER00393,read
01590_Funding_Guide_v1.6,USER00393,read
02031_Portfolio_Risk_Procedure_v6.8,USER00393,read
00838_Treasury_Policy_v2.9,USER00393,read
00277_Record_Retention_Standard_v4.3,USER00394,read
01512_Incident_Management_Procedure_v4.1,USER00394,read
01063_Investment_Policy_v8.0,USER00394,read
00316_Customer_Risk_Rating_Manual_v7.1,USER00394,read
01335_Trade_Operations_Guide_v8.9,USER00394,read
01448_Payment_Processing_Procedure_v6.8,USER00394,read
00133_Record_Retention_Standard_v2.2,USER00394,read
01757_Regulatory_Change_Procedure_v4.9,USER00394,read
00328_Incident_Management_Procedure_v2.4,USER00394,read
02037_Compliance_Policy_v8.8,USER00394,read
01614_Interest_Rate_Risk_Manual_v1.2,USER00395,read
00159_Portfolio_Risk_Procedure_v7.1,USER00395,read
01053_Regulatory_Change_Procedure_v6.6,USER00395,read
01339_Sanctions_Screening_Manual_v3.5,USER00395,read
01069_Compliance_Policy_v7.4,USER00395,read
01970_Liquidity_Risk_Policy_v5.3,USER00395,read
02232_Incident_Management_Procedure_v2.3,USER00395,read
02292_KYC_Policy_v1.6,USER00395,read
01175_Trade_Operations_Guide_v3.1,USER00395,read
01642_Credit_Risk_Methodology_v4.7,USER00395,read
00301_Record_Retention_Standard_v8.3,USER00396,read
00437_Compliance_Policy_v4.0,USER00396,read
02102_Interest_Rate_Risk_Manual_v9.0,USER00396,read
00172_Beneficial_Ownership_Guide_v5.1,USER00396,read
01869_Record_Retention_Standard_v7.7,USER00396,read
02366_Treasury_Policy_v6.3,USER00396,read
01076_Customer_Risk_Rating_Manual_v2.8,USER00396,read
00659_Transaction_Monitoring_Standard_v6.1,USER00396,read
00913_Lending_Standards_v7.1,USER00396,read
02040_Operations_Manual_v8.8,USER00396,read
00669_Regulatory_Change_Procedure_v5.7,USER00397,read
00632_Payment_Processing_Procedure_v4.5,USER00397,read
02387_AML_Policy_v2.4,USER00397,read
02057_Lending_Standards_v6.9,USER00397,read
01466_Market_Risk_Framework_v7.4,USER00397,read
00330_Liquidity_Risk_Policy_v2.2,USER00397,read
02396_Beneficial_Ownership_Guide_v7.6,USER00397,read
01840_Payment_Processing_Procedure_v7.1,USER00397,read
00038_Interest_Rate_Risk_Manual_v3.7,USER00397,read
00385_SME_Underwriting_Procedure_v4.7,USER00397,read
00278_Funding_Guide_v9.8,USER00398,read
00014_Treasury_Policy_v1.1,USER00398,read
00450_Credit_Risk_Methodology_v5.1,USER00398,read
01717_Compliance_Policy_v7.4,USER00398,read
00826_Market_Risk_Framework_v5.2,USER00398,read
00454_Liquidity_Management_Procedure_v3.3,USER00398,read
01466_Market_Risk_Framework_v7.4,USER00398,read
01927_Trade_Operations_Guide_v7.6,USER00398,read
01028_Beneficial_Ownership_Guide_v2.0,USER00398,read
00607_Trade_Operations_Guide_v8.3,USER00398,read
01123_AML_Escalation_Procedure_v6.2,USER00399,read
00307_Transaction_Monitoring_Standard_v9.2,USER00399,read
01607_Securities_Valuation_Manual_v6.0,USER00399,read
01670_Interest_Rate_Risk_Manual_v8.2,USER00399,read
01711_Portfolio_Risk_Procedure_v1.1,USER00399,read
01217_SME_Underwriting_Procedure_v3.6,USER00399,read
00349_Conduct_Risk_Standard_v1.0,USER00399,read
01324_Customer_Risk_Rating_Manual_v5.3,USER00399,read
00056_Payment_Processing_Procedure_v9.7,USER00399,read
01288_Reconciliation_Standard_v8.7,USER00399,read
01715_AML_Escalation_Procedure_v5.5,USER00400,read
02093_Regulatory_Change_Procedure_v9.5,USER00400,read
01773_Compliance_Policy_v6.5,USER00400,read
00831_Portfolio_Risk_Procedure_v8.6,USER00400,read
02081_Credit_Policy_v8.7,USER00400,read
00586_Liquidity_Risk_Policy_v7.9,USER00400,read
00894_Treasury_Policy_v7.5,USER00400,read
01108_Beneficial_Ownership_Guide_v6.3,USER00400,read
00358_Treasury_Policy_v7.5,USER00400,read
01647_Portfolio_Risk_Procedure_v5.4,USER00400,read
01086_Interest_Rate_Risk_Manual_v3.3,USER00401,read
00306_Liquidity_Risk_Policy_v7.0,USER00401,read
00790_Funding_Guide_v4.2,USER00401,read
00337_Mortgage_Origination_Guide_v9.8,USER00401,read
00382_Funding_Guide_v3.3,USER00401,read
01080_Incident_Management_Procedure_v5.3,USER00401,read
00224_Payment_Processing_Procedure_v6.5,USER00401,read
00422_Funding_Guide_v8.4,USER00401,read
01824_Operations_Manual_v5.7,USER00401,read
01477_Record_Retention_Standard_v7.7,USER00401,read
01866_Credit_Risk_Methodology_v3.6,USER00402,read
00771_AML_Escalation_Procedure_v3.0,USER00402,read
01299_AML_Escalation_Procedure_v3.9,USER00402,read
00721_Mortgage_Origination_Guide_v3.4,USER00402,read
00907_Sanctions_Screening_Manual_v6.6,USER00402,read
01428_Customer_Due_Diligence_Standard_v2.3,USER00402,read
02127_Investment_Policy_v5.2,USER00402,read
00015_Trade_Operations_Guide_v8.8,USER00402,read
00986_Operational_Risk_Standard_v2.7,USER00402,read
01470_Interest_Rate_Risk_Manual_v4.3,USER00402,read
00193_Mortgage_Origination_Guide_v9.0,USER00403,read
01335_Trade_Operations_Guide_v8.9,USER00403,read
01134_Funding_Guide_v5.9,USER00403,read
00257_SME_Underwriting_Procedure_v6.4,USER00403,read
00133_Record_Retention_Standard_v2.2,USER00403,read
00702_Interest_Rate_Risk_Manual_v4.5,USER00403,read
00271_Investment_Policy_v1.6,USER00403,read
00477_Conduct_Risk_Standard_v1.2,USER00403,read
00987_AML_Policy_v4.8,USER00403,read
01098_Market_Risk_Framework_v9.3,USER00403,read
00457_Mortgage_Origination_Guide_v7.6,USER00404,read
01403_AML_Escalation_Procedure_v6.0,USER00404,read
02394_Liquidity_Risk_Policy_v8.6,USER00404,read
01292_KYC_Policy_v8.2,USER00404,read
02218_Operational_Risk_Standard_v8.5,USER00404,read
02265_Mortgage_Origination_Guide_v5.4,USER00404,read
01785_Credit_Policy_v8.6,USER00404,read
00522_Liquidity_Risk_Policy_v4.1,USER00404,read
01698_Operational_Risk_Standard_v1.2,USER00404,read
00132_KYC_Policy_v9.5,USER00404,read
00515_AML_Escalation_Procedure_v7.6,USER00405,read
00705_SME_Underwriting_Procedure_v4.2,USER00405,read
01251_AML_Escalation_Procedure_v2.1,USER00405,read
01332_Customer_Risk_Rating_Manual_v6.3,USER00405,read
01269_Record_Retention_Standard_v4.3,USER00405,read
00092_Customer_Risk_Rating_Manual_v4.8,USER00405,read
00619_Transaction_Monitoring_Standard_v6.1,USER00405,read
01542_Treasury_Policy_v5.8,USER00405,read
01403_AML_Escalation_Procedure_v6.0,USER00405,read
01220_Customer_Due_Diligence_Standard_v7.6,USER00405,read
00822_Interest_Rate_Risk_Manual_v8.8,USER00406,read
00891_AML_Escalation_Procedure_v3.0,USER00406,read
01115_Transaction_Monitoring_Standard_v4.3,USER00406,read
00720_Reconciliation_Standard_v5.9,USER00406,read
00839_Investment_Policy_v2.2,USER00406,read
00946_Operational_Risk_Standard_v5.5,USER00406,read
01692_KYC_Policy_v9.0,USER00406,read
02128_Incident_Management_Procedure_v7.9,USER00406,read
00410_Liquidity_Risk_Policy_v8.0,USER00406,read
01016_Reconciliation_Standard_v6.6,USER00406,read
00969_Lending_Standards_v9.5,USER00407,read
01016_Reconciliation_Standard_v6.6,USER00407,read
01790_Funding_Guide_v9.1,USER00407,read
01100_Customer_Due_Diligence_Standard_v7.4,USER00407,read
00613_Compliance_Policy_v1.5,USER00407,read
01219_Sanctions_Screening_Manual_v8.6,USER00407,read
00967_Trade_Operations_Guide_v7.7,USER00407,read
01094_Liquidity_Management_Procedure_v4.6,USER00407,read
00121_SME_Underwriting_Procedure_v1.7,USER00407,read
00380_Beneficial_Ownership_Guide_v2.0,USER00407,read
01993_Mortgage_Origination_Guide_v4.1,USER00408,read
01262_Funding_Guide_v2.0,USER00408,read
01896_Operations_Manual_v5.5,USER00408,read
01576_Operations_Manual_v7.1,USER00408,read
01253_Record_Retention_Standard_v2.4,USER00408,read
02303_Trade_Operations_Guide_v5.1,USER00408,read
00682_Liquidity_Risk_Policy_v1.1,USER00408,read
01017_Credit_Policy_v1.2,USER00408,read
00446_Interest_Rate_Risk_Manual_v6.4,USER00408,read
01229_Compliance_Policy_v1.9,USER00408,read
01246_Funding_Guide_v5.7,USER00409,read
00186_Liquidity_Risk_Policy_v9.1,USER00409,read
00170_Liquidity_Risk_Policy_v6.2,USER00409,read
00769_Credit_Policy_v3.5,USER00409,read
01048_Reconciliation_Standard_v6.9,USER00409,read
02029_Conduct_Risk_Standard_v2.7,USER00409,read
01343_Securities_Valuation_Manual_v5.4,USER00409,read
00875_Transaction_Monitoring_Standard_v7.3,USER00409,read
01230_Funding_Guide_v8.8,USER00409,read
00865_Mortgage_Origination_Guide_v7.5,USER00409,read
02239_Investment_Policy_v4.5,USER00410,read
01185_SME_Underwriting_Procedure_v2.6,USER00410,read
01631_Trade_Operations_Guide_v2.5,USER00410,read
02190_Funding_Guide_v9.3,USER00410,read
00657_Lending_Standards_v7.4,USER00410,read
01731_Transaction_Monitoring_Standard_v2.2,USER00410,read
01511_Portfolio_Risk_Procedure_v2.7,USER00410,read
00318_Interest_Rate_Risk_Manual_v3.9,USER00410,read
00278_Funding_Guide_v9.8,USER00410,read
02334_Funding_Guide_v7.0,USER00410,read
00064_Operations_Manual_v3.2,USER00411,read
01470_Interest_Rate_Risk_Manual_v4.3,USER00411,read
02313_Mortgage_Origination_Guide_v4.1,USER00411,read
01877_Conduct_Risk_Standard_v6.4,USER00411,read
00428_Beneficial_Ownership_Guide_v9.7,USER00411,read
02361_Credit_Policy_v6.2,USER00411,read
01745_Credit_Policy_v1.0,USER00411,read
00995_AML_Escalation_Procedure_v7.8,USER00411,read
00727_Trade_Operations_Guide_v3.7,USER00411,read
02303_Trade_Operations_Guide_v5.1,USER00411,read
01397_Conduct_Risk_Standard_v2.3,USER00412,read
02357_Record_Retention_Standard_v6.9,USER00412,read
01133_Conduct_Risk_Standard_v7.2,USER00412,read
00098_Liquidity_Risk_Policy_v8.1,USER00412,read
01544_Payment_Processing_Procedure_v7.8,USER00412,read
00265_Credit_Policy_v4.9,USER00412,read
01796_Customer_Due_Diligence_Standard_v5.5,USER00412,read
01832_Operations_Manual_v3.1,USER00412,read
00477_Conduct_Risk_Standard_v1.2,USER00412,read
01225_Lending_Standards_v7.0,USER00412,read
00865_Mortgage_Origination_Guide_v7.5,USER00413,read
00115_AML_Policy_v8.4,USER00413,read
02392_Payment_Processing_Procedure_v4.3,USER00413,read
00577_SME_Underwriting_Procedure_v4.4,USER00413,read
01608_Incident_Management_Procedure_v4.6,USER00413,read
00413_Regulatory_Change_Procedure_v3.7,USER00413,read
01758_Funding_Guide_v6.6,USER00413,read
00605_Record_Retention_Standard_v1.5,USER00413,read
00750_Liquidity_Management_Procedure_v2.2,USER00413,read
01596_Beneficial_Ownership_Guide_v6.3,USER00413,read
01015_Investment_Policy_v1.9,USER00414,read
02269_Compliance_Policy_v8.5,USER00414,read
01723_Sanctions_Screening_Manual_v9.2,USER00414,read
01247_Portfolio_Risk_Procedure_v7.6,USER00414,read
01656_Payment_Processing_Procedure_v6.4,USER00414,read
01165_Compliance_Policy_v5.4,USER00414,read
01178_Credit_Risk_Methodology_v5.1,USER00414,read
01704_Payment_Processing_Procedure_v2.8,USER00414,read
00061_Regulatory_Change_Procedure_v8.8,USER00414,read
00453_Compliance_Policy_v8.3,USER00414,read
02220_Customer_Risk_Rating_Manual_v5.2,USER00415,read
00466_Market_Risk_Framework_v5.6,USER00415,read
01779_AML_Escalation_Procedure_v5.2,USER00415,read
01759_Trade_Operations_Guide_v7.0,USER00415,read
02374_Liquidity_Management_Procedure_v2.3,USER00415,read
01342_Liquidity_Management_Procedure_v7.5,USER00415,read
02373_Conduct_Risk_Standard_v3.3,USER00415,read
00806_Funding_Guide_v6.4,USER00415,read
00197_Conduct_Risk_Standard_v3.7,USER00415,read
01892_Beneficial_Ownership_Guide_v1.5,USER00415,read
00285_Regulatory_Change_Procedure_v3.0,USER00416,read
02168_Incident_Management_Procedure_v2.9,USER00416,read
01208_Operations_Manual_v1.1,USER00416,read
01973_Compliance_Policy_v7.2,USER00416,read
00333_Regulatory_Change_Procedure_v6.7,USER00416,read
01191_Trade_Operations_Guide_v2.7,USER00416,read
00293_Record_Retention_Standard_v2.5,USER00416,read
00821_Regulatory_Change_Procedure_v4.2,USER00416,read
02381_Regulatory_Change_Procedure_v2.6,USER00416,read
00596_KYC_Policy_v1.8,USER00416,read
02363_AML_Escalation_Procedure_v1.5,USER00417,read
00524_Beneficial_Ownership_Guide_v6.2,USER00417,read
02026_Credit_Risk_Methodology_v7.3,USER00417,read
01605_Compliance_Policy_v1.8,USER00417,read
00399_Securities_Valuation_Manual_v5.8,USER00417,read
00511_Securities_Valuation_Manual_v6.8,USER00417,read
02139_AML_Escalation_Procedure_v7.9,USER00417,read
02390_Interest_Rate_Risk_Manual_v2.9,USER00417,read
01906_Market_Risk_Framework_v4.7,USER00417,read
00065_Mortgage_Origination_Guide_v7.5,USER00417,read
00859_Sanctions_Screening_Manual_v8.9,USER00418,read
00939_AML_Escalation_Procedure_v2.7,USER00418,read
00879_Trade_Operations_Guide_v6.1,USER00418,read
00126_Liquidity_Management_Procedure_v2.0,USER00418,read
00326_Liquidity_Management_Procedure_v8.9,USER00418,read
02023_Trade_Operations_Guide_v9.7,USER00418,read
00111_Trade_Operations_Guide_v6.5,USER00418,read
02262_Interest_Rate_Risk_Manual_v7.8,USER00418,read
02071_Securities_Valuation_Manual_v4.8,USER00418,read
00846_Funding_Guide_v4.1,USER00418,read
01734_Interest_Rate_Risk_Manual_v2.2,USER00419,read
01835_AML_Policy_v8.7,USER00419,read
00806_Funding_Guide_v6.4,USER00419,read
02093_Regulatory_Change_Procedure_v9.5,USER00419,read
00175_Trade_Operations_Guide_v8.8,USER00419,read
02058_Market_Risk_Framework_v1.8,USER00419,read
00156_Customer_Risk_Rating_Manual_v7.7,USER00419,read
01586_Operational_Risk_Standard_v1.6,USER00419,read
01189_Conduct_Risk_Standard_v5.7,USER00419,read
00579_Transaction_Monitoring_Standard_v4.1,USER00419,read
00765_Regulatory_Change_Procedure_v2.0,USER00420,read
01193_Credit_Policy_v3.7,USER00420,read
00313_Mortgage_Origination_Guide_v4.5,USER00420,read
01627_AML_Policy_v7.0,USER00420,read
01499_Sanctions_Screening_Manual_v4.5,USER00420,read
00951_Trade_Operations_Guide_v6.4,USER00420,read
01736_Incident_Management_Procedure_v1.9,USER00420,read
00945_Credit_Policy_v6.6,USER00420,read
02177_SME_Underwriting_Procedure_v6.6,USER00420,read
00424_Incident_Management_Procedure_v9.6,USER00420,read
01126_Liquidity_Management_Procedure_v4.0,USER00421,read
01754_Operational_Risk_Standard_v6.0,USER00421,read
02052_Customer_Due_Diligence_Standard_v8.1,USER00421,read
01629_Record_Retention_Standard_v8.3,USER00421,read
01145_Lending_Standards_v5.3,USER00421,read
00955_AML_Policy_v7.0,USER00421,read
01991_Investment_Policy_v2.8,USER00421,read
00898_Credit_Risk_Methodology_v4.4,USER00421,read
00921_Mortgage_Origination_Guide_v2.6,USER00421,read
01823_Trade_Operations_Guide_v8.9,USER00421,read
00585_Mortgage_Origination_Guide_v2.6,USER00422,read
02373_Conduct_Risk_Standard_v3.3,USER00422,read
02327_Securities_Valuation_Manual_v5.4,USER00422,read
01382_Interest_Rate_Risk_Manual_v6.3,USER00422,read
02178_Liquidity_Risk_Policy_v3.9,USER00422,read
00914_Market_Risk_Framework_v7.5,USER00422,read
01677_Record_Retention_Standard_v3.5,USER00422,read
01223_Portfolio_Risk_Procedure_v6.2,USER00422,read
01289_Lending_Standards_v5.6,USER00422,read
02014_Interest_Rate_Risk_Manual_v1.9,USER00422,read
00613_Compliance_Policy_v1.5,USER00423,read
01032_Payment_Processing_Procedure_v1.4,USER00423,read
01620_Customer_Due_Diligence_Standard_v3.1,USER00423,read
01958_Funding_Guide_v2.8,USER00423,read
00611_AML_Policy_v7.3,USER00423,read
02244_KYC_Policy_v4.9,USER00423,read
00880_Operations_Manual_v9.9,USER00423,read
00485_Conduct_Risk_Standard_v6.0,USER00423,read
01490_Market_Risk_Framework_v2.3,USER00423,read
01419_Transaction_Monitoring_Standard_v9.8,USER00423,read
02148_Beneficial_Ownership_Guide_v3.9,USER00424,read
01162_Liquidity_Risk_Policy_v4.8,USER00424,read
01230_Funding_Guide_v8.8,USER00424,read
01852_Beneficial_Ownership_Guide_v9.8,USER00424,read
00856_Reconciliation_Standard_v7.7,USER00424,read
02214_Funding_Guide_v3.1,USER00424,read
01908_Customer_Due_Diligence_Standard_v9.4,USER00424,read
01046_Treasury_Policy_v6.2,USER00424,read
00401_Mortgage_Origination_Guide_v9.4,USER00424,read
00415_Investment_Policy_v6.9,USER00424,read
00713_Credit_Policy_v5.8,USER00425,read
01037_Compliance_Policy_v5.7,USER00425,read
00507_Transaction_Monitoring_Standard_v6.5,USER00425,read
00483_Sanctions_Screening_Manual_v2.7,USER00425,read
00460_Beneficial_Ownership_Guide_v3.1,USER00425,read
00766_Liquidity_Management_Procedure_v3.0,USER00425,read
02101_Record_Retention_Standard_v1.8,USER00425,read
00838_Treasury_Policy_v2.9,USER00425,read
01437_Record_Retention_Standard_v9.9,USER00425,read
01981_Conduct_Risk_Standard_v8.6,USER00425,read
01848_Incident_Management_Procedure_v3.3,USER00426,read
00875_Transaction_Monitoring_Standard_v7.3,USER00426,read
01204_Customer_Due_Diligence_Standard_v5.0,USER00426,read
01392_Incident_Management_Procedure_v8.0,USER00426,read
00649_Credit_Policy_v7.9,USER00426,read
01384_Operations_Manual_v3.7,USER00426,read
00902_Liquidity_Management_Procedure_v7.6,USER00426,read
01367_Trade_Operations_Guide_v3.9,USER00426,read
00268_Customer_Due_Diligence_Standard_v6.1,USER00426,read
02254_Liquidity_Management_Procedure_v3.4,USER00426,read
01298_Credit_Risk_Methodology_v1.7,USER00427,read
00279_Investment_Policy_v8.5,USER00427,read
01770_Credit_Risk_Methodology_v4.7,USER00427,read
02131_AML_Escalation_Procedure_v8.8,USER00427,read
01077_Record_Retention_Standard_v3.5,USER00427,read
00737_Lending_Standards_v5.4,USER00427,read
01492_Beneficial_Ownership_Guide_v2.5,USER00427,read
00048_Operations_Manual_v4.6,USER00427,read
02176_Payment_Processing_Procedure_v3.9,USER00427,read
01325_Record_Retention_Standard_v3.0,USER00427,read
00565_Compliance_Policy_v9.4,USER00428,read
00234_Liquidity_Risk_Policy_v8.8,USER00428,read
02311_Securities_Valuation_Manual_v5.7,USER00428,read
00805_Record_Retention_Standard_v8.4,USER00428,read
01032_Payment_Processing_Procedure_v1.4,USER00428,read
02400_Incident_Management_Procedure_v3.1,USER00428,read
00443_Sanctions_Screening_Manual_v5.6,USER00428,read
00066_Market_Risk_Framework_v7.7,USER00428,read
00159_Portfolio_Risk_Procedure_v7.1,USER00428,read
00570_Credit_Risk_Methodology_v5.2,USER00428,read
01958_Funding_Guide_v2.8,USER00429,read
02092_KYC_Policy_v8.9,USER00429,read
00795_Sanctions_Screening_Manual_v8.9,USER00429,read
01020_KYC_Policy_v7.5,USER00429,read
01611_AML_Escalation_Procedure_v5.8,USER00429,read
01590_Funding_Guide_v1.6,USER00429,read
00814_Interest_Rate_Risk_Manual_v1.9,USER00429,read
02261_Regulatory_Change_Procedure_v1.3,USER00429,read
02302_Liquidity_Management_Procedure_v2.7,USER00429,read
01306_Market_Risk_Framework_v5.0,USER00429,read
01853_Regulatory_Change_Procedure_v6.5,USER00430,read
00164_Customer_Risk_Rating_Manual_v7.4,USER00430,read
00431_Trade_Operations_Guide_v1.6,USER00430,read
00745_Credit_Policy_v5.9,USER00430,read
01406_Funding_Guide_v2.6,USER00430,read
00242_Liquidity_Risk_Policy_v5.9,USER00430,read
00906_Operational_Risk_Standard_v3.4,USER00430,read
00197_Conduct_Risk_Standard_v3.7,USER00430,read
01176_Operations_Manual_v4.0,USER00430,read
01070_Liquidity_Management_Procedure_v4.5,USER00430,read
00663_Trade_Operations_Guide_v3.8,USER00431,read
01660_Customer_Risk_Rating_Manual_v5.2,USER00431,read
01075_Transaction_Monitoring_Standard_v2.4,USER00431,read
02065_Credit_Policy_v8.2,USER00431,read
01386_Liquidity_Risk_Policy_v9.3,USER00431,read
00273_Lending_Standards_v1.2,USER00431,read
01949_Conduct_Risk_Standard_v1.9,USER00431,read
00119_Securities_Valuation_Manual_v4.8,USER00431,read
01772_Customer_Due_Diligence_Standard_v5.2,USER00431,read
00101_Record_Retention_Standard_v5.2,USER00431,read
02110_Funding_Guide_v1.8,USER00432,read
02214_Funding_Guide_v3.1,USER00432,read
02241_Credit_Policy_v6.5,USER00432,read
00256_Payment_Processing_Procedure_v8.5,USER00432,read
02322_Credit_Risk_Methodology_v8.3,USER00432,read
02319_Investment_Policy_v9.9,USER00432,read
01631_Trade_Operations_Guide_v2.5,USER00432,read
01167_Trade_Operations_Guide_v6.4,USER00432,read
01112_Incident_Management_Procedure_v4.9,USER00432,read
01354_Operational_Risk_Standard_v2.6,USER00432,read
00296_Operations_Manual_v4.3,USER00433,read
00687_Trade_Operations_Guide_v8.2,USER00433,read
01375_Investment_Policy_v8.4,USER00433,read
02178_Liquidity_Risk_Policy_v3.9,USER00433,read
00156_Customer_Risk_Rating_Manual_v7.7,USER00433,read
00702_Interest_Rate_Risk_Manual_v4.5,USER00433,read
01043_Sanctions_Screening_Manual_v7.6,USER00433,read
01520_Incident_Management_Procedure_v7.0,USER00433,read
00102_Interest_Rate_Risk_Manual_v6.1,USER00433,read
00783_Portfolio_Risk_Procedure_v5.3,USER00433,read
00535_Portfolio_Risk_Procedure_v7.7,USER00434,read
01425_SME_Underwriting_Procedure_v3.2,USER00434,read
00988_Customer_Due_Diligence_Standard_v3.5,USER00434,read
01939_Transaction_Monitoring_Standard_v1.3,USER00434,read
00197_Conduct_Risk_Standard_v3.7,USER00434,read
00360_Payment_Processing_Procedure_v7.4,USER00434,read
00206_Funding_Guide_v1.2,USER00434,read
00955_AML_Policy_v7.0,USER00434,read
00186_Liquidity_Risk_Policy_v9.1,USER00434,read
01666_Credit_Risk_Methodology_v6.8,USER00434,read
01652_Customer_Risk_Rating_Manual_v1.3,USER00435,read
01705_Mortgage_Origination_Guide_v2.1,USER00435,read
00281_Credit_Policy_v4.3,USER00435,read
00266_Market_Risk_Framework_v2.7,USER00435,read
02278_Treasury_Policy_v5.5,USER00435,read
00236_Customer_Risk_Rating_Manual_v5.7,USER00435,read
01304_Operations_Manual_v1.3,USER00435,read
00562_Operational_Risk_Standard_v6.6,USER00435,read
01445_Conduct_Risk_Standard_v1.4,USER00435,read
01906_Market_Risk_Framework_v4.7,USER00435,read
02127_Investment_Policy_v5.2,USER00436,read
00611_AML_Policy_v7.3,USER00436,read
02260_Customer_Due_Diligence_Standard_v7.4,USER00436,read
00238_Funding_Guide_v3.8,USER00436,read
01495_Securities_Valuation_Manual_v3.4,USER00436,read
01209_Mortgage_Origination_Guide_v3.4,USER00436,read
02315_AML_Policy_v2.1,USER00436,read
01496_Reconciliation_Standard_v7.3,USER00436,read
01703_Trade_Operations_Guide_v5.8,USER00436,read
02026_Credit_Risk_Methodology_v7.3,USER00436,read
02299_AML_Escalation_Procedure_v3.5,USER00437,read
02350_Liquidity_Management_Procedure_v3.5,USER00437,read
01467_Transaction_Monitoring_Standard_v3.4,USER00437,read
00355_AML_Policy_v2.5,USER00437,read
00254_Liquidity_Management_Procedure_v1.5,USER00437,read
00299_Sanctions_Screening_Manual_v7.2,USER00437,read
01546_Operational_Risk_Standard_v5.7,USER00437,read
01665_Mortgage_Origination_Guide_v7.4,USER00437,read
02268_Customer_Due_Diligence_Standard_v8.2,USER00437,read
01012_KYC_Policy_v9.0,USER00437,read
02325_Record_Retention_Standard_v5.8,USER00438,read
01608_Incident_Management_Procedure_v4.6,USER00438,read
01846_Funding_Guide_v1.5,USER00438,read
01226_Market_Risk_Framework_v8.9,USER00438,read
00787_Transaction_Monitoring_Standard_v4.5,USER00438,read
00175_Trade_Operations_Guide_v8.8,USER00438,read
02171_Transaction_Monitoring_Standard_v3.0,USER00438,read
01613_Conduct_Risk_Standard_v4.1,USER00438,read
01015_Investment_Policy_v1.9,USER00438,read
01875_Transaction_Monitoring_Standard_v2.7,USER00438,read
00505_Credit_Policy_v5.7,USER00439,read
01004_Customer_Risk_Rating_Manual_v5.1,USER00439,read
00193_Mortgage_Origination_Guide_v9.0,USER00439,read
00317_Record_Retention_Standard_v9.0,USER00439,read
00020_KYC_Policy_v9.2,USER00439,read
01568_Reconciliation_Standard_v2.3,USER00439,read
02088_Reconciliation_Standard_v5.4,USER00439,read
00120_Incident_Management_Procedure_v4.7,USER00439,read
02162_Operational_Risk_Standard_v6.3,USER00439,read
00001_Credit_Policy_v1.4,USER00439,read
00012_Customer_Risk_Rating_Manual_v8.2,USER00440,read
02122_Market_Risk_Framework_v9.9,USER00440,read
01174_Funding_Guide_v8.8,USER00440,read
00987_AML_Policy_v4.8,USER00440,read
02280_Incident_Management_Procedure_v5.2,USER00440,read
01196_KYC_Policy_v3.3,USER00440,read
01748_Customer_Due_Diligence_Standard_v1.1,USER00440,read
00165_Record_Retention_Standard_v6.1,USER00440,read
00207_Investment_Policy_v3.7,USER00440,read
00043_AML_Policy_v6.9,USER00440,read
00645_Record_Retention_Standard_v3.7,USER00441,read
00531_Transaction_Monitoring_Standard_v6.6,USER00441,read
01318_Funding_Guide_v5.5,USER00441,read
01869_Record_Retention_Standard_v7.7,USER00441,read
00455_Securities_Valuation_Manual_v2.7,USER00441,read
00018_Credit_Risk_Methodology_v9.8,USER00441,read
01933_Compliance_Policy_v1.5,USER00441,read
00640_Payment_Processing_Procedure_v6.1,USER00441,read
01027_Sanctions_Screening_Manual_v3.5,USER00441,read
01899_Sanctions_Screening_Manual_v1.0,USER00441,read
01422_Liquidity_Management_Procedure_v3.9,USER00442,read
01030_Liquidity_Management_Procedure_v3.3,USER00442,read
01899_Sanctions_Screening_Manual_v1.0,USER00442,read
01473_Mortgage_Origination_Guide_v5.8,USER00442,read
00379_Sanctions_Screening_Manual_v2.3,USER00442,read
02212_Customer_Due_Diligence_Standard_v2.1,USER00442,read
00814_Interest_Rate_Risk_Manual_v1.9,USER00442,read
02211_AML_Escalation_Procedure_v3.0,USER00442,read
00333_Regulatory_Change_Procedure_v6.7,USER00442,read
00142_Treasury_Policy_v3.6,USER00442,read
02095_Trade_Operations_Guide_v1.5,USER00443,read
01779_AML_Escalation_Procedure_v5.2,USER00443,read
00114_Market_Risk_Framework_v8.1,USER00443,read
02381_Regulatory_Change_Procedure_v2.6,USER00443,read
00361_Mortgage_Origination_Guide_v2.8,USER00443,read
01136_Incident_Management_Procedure_v9.3,USER00443,read
01380_Customer_Due_Diligence_Standard_v9.9,USER00443,read
01607_Securities_Valuation_Manual_v6.0,USER00443,read
02313_Mortgage_Origination_Guide_v4.1,USER00443,read
01185_SME_Underwriting_Procedure_v2.6,USER00443,read
00026_Liquidity_Risk_Policy_v7.6,USER00444,read
01000_Payment_Processing_Procedure_v1.3,USER00444,read
01507_Sanctions_Screening_Manual_v9.3,USER00444,read
02032_Operations_Manual_v8.6,USER00444,read
02264_Payment_Processing_Procedure_v9.5,USER00444,read
01565_Record_Retention_Standard_v8.9,USER00444,read
02077_Compliance_Policy_v6.0,USER00444,read
01301_Compliance_Policy_v6.0,USER00444,read
01998_Treasury_Policy_v3.3,USER00444,read
00932_KYC_Policy_v4.1,USER00444,read
01596_Beneficial_Ownership_Guide_v6.3,USER00445,read
00257_SME_Underwriting_Procedure_v6.4,USER00445,read
00485_Conduct_Risk_Standard_v6.0,USER00445,read
00028_Beneficial_Ownership_Guide_v8.3,USER00445,read
02185_Credit_Policy_v4.4,USER00445,read
00475_AML_Escalation_Procedure_v8.6,USER00445,read
01929_Credit_Policy_v5.6,USER00445,read
01241_Lending_Standards_v4.2,USER00445,read
01345_Mortgage_Origination_Guide_v7.6,USER00445,read
00060_Customer_Risk_Rating_Manual_v4.2,USER00445,read
01470_Interest_Rate_Risk_Manual_v4.3,USER00446,read
02085_Regulatory_Change_Procedure_v2.1,USER00446,read
02290_Market_Risk_Framework_v1.0,USER00446,read
00174_Funding_Guide_v2.5,USER00446,read
02255_Trade_Operations_Guide_v5.6,USER00446,read
01030_Liquidity_Management_Procedure_v3.3,USER00446,read
02297_Mortgage_Origination_Guide_v1.8,USER00446,read
01277_Record_Retention_Standard_v1.9,USER00446,read
01387_Sanctions_Screening_Manual_v9.4,USER00446,read
02215_Portfolio_Risk_Procedure_v9.0,USER00446,read
00978_Market_Risk_Framework_v2.8,USER00447,read
02030_Interest_Rate_Risk_Manual_v6.4,USER00447,read
01209_Mortgage_Origination_Guide_v3.4,USER00447,read
00963_Transaction_Monitoring_Standard_v6.4,USER00447,read
02259_AML_Policy_v3.9,USER00447,read
02148_Beneficial_Ownership_Guide_v3.9,USER00447,read
01560_Reconciliation_Standard_v6.4,USER00447,read
00407_Portfolio_Risk_Procedure_v3.2,USER00447,read
00812_Customer_Due_Diligence_Standard_v8.5,USER00447,read
01441_Mortgage_Origination_Guide_v2.2,USER00447,read
00108_Beneficial_Ownership_Guide_v9.4,USER00448,read
00749_Regulatory_Change_Procedure_v2.1,USER00448,read
00841_Lending_Standards_v5.2,USER00448,read
00008_Operations_Manual_v7.4,USER00448,read
01931_Transaction_Monitoring_Standard_v1.2,USER00448,read
00885_Compliance_Policy_v1.3,USER00448,read
01008_Operations_Manual_v6.4,USER00448,read
00007_Portfolio_Risk_Procedure_v4.1,USER00448,read
01691_Sanctions_Screening_Manual_v9.7,USER00448,read
00715_AML_Escalation_Procedure_v7.9,USER00448,read
00446_Interest_Rate_Risk_Manual_v6.4,USER00449,read
01456_Reconciliation_Standard_v8.4,USER00449,read
02306_Liquidity_Risk_Policy_v9.9,USER00449,read
00470_Treasury_Policy_v8.2,USER00449,read
00936_Incident_Management_Procedure_v1.5,USER00449,read
00716_KYC_Policy_v8.1,USER00449,read
02079_Portfolio_Risk_Procedure_v1.7,USER00449,read
00926_Treasury_Policy_v8.9,USER00449,read
00909_Compliance_Policy_v4.2,USER00449,read
01122_Credit_Risk_Methodology_v9.9,USER00449,read
00319_Trade_Operations_Guide_v2.0,USER00450,read
00739_AML_Policy_v6.1,USER00450,read
00357_Regulatory_Change_Procedure_v3.6,USER00450,read
01273_SME_Underwriting_Procedure_v6.2,USER00450,read
01026_Liquidity_Risk_Policy_v1.0,USER00450,read
00870_Interest_Rate_Risk_Manual_v9.4,USER00450,read
02156_Beneficial_Ownership_Guide_v5.4,USER00450,read
01072_Payment_Processing_Procedure_v1.6,USER00450,read
01076_Customer_Risk_Rating_Manual_v2.8,USER00450,read
00310_Interest_Rate_Risk_Manual_v1.6,USER00450,read
02345_Lending_Standards_v1.5,USER00451,read
01552_Operations_Manual_v4.9,USER00451,read
02363_AML_Escalation_Procedure_v1.5,USER00451,read
01015_Investment_Policy_v1.9,USER00451,read
01994_Credit_Risk_Methodology_v1.7,USER00451,read
00604_KYC_Policy_v8.3,USER00451,read
00869_Compliance_Policy_v9.7,USER00451,read
01716_Beneficial_Ownership_Guide_v4.2,USER00451,read
00120_Incident_Management_Procedure_v4.7,USER00451,read
01566_Interest_Rate_Risk_Manual_v7.7,USER00451,read
00738_Credit_Risk_Methodology_v8.5,USER00452,read
02383_Securities_Valuation_Manual_v2.9,USER00452,read
01745_Credit_Policy_v1.0,USER00452,read
00130_Operational_Risk_Standard_v9.5,USER00452,read
00610_Market_Risk_Framework_v4.6,USER00452,read
00524_Beneficial_Ownership_Guide_v6.2,USER00452,read
02337_Lending_Standards_v7.0,USER00452,read
01498_Operational_Risk_Standard_v3.0,USER00452,read
00237_Conduct_Risk_Standard_v1.9,USER00452,read
01672_Incident_Management_Procedure_v5.8,USER00452,read
00503_Trade_Operations_Guide_v1.6,USER00453,read
01139_AML_Escalation_Procedure_v2.8,USER00453,read
00184_Incident_Management_Procedure_v4.5,USER00453,read
01743_Trade_Operations_Guide_v2.5,USER00453,read
01291_AML_Policy_v7.6,USER00453,read
01302_Interest_Rate_Risk_Manual_v5.5,USER00453,read
01202_Operational_Risk_Standard_v3.7,USER00453,read
01268_Customer_Risk_Rating_Manual_v2.7,USER00453,read
01437_Record_Retention_Standard_v9.9,USER00453,read
02118_Liquidity_Management_Procedure_v7.9,USER00453,read
01858_Liquidity_Risk_Policy_v3.4,USER00454,read
01304_Operations_Manual_v1.3,USER00454,read
00252_KYC_Policy_v6.4,USER00454,read
01753_Lending_Standards_v9.0,USER00454,read
01369_Credit_Policy_v4.0,USER00454,read
00386_Credit_Risk_Methodology_v5.9,USER00454,read
02105_SME_Underwriting_Procedure_v8.8,USER00454,read
01262_Funding_Guide_v2.0,USER00454,read
01802_Liquidity_Risk_Policy_v7.0,USER00454,read
01122_Credit_Risk_Methodology_v9.9,USER00454,read
02168_Incident_Management_Procedure_v2.9,USER00455,read
01644_Customer_Risk_Rating_Manual_v3.1,USER00455,read
01058_Market_Risk_Framework_v5.7,USER00455,read
02038_Treasury_Policy_v4.7,USER00455,read
01041_SME_Underwriting_Procedure_v1.8,USER00455,read
01579_Sanctions_Screening_Manual_v8.1,USER00455,read
01490_Market_Risk_Framework_v2.3,USER00455,read
00292_KYC_Policy_v9.2,USER00455,read
00812_Customer_Due_Diligence_Standard_v8.5,USER00455,read
02236_Customer_Risk_Rating_Manual_v7.1,USER00455,read
00665_SME_Underwriting_Procedure_v7.3,USER00456,read
01889_Mortgage_Origination_Guide_v7.8,USER00456,read
01297_SME_Underwriting_Procedure_v2.9,USER00456,read
01325_Record_Retention_Standard_v3.0,USER00456,read
00578_Operational_Risk_Standard_v4.6,USER00456,read
00298_Credit_Risk_Methodology_v7.1,USER00456,read
01106_Market_Risk_Framework_v5.0,USER00456,read
01871_Portfolio_Risk_Procedure_v4.7,USER00456,read
01477_Record_Retention_Standard_v7.7,USER00456,read
00552_Operations_Manual_v9.1,USER00456,read
00200_Operations_Manual_v6.4,USER00457,read
01528_Reconciliation_Standard_v6.7,USER00457,read
01909_Conduct_Risk_Standard_v9.4,USER00457,read
00418_Operational_Risk_Standard_v3.0,USER00457,read
01188_KYC_Policy_v1.9,USER00457,read
00365_Compliance_Policy_v9.3,USER00457,read
01799_Portfolio_Risk_Procedure_v4.1,USER00457,read
00123_Transaction_Monitoring_Standard_v7.9,USER00457,read
00650_Liquidity_Risk_Policy_v1.7,USER00457,read
00505_Credit_Policy_v5.7,USER00457,read
02109_Record_Retention_Standard_v9.7,USER00458,read
00751_Trade_Operations_Guide_v5.6,USER00458,read
00531_Transaction_Monitoring_Standard_v6.6,USER00458,read
00988_Customer_Due_Diligence_Standard_v3.5,USER00458,read
01394_Liquidity_Risk_Policy_v5.9,USER00458,read
02279_Portfolio_Risk_Procedure_v8.2,USER00458,read
00436_Customer_Due_Diligence_Standard_v9.9,USER00458,read
00765_Regulatory_Change_Procedure_v2.0,USER00458,read
01012_KYC_Policy_v9.0,USER00458,read
02237_Conduct_Risk_Standard_v9.9,USER00458,read
02227_AML_Policy_v3.8,USER00459,read
01343_Securities_Valuation_Manual_v5.4,USER00459,read
00054_Liquidity_Management_Procedure_v4.6,USER00459,read
02067_AML_Policy_v6.6,USER00459,read
00360_Payment_Processing_Procedure_v7.4,USER00459,read
00735_Investment_Policy_v8.9,USER00459,read
01607_Securities_Valuation_Manual_v6.0,USER00459,read
00914_Market_Risk_Framework_v7.5,USER00459,read
01516_Beneficial_Ownership_Guide_v7.1,USER00459,read
01079_Investment_Policy_v5.3,USER00459,read
01753_Lending_Standards_v9.0,USER00460,read
01320_Incident_Management_Procedure_v2.0,USER00460,read
01538_Liquidity_Risk_Policy_v8.2,USER00460,read
01491_Sanctions_Screening_Manual_v4.8,USER00460,read
00134_Liquidity_Management_Procedure_v9.2,USER00460,read
02387_AML_Policy_v2.4,USER00460,read
00775_Investment_Policy_v9.1,USER00460,read
00929_Lending_Standards_v2.9,USER00460,read
00562_Operational_Risk_Standard_v6.6,USER00460,read
01682_Operational_Risk_Standard_v3.8,USER00460,read
00335_Trade_Operations_Guide_v8.2,USER00461,read
01065_Mortgage_Origination_Guide_v8.7,USER00461,read
00598_Treasury_Policy_v9.5,USER00461,read
02095_Trade_Operations_Guide_v1.5,USER00461,read
01802_Liquidity_Risk_Policy_v7.0,USER00461,read
01096_Operations_Manual_v3.4,USER00461,read
00168_Payment_Processing_Procedure_v4.1,USER00461,read
00142_Treasury_Policy_v3.6,USER00461,read
00209_Lending_Standards_v8.8,USER00461,read
01694_Treasury_Policy_v7.8,USER00461,read
01211_AML_Escalation_Procedure_v3.0,USER00462,read
01229_Compliance_Policy_v1.9,USER00462,read
02321_Lending_Standards_v5.4,USER00462,read
01321_Credit_Policy_v5.3,USER00462,read
02165_Regulatory_Change_Procedure_v4.9,USER00462,read
00538_Operational_Risk_Standard_v1.8,USER00462,read
00975_Investment_Policy_v7.6,USER00462,read
01297_SME_Underwriting_Procedure_v2.9,USER00462,read
01865_SME_Underwriting_Procedure_v9.5,USER00462,read
00406_Funding_Guide_v6.2,USER00462,read
01672_Incident_Management_Procedure_v5.8,USER00463,read
01356_KYC_Policy_v8.5,USER00463,read
01434_Liquidity_Risk_Policy_v4.8,USER00463,read
00065_Mortgage_Origination_Guide_v7.5,USER00463,read
00063_Securities_Valuation_Manual_v5.7,USER00463,read
01578_Liquidity_Risk_Policy_v5.8,USER00463,read
01539_AML_Escalation_Procedure_v5.6,USER00463,read
01158_Treasury_Policy_v5.6,USER00463,read
00924_Customer_Risk_Rating_Manual_v5.2,USER00463,read
02110_Funding_Guide_v1.8,USER00463,read
01088_Payment_Processing_Procedure_v8.7,USER00464,read
00995_AML_Escalation_Procedure_v7.8,USER00464,read
00849_Mortgage_Origination_Guide_v2.3,USER00464,read
00147_Transaction_Monitoring_Standard_v7.7,USER00464,read
01251_AML_Escalation_Procedure_v2.1,USER00464,read
02049_SME_Underwriting_Procedure_v4.7,USER00464,read
00335_Trade_Operations_Guide_v8.2,USER00464,read
02112_Reconciliation_Standard_v8.9,USER00464,read
02101_Record_Retention_Standard_v1.8,USER00464,read
00050_Market_Risk_Framework_v2.9,USER00464,read
01571_Transaction_Monitoring_Standard_v4.4,USER00465,read
00141_Compliance_Policy_v3.0,USER00465,read
01952_Operations_Manual_v4.7,USER00465,read
00857_SME_Underwriting_Procedure_v3.7,USER00465,read
00896_Payment_Processing_Procedure_v1.6,USER00465,read
01919_Portfolio_Risk_Procedure_v6.9,USER00465,read
00407_Portfolio_Risk_Procedure_v3.2,USER00465,read
00549_Record_Retention_Standard_v9.6,USER00465,read
01624_Payment_Processing_Procedure_v3.3,USER00465,read
00936_Incident_Management_Procedure_v1.5,USER00465,read
00941_Record_Retention_Standard_v3.4,USER00466,read
00865_Mortgage_Origination_Guide_v7.5,USER00466,read
00834_Liquidity_Risk_Policy_v3.4,USER00466,read
01012_KYC_Policy_v9.0,USER00466,read
00630_Funding_Guide_v9.4,USER00466,read
01150_Treasury_Policy_v6.1,USER00466,read
01028_Beneficial_Ownership_Guide_v2.0,USER00466,read
00596_KYC_Policy_v1.8,USER00466,read
00321_Credit_Policy_v5.6,USER00466,read
00747_AML_Policy_v1.6,USER00466,read
01380_Customer_Due_Diligence_Standard_v9.9,USER00467,read
00685_Compliance_Policy_v2.9,USER00467,read
02024_Reconciliation_Standard_v1.1,USER00467,read
00636_KYC_Policy_v7.1,USER00467,read
01742_Liquidity_Management_Procedure_v6.4,USER00467,read
01977_Lending_Standards_v8.7,USER00467,read
02273_Mortgage_Origination_Guide_v9.4,USER00467,read
00901_Record_Retention_Standard_v2.0,USER00467,read
01013_Record_Retention_Standard_v4.9,USER00467,read
01066_Operational_Risk_Standard_v5.2,USER00467,read
00318_Interest_Rate_Risk_Manual_v3.9,USER00468,read
01824_Operations_Manual_v5.7,USER00468,read
02360_Reconciliation_Standard_v8.7,USER00468,read
00240_Payment_Processing_Procedure_v7.8,USER00468,read
02215_Portfolio_Risk_Procedure_v9.0,USER00468,read
00500_Customer_Risk_Rating_Manual_v7.6,USER00468,read
02179_Transaction_Monitoring_Standard_v5.3,USER00468,read
00021_Record_Retention_Standard_v4.8,USER00468,read
02028_KYC_Policy_v4.6,USER00468,read
01108_Beneficial_Ownership_Guide_v6.3,USER00468,read
02310_Funding_Guide_v4.5,USER00469,read
02357_Record_Retention_Standard_v6.9,USER00469,read
01192_Payment_Processing_Procedure_v5.0,USER00469,read
01000_Payment_Processing_Procedure_v1.3,USER00469,read
01567_Trade_Operations_Guide_v1.1,USER00469,read
00968_Incident_Management_Procedure_v8.2,USER00469,read
01528_Reconciliation_Standard_v6.7,USER00469,read
01170_Credit_Risk_Methodology_v8.6,USER00469,read
00950_Interest_Rate_Risk_Manual_v6.2,USER00469,read
01084_KYC_Policy_v2.7,USER00469,read
00008_Operations_Manual_v7.4,USER00470,read
00888_Incident_Management_Procedure_v6.6,USER00470,read
00233_SME_Underwriting_Procedure_v3.3,USER00470,read
00083_Transaction_Monitoring_Standard_v8.7,USER00470,read
00910_Funding_Guide_v2.7,USER00470,read
01333_Record_Retention_Standard_v9.2,USER00470,read
00537_Credit_Policy_v9.4,USER00470,read
00898_Credit_Risk_Methodology_v4.4,USER00470,read
01026_Liquidity_Risk_Policy_v1.0,USER00470,read
02275_Sanctions_Screening_Manual_v2.7,USER00470,read
00514_Market_Risk_Framework_v3.4,USER00471,read
00508_Customer_Risk_Rating_Manual_v9.0,USER00471,read
01146_Credit_Risk_Methodology_v7.1,USER00471,read
01821_Regulatory_Change_Procedure_v3.1,USER00471,read
01005_Regulatory_Change_Procedure_v1.4,USER00471,read
00992_Incident_Management_Procedure_v4.9,USER00471,read
02095_Trade_Operations_Guide_v1.5,USER00471,read
01869_Record_Retention_Standard_v7.7,USER00471,read
00265_Credit_Policy_v4.9,USER00471,read
00779_AML_Policy_v2.3,USER00471,read
01263_Securities_Valuation_Manual_v7.3,USER00472,read
00582_Liquidity_Management_Procedure_v1.3,USER00472,read
01257_SME_Underwriting_Procedure_v8.6,USER00472,read
00938_Market_Risk_Framework_v7.9,USER00472,read
00328_Incident_Management_Procedure_v2.4,USER00472,read
01788_Customer_Due_Diligence_Standard_v4.2,USER00472,read
02047_Portfolio_Risk_Procedure_v6.5,USER00472,read
02037_Compliance_Policy_v8.8,USER00472,read
00413_Regulatory_Change_Procedure_v3.7,USER00472,read
00369_SME_Underwriting_Procedure_v2.0,USER00472,read
01381_Record_Retention_Standard_v3.6,USER00473,read
01872_Incident_Management_Procedure_v8.9,USER00473,read
01579_Sanctions_Screening_Manual_v8.1,USER00473,read
01359_Trade_Operations_Guide_v5.0,USER00473,read
01701_Compliance_Policy_v8.2,USER00473,read
00972_Beneficial_Ownership_Guide_v4.2,USER00473,read
01826_Liquidity_Risk_Policy_v9.1,USER00473,read
00894_Treasury_Policy_v7.5,USER00473,read
02260_Customer_Due_Diligence_Standard_v7.4,USER00473,read
00839_Investment_Policy_v2.2,USER00473,read
00071_Trade_Operations_Guide_v5.6,USER00474,read
01766_Funding_Guide_v2.9,USER00474,read
00629_Conduct_Risk_Standard_v6.6,USER00474,read
02309_Regulatory_Change_Procedure_v6.7,USER00474,read
00209_Lending_Standards_v8.8,USER00474,read
01067_AML_Escalation_Procedure_v3.1,USER00474,read
00804_Beneficial_Ownership_Guide_v7.9,USER00474,read
01830_Funding_Guide_v9.0,USER00474,read
01204_Customer_Due_Diligence_Standard_v5.0,USER00474,read
01477_Record_Retention_Standard_v7.7,USER00474,read
00207_Investment_Policy_v3.7,USER00475,read
01707_AML_Policy_v9.3,USER00475,read
00011_Sanctions_Screening_Manual_v7.4,USER00475,read
00899_Transaction_Monitoring_Standard_v4.4,USER00475,read
01947_AML_Policy_v9.8,USER00475,read
01693_Regulatory_Change_Procedure_v6.0,USER00475,read
01627_AML_Policy_v7.0,USER00475,read
00571_Sanctions_Screening_Manual_v4.3,USER00475,read
00448_Incident_Management_Procedure_v5.4,USER00475,read
00322_Operational_Risk_Standard_v4.8,USER00475,read
00463_Securities_Valuation_Manual_v2.5,USER00476,read
00549_Record_Retention_Standard_v9.6,USER00476,read
01405_Compliance_Policy_v9.1,USER00476,read
01905_SME_Underwriting_Procedure_v4.0,USER00476,read
01005_Regulatory_Change_Procedure_v1.4,USER00476,read
01068_Customer_Due_Diligence_Standard_v1.8,USER00476,read
00497_Credit_Policy_v1.3,USER00476,read
00943_Trade_Operations_Guide_v2.6,USER00476,read
01748_Customer_Due_Diligence_Standard_v1.1,USER00476,read
01569_Credit_Policy_v9.3,USER00476,read
02212_Customer_Due_Diligence_Standard_v2.1,USER00477,read
01842_Liquidity_Risk_Policy_v9.0,USER00477,read
00942_Liquidity_Management_Procedure_v4.4,USER00477,read
00053_Conduct_Risk_Standard_v9.4,USER00477,read
02293_Compliance_Policy_v7.5,USER00477,read
00978_Market_Risk_Framework_v2.8,USER00477,read
00349_Conduct_Risk_Standard_v1.0,USER00477,read
01930_Liquidity_Risk_Policy_v8.2,USER00477,read
01048_Reconciliation_Standard_v6.9,USER00477,read
00799_Investment_Policy_v8.8,USER00477,read
00136_Reconciliation_Standard_v4.7,USER00478,read
00191_Investment_Policy_v1.4,USER00478,read
00533_Record_Retention_Standard_v3.2,USER00478,read
00821_Regulatory_Change_Procedure_v4.2,USER00478,read
01284_KYC_Policy_v2.5,USER00478,read
02094_Liquidity_Management_Procedure_v9.3,USER00478,read
01456_Reconciliation_Standard_v8.4,USER00478,read
00819_AML_Policy_v3.3,USER00478,read
00800_Operations_Manual_v4.7,USER00478,read
02340_KYC_Policy_v6.9,USER00478,read
00859_Sanctions_Screening_Manual_v8.9,USER00479,read
02159_Portfolio_Risk_Procedure_v3.9,USER00479,read
01031_Trade_Operations_Guide_v4.0,USER00479,read
01545_SME_Underwriting_Procedure_v6.1,USER00479,read
00200_Operations_Manual_v6.4,USER00479,read
00170_Liquidity_Risk_Policy_v6.2,USER00479,read
01981_Conduct_Risk_Standard_v8.6,USER00479,read
00090_Market_Risk_Framework_v5.7,USER00479,read
00257_SME_Underwriting_Procedure_v6.4,USER00479,read
01000_Payment_Processing_Procedure_v1.3,USER00479,read
00795_Sanctions_Screening_Manual_v8.9,USER00480,read
01948_Beneficial_Ownership_Guide_v2.5,USER00480,read
00489_Mortgage_Origination_Guide_v4.5,USER00480,read
01318_Funding_Guide_v5.5,USER00480,read
01036_Customer_Risk_Rating_Manual_v7.9,USER00480,read
01064_Payment_Processing_Procedure_v7.0,USER00480,read
01716_Beneficial_Ownership_Guide_v4.2,USER00480,read
01750_Treasury_Policy_v2.2,USER00480,read
02069_Compliance_Policy_v9.6,USER00480,read
01427_AML_Escalation_Procedure_v4.2,USER00480,read
02314_Liquidity_Risk_Policy_v1.7,USER00481,read
01465_Mortgage_Origination_Guide_v8.2,USER00481,read
01675_Transaction_Monitoring_Standard_v4.9,USER00481,read
01585_SME_Underwriting_Procedure_v6.5,USER00481,read
00583_Portfolio_Risk_Procedure_v6.5,USER00481,read
00577_SME_Underwriting_Procedure_v4.4,USER00481,read
00267_AML_Escalation_Procedure_v6.6,USER00481,read
01209_Mortgage_Origination_Guide_v3.4,USER00481,read
02015_Investment_Policy_v9.4,USER00481,read
01001_Lending_Standards_v9.3,USER00481,read
00835_Transaction_Monitoring_Standard_v5.2,USER00482,read
02002_Market_Risk_Framework_v3.6,USER00482,read
01414_Interest_Rate_Risk_Manual_v8.9,USER00482,read
01065_Mortgage_Origination_Guide_v8.7,USER00482,read
00955_AML_Policy_v7.0,USER00482,read
01028_Beneficial_Ownership_Guide_v2.0,USER00482,read
01354_Operational_Risk_Standard_v2.6,USER00482,read
01559_Portfolio_Risk_Procedure_v2.5,USER00482,read
00409_Credit_Policy_v4.5,USER00482,read
02250_Market_Risk_Framework_v8.4,USER00482,read
01936_Reconciliation_Standard_v9.7,USER00483,read
02127_Investment_Policy_v5.2,USER00483,read
00380_Beneficial_Ownership_Guide_v2.0,USER00483,read
01170_Credit_Risk_Methodology_v8.6,USER00483,read
01657_Lending_Standards_v7.3,USER00483,read
00636_KYC_Policy_v7.1,USER00483,read
01394_Liquidity_Risk_Policy_v5.9,USER00483,read
00282_Credit_Risk_Methodology_v7.3,USER00483,read
00859_Sanctions_Screening_Manual_v8.9,USER00483,read
01477_Record_Retention_Standard_v7.7,USER00483,read
02310_Funding_Guide_v4.5,USER00484,read
01048_Reconciliation_Standard_v6.9,USER00484,read
00838_Treasury_Policy_v2.9,USER00484,read
02125_Conduct_Risk_Standard_v6.3,USER00484,read
01764_Beneficial_Ownership_Guide_v8.9,USER00484,read
02262_Interest_Rate_Risk_Manual_v7.8,USER00484,read
00883_AML_Escalation_Procedure_v9.5,USER00484,read
01732_Customer_Risk_Rating_Manual_v8.2,USER00484,read
02135_Investment_Policy_v1.2,USER00484,read
01090_Credit_Risk_Methodology_v5.6,USER00484,read
01591_Investment_Policy_v2.0,USER00485,read
01083_Transaction_Monitoring_Standard_v4.9,USER00485,read
01646_Treasury_Policy_v6.3,USER00485,read
00499_Transaction_Monitoring_Standard_v9.6,USER00485,read
00477_Conduct_Risk_Standard_v1.2,USER00485,read
02375_Investment_Policy_v7.5,USER00485,read
00081_Mortgage_Origination_Guide_v4.5,USER00485,read
01321_Credit_Policy_v5.3,USER00485,read
00604_KYC_Policy_v8.3,USER00485,read
01033_Mortgage_Origination_Guide_v2.2,USER00485,read
00233_SME_Underwriting_Procedure_v3.3,USER00486,read
00162_Credit_Risk_Methodology_v3.6,USER00486,read
01584_Incident_Management_Procedure_v5.3,USER00486,read
00555_AML_Escalation_Procedure_v5.4,USER00486,read
01198_Treasury_Policy_v1.5,USER00486,read
01070_Liquidity_Management_Procedure_v4.5,USER00486,read
02368_Operations_Manual_v2.8,USER00486,read
01464_Payment_Processing_Procedure_v1.2,USER00486,read
01898_Liquidity_Risk_Policy_v6.3,USER00486,read
00768_Reconciliation_Standard_v7.5,USER00486,read
01290_Operational_Risk_Standard_v7.7,USER00487,read
01717_Compliance_Policy_v7.4,USER00487,read
00239_Investment_Policy_v4.0,USER00487,read
01170_Credit_Risk_Methodology_v8.6,USER00487,read
01122_Credit_Risk_Methodology_v9.9,USER00487,read
01428_Customer_Due_Diligence_Standard_v2.3,USER00487,read
01914_Liquidity_Risk_Policy_v6.1,USER00487,read
01893_Regulatory_Change_Procedure_v8.9,USER00487,read
01245_Conduct_Risk_Standard_v6.5,USER00487,read
00716_KYC_Policy_v8.1,USER00487,read
02153_SME_Underwriting_Procedure_v4.8,USER00488,read
00901_Record_Retention_Standard_v2.0,USER00488,read
01358_Treasury_Policy_v5.0,USER00488,read
02392_Payment_Processing_Procedure_v4.3,USER00488,read
00672_Payment_Processing_Procedure_v8.9,USER00488,read
01788_Customer_Due_Diligence_Standard_v4.2,USER00488,read
00655_Investment_Policy_v5.6,USER00488,read
00835_Transaction_Monitoring_Standard_v5.2,USER00488,read
02025_Credit_Policy_v5.4,USER00488,read
01072_Payment_Processing_Procedure_v1.6,USER00488,read
00612_Beneficial_Ownership_Guide_v2.3,USER00489,read
02030_Interest_Rate_Risk_Manual_v6.4,USER00489,read
02303_Trade_Operations_Guide_v5.1,USER00489,read
02266_Credit_Risk_Methodology_v2.1,USER00489,read
02204_Beneficial_Ownership_Guide_v1.5,USER00489,read
01389_Regulatory_Change_Procedure_v9.3,USER00489,read
02385_SME_Underwriting_Procedure_v4.3,USER00489,read
01735_Securities_Valuation_Manual_v2.3,USER00489,read
00221_Conduct_Risk_Standard_v4.9,USER00489,read
02264_Payment_Processing_Procedure_v9.5,USER00489,read
00851_Transaction_Monitoring_Standard_v8.1,USER00490,read
01391_Investment_Policy_v5.4,USER00490,read
01772_Customer_Due_Diligence_Standard_v5.2,USER00490,read
01620_Customer_Due_Diligence_Standard_v3.1,USER00490,read
00055_Investment_Policy_v5.4,USER00490,read
02398_Treasury_Policy_v6.9,USER00490,read
00692_Customer_Due_Diligence_Standard_v8.2,USER00490,read
00631_Investment_Policy_v5.9,USER00490,read
01599_Investment_Policy_v2.9,USER00490,read
02075_Transaction_Monitoring_Standard_v2.1,USER00490,read
00296_Operations_Manual_v4.3,USER00491,read
01799_Portfolio_Risk_Procedure_v4.1,USER00491,read
01573_Compliance_Policy_v3.8,USER00491,read
00758_Treasury_Policy_v9.3,USER00491,read
02074_Operational_Risk_Standard_v7.6,USER00491,read
01543_Investment_Policy_v2.6,USER00491,read
00609_Credit_Policy_v5.7,USER00491,read
00508_Customer_Risk_Rating_Manual_v9.0,USER00491,read
01550_Funding_Guide_v9.8,USER00491,read
01115_Transaction_Monitoring_Standard_v4.3,USER00491,read
01649_Mortgage_Origination_Guide_v9.9,USER00492,read
01837_Record_Retention_Standard_v2.1,USER00492,read
01711_Portfolio_Risk_Procedure_v1.1,USER00492,read
01467_Transaction_Monitoring_Standard_v3.4,USER00492,read
00048_Operations_Manual_v4.6,USER00492,read
01241_Lending_Standards_v4.2,USER00492,read
01719_Trade_Operations_Guide_v8.6,USER00492,read
01899_Sanctions_Screening_Manual_v1.0,USER00492,read
00416_Incident_Management_Procedure_v3.0,USER00492,read
00043_AML_Policy_v6.9,USER00492,read
01820_Customer_Due_Diligence_Standard_v9.1,USER00493,read
02070_Liquidity_Management_Procedure_v1.8,USER00493,read
00044_KYC_Policy_v6.3,USER00493,read
00409_Credit_Policy_v4.5,USER00493,read
00373_Regulatory_Change_Procedure_v3.0,USER00493,read
02336_Payment_Processing_Procedure_v3.7,USER00493,read
00065_Mortgage_Origination_Guide_v7.5,USER00493,read
00581_Conduct_Risk_Standard_v8.4,USER00493,read
01258_Operational_Risk_Standard_v6.4,USER00493,read
01036_Customer_Risk_Rating_Manual_v7.9,USER00493,read
02085_Regulatory_Change_Procedure_v2.1,USER00494,read
00230_Liquidity_Management_Procedure_v5.5,USER00494,read
00923_Transaction_Monitoring_Standard_v8.8,USER00494,read
01966_Liquidity_Management_Procedure_v2.5,USER00494,read
02353_Credit_Policy_v2.0,USER00494,read
00671_Investment_Policy_v3.9,USER00494,read
00073_Credit_Policy_v3.3,USER00494,read
00971_Sanctions_Screening_Manual_v8.0,USER00494,read
02002_Market_Risk_Framework_v3.6,USER00494,read
02389_Compliance_Policy_v9.7,USER00494,read
00329_Mortgage_Origination_Guide_v2.5,USER00495,read
01735_Securities_Valuation_Manual_v2.3,USER00495,read
00292_KYC_Policy_v9.2,USER00495,read
01796_Customer_Due_Diligence_Standard_v5.5,USER00495,read
01797_Compliance_Policy_v5.0,USER00495,read
01026_Liquidity_Risk_Policy_v1.0,USER00495,read
02195_Sanctions_Screening_Manual_v8.4,USER00495,read
00162_Credit_Risk_Methodology_v3.6,USER00495,read
00739_AML_Policy_v6.1,USER00495,read
02259_AML_Policy_v3.9,USER00495,read
00663_Trade_Operations_Guide_v3.8,USER00496,read
01016_Reconciliation_Standard_v6.6,USER00496,read
01621_Compliance_Policy_v8.7,USER00496,read
00469_Record_Retention_Standard_v4.7,USER00496,read
00769_Credit_Policy_v3.5,USER00496,read
00319_Trade_Operations_Guide_v2.0,USER00496,read
01664_Incident_Management_Procedure_v7.8,USER00496,read
00222_Interest_Rate_Risk_Manual_v5.7,USER00496,read
01569_Credit_Policy_v9.3,USER00496,read
01779_AML_Escalation_Procedure_v5.2,USER00496,read
00124_Customer_Risk_Rating_Manual_v5.0,USER00497,read
00203_AML_Policy_v2.5,USER00497,read
01073_Lending_Standards_v9.6,USER00497,read
01528_Reconciliation_Standard_v6.7,USER00497,read
01722_Operational_Risk_Standard_v2.8,USER00497,read
01894_Liquidity_Management_Procedure_v8.4,USER00497,read
01439_Portfolio_Risk_Procedure_v8.7,USER00497,read
00008_Operations_Manual_v7.4,USER00497,read
01282_Market_Risk_Framework_v7.1,USER00497,read
00044_KYC_Policy_v6.3,USER00497,read
00850_Liquidity_Risk_Policy_v7.5,USER00498,read
00211_AML_Policy_v8.2,USER00498,read
00788_KYC_Policy_v7.0,USER00498,read
01798_Funding_Guide_v6.7,USER00498,read
01156_Beneficial_Ownership_Guide_v4.9,USER00498,read
01719_Trade_Operations_Guide_v8.6,USER00498,read
00456_Incident_Management_Procedure_v5.3,USER00498,read
02371_Transaction_Monitoring_Standard_v3.8,USER00498,read
00218_Credit_Risk_Methodology_v6.8,USER00498,read
02114_Operational_Risk_Standard_v4.2,USER00498,read
01551_Securities_Valuation_Manual_v3.7,USER00499,read
00873_Mortgage_Origination_Guide_v3.3,USER00499,read
00861_Compliance_Policy_v6.6,USER00499,read
00565_Compliance_Policy_v9.4,USER00499,read
00512_Operations_Manual_v2.3,USER00499,read
01124_Beneficial_Ownership_Guide_v3.0,USER00499,read
01532_Customer_Due_Diligence_Standard_v1.5,USER00499,read
01368_Reconciliation_Standard_v4.3,USER00499,read
01747_AML_Policy_v3.1,USER00499,read
02022_Funding_Guide_v1.8,USER00499,read
01172_KYC_Policy_v6.3,USER00500,read
02173_Regulatory_Change_Procedure_v7.6,USER00500,read
01905_SME_Underwriting_Procedure_v4.0,USER00500,read
00028_Beneficial_Ownership_Guide_v8.3,USER00500,read
01712_Reconciliation_Standard_v6.0,USER00500,read
01682_Operational_Risk_Standard_v3.8,USER00500,read
00674_Operational_Risk_Standard_v9.9,USER00500,read
00917_Compliance_Policy_v9.9,USER00500,read
01378_Market_Risk_Framework_v9.7,USER00500,read
01395_AML_Escalation_Procedure_v1.1,USER00500,read
