loan_id,customer_id,product,currency,principal,interest_rate,status,risk_band
LOAN0000001,CUST007884,working capital,GBP,9607828.21,9.72,Performing,Medium
LOAN0000002,CUST004062,mortgage,INR,1006778.26,12.74,Watch,Low
LOAN0000003,CUST001862,working capital,GBP,8737450.14,11.41,Performing,Medium
LOAN0000004,CUST009680,trade finance,USD,1837644.03,14.28,Watch,High
LOAN0000005,CUST007741,commercial overdraft,INR,4660619.86,15.83,NonPerforming,Low
LOAN0000006,CUST005529,working capital,USD,8767740.47,13.82,Watch,Very High
LOAN0000007,CUST007026,working capital,INR,5576336.24,5.45,Performing,High
LOAN0000008,CUST002731,term loan,GBP,5730121.73,11.56,Performing,Low
LOAN0000009,CUST007903,trade finance,USD,1526581.59,10.8,Watch,Medium
LOAN0000010,CUST009682,trade finance,INR,7432952.58,13.94,NonPerforming,Very High
LOAN0000011,CUST008363,term loan,USD,3695661.57,12.47,Performing,Very High
LOAN0000012,CUST006758,credit card,GBP,4042805.62,14.2,NonPerforming,High
LOAN0000013,CUST004646,commercial overdraft,INR,5793964.13,13.01,Performing,Very High
LOAN0000014,CUST005291,trade finance,USD,425466.58,12.15,Watch,Low
LOAN0000015,CUST002110,working capital,USD,7647569.23,7.98,Performing,High
LOAN0000016,CUST001695,credit card,USD,9522229.48,10.92,Watch,Medium
LOAN0000017,CUST002346,term loan,GBP,3697292.05,17.27,Performing,Very High
LOAN0000018,CUST003173,working capital,INR,9091283.69,6.69,Watch,Medium
LOAN0000019,CUST009262,credit card,USD,2599204.14,14.56,NonPerforming,Medium
LOAN0000020,CUST008875,trade finance,USD,413622.67,5.11,NonPerforming,Very High
LOAN0000021,CUST001719,commercial overdraft,USD,6702118.13,17.66,Watch,Low
LOAN0000022,CUST007912,trade finance,INR,4603508.08,13.21,Watch,Very High
LOAN0000023,CUST000851,mortgage,INR,5575459.74,10.82,Performing,Low
LOAN0000024,CUST009385,term loan,USD,4643839.93,6.51,NonPerforming,Medium
LOAN0000025,CUST007944,commercial overdraft,GBP,3595098.7,11.6,Watch,High
LOAN0000026,CUST005778,commercial overdraft,USD,4645246.49,10.6,NonPerforming,Low
LOAN0000027,CUST001346,trade finance,USD,502600.11,11.61,NonPerforming,Low
LOAN0000028,CUST005837,trade finance,USD,2462865.54,10.57,Performing,Low
LOAN0000029,CUST008466,trade finance,GBP,8792795.4,12.18,Performing,Medium
LOAN0000030,CUST002373,working capital,GBP,5784201.71,11.23,NonPerforming,Medium
LOAN0000031,CUST006537,credit card,INR,4438766.68,6.94,NonPerforming,Low
LOAN0000032,CUST009515,term loan,USD,6330250.66,15.71,Watch,Medium
LOAN0000033,CUST008752,credit card,GBP,3111564.24,16.13,Performing,Medium
LOAN0000034,CUST004692,commercial overdraft,USD,6883816.14,8.32,Performing,Medium
LOAN0000035,CUST004813,working capital,USD,3514105.2,13.33,Performing,Low
LOAN0000036,CUST002598,credit card,USD,9043984.69,8.64,Watch,High
LOAN0000037,CUST007474,term loan,GBP,9253090.02,12.86,Performing,Very High
LOAN0000038,CUST004669,working capital,INR,8663029.9,6.84,Performing,Low
LOAN0000039,CUST000562,term loan,INR,7979443.67,13.16,Watch,Very High
LOAN0000040,CUST009316,credit card,USD,8567792.12,16.54,Watch,High
LOAN0000041,CUST008196,trade finance,USD,4678326.59,15.13,Watch,High
LOAN0000042,CUST002323,term loan,INR,3152838.95,7.24,Performing,Medium
LOAN0000043,CUST006072,credit card,USD,2628565.21,13.17,NonPerforming,Medium
LOAN0000044,CUST004234,term loan,INR,4474501.15,16.16,Watch,Low
LOAN0000045,CUST009314,commercial overdraft,USD,698093.28,17.13,Watch,Low
LOAN0000046,CUST001575,trade finance,INR,1454707.27,9.49,Performing,Low
LOAN0000047,CUST006034,mortgage,INR,2209516.48,5.56,NonPerforming,Medium
LOAN0000048,CUST001023,commercial overdraft,USD,6422151.58,11.21,NonPerforming,Medium
LOAN0000049,CUST003634,commercial overdraft,USD,8748532.75,6.75,Watch,Medium
LOAN0000050,CUST009687,mortgage,USD,79274.36,14.98,Watch,Medium
LOAN0000051,CUST004354,term loan,INR,3555781.93,11.84,Watch,Medium
LOAN0000052,CUST001974,trade finance,GBP,1490943.49,17.75,Performing,Medium
LOAN0000053,CUST007847,working capital,INR,866025.23,17.81,NonPerforming,Very High
LOAN0000054,CUST000741,term loan,INR,2359928.34,12.03,Watch,High
LOAN0000055,CUST009739,mortgage,USD,7986121.25,16.61,Performing,Medium
LOAN0000056,CUST004081,working capital,INR,4207085.28,5.35,NonPerforming,Low
LOAN0000057,CUST009900,mortgage,USD,5715432.73,8.55,NonPerforming,Low
LOAN0000058,CUST008765,term loan,GBP,4742095.08,13.07,Watch,Medium
LOAN0000059,CUST009873,working capital,INR,7540111.01,10.11,NonPerforming,High
LOAN0000060,CUST002436,term loan,INR,334865.57,17.25,Watch,Medium
LOAN0000061,CUST003353,credit card,INR,1789496.05,16.17,NonPerforming,Very High
LOAN0000062,CUST000657,commercial overdraft,GBP,9514932.66,8.07,Watch,Very High
LOAN0000063,CUST000747,trade finance,GBP,1999282.16,15.04,Watch,High
LOAN0000064,CUST008265,term loan,INR,120686.85,10.72,Watch,Low
LOAN0000065,CUST009899,trade finance,GBP,3831032.75,6.84,NonPerforming,Low
LOAN0000066,CUST000208,mortgage,GBP,7822751.11,5.46,Watch,Low
LOAN0000067,CUST007294,working capital,INR,7010990.66,12.23,NonPerforming,Very High
LOAN0000068,CUST005558,mortgage,GBP,2380456.49,11.77,Performing,High
LOAN0000069,CUST009081,credit card,INR,4620728.35,11.8,NonPerforming,Low
LOAN0000070,CUST004336,working capital,GBP,7455454.08,11.26,Performing,Low
LOAN0000071,CUST005798,credit card,USD,7743676.1,14.75,Performing,Medium
LOAN0000072,CUST002605,trade finance,INR,7389356.68,12.34,Watch,Medium
LOAN0000073,CUST000965,term loan,USD,6401100.83,11.61,NonPerforming,Very High
LOAN0000074,CUST002720,mortgage,INR,5911398.86,15.55,NonPerforming,Medium
LOAN0000075,CUST005980,commercial overdraft,GBP,1984734.88,9.1,Performing,Medium
LOAN0000076,CUST000688,credit card,INR,6661172.69,16.29,Performing,Low
LOAN0000077,CUST002697,working capital,INR,1203265.66,5.12,Watch,Medium
LOAN0000078,CUST001928,commercial overdraft,GBP,3465636.64,5.44,NonPerforming,Low
LOAN0000079,CUST007511,trade finance,USD,2766905.02,5.48,Performing,High
LOAN0000080,CUST009217,trade finance,GBP,4629108.95,17.86,NonPerforming,Low
LOAN0000081,CUST009357,mortgage,USD,6601455.21,7.05,Performing,Low
LOAN0000082,CUST000598,mortgage,GBP,3179100.68,6.51,Performing,Medium
LOAN0000083,CUST002602,credit card,GBP,4945588.05,11.76,NonPerforming,Medium
LOAN0000084,CUST000760,credit card,USD,6288505.92,16.0,Watch,High
LOAN0000085,CUST004860,credit card,INR,4577892.94,16.6,NonPerforming,Very High
LOAN0000086,CUST002636,trade finance,INR,5047424.7,6.01,Watch,Medium
LOAN0000087,CUST008920,credit card,USD,6208815.29,6.76,NonPerforming,Low
LOAN0000088,CUST006311,trade finance,INR,7133603.96,9.91,NonPerforming,Medium
LOAN0000089,CUST004902,mortgage,INR,5785029.98,13.96,Watch,Medium
LOAN0000090,CUST001540,trade finance,USD,5610475.6,13.48,NonPerforming,Low
LOAN0000091,CUST007880,term loan,USD,3871214.86,7.37,Watch,Very High
LOAN0000092,CUST006661,mortgage,GBP,9513736.11,9.85,Watch,Low
LOAN0000093,CUST009602,mortgage,GBP,1532071.64,9.54,NonPerforming,High
LOAN0000094,CUST002368,mortgage,GBP,8439339.65,9.01,Watch,Medium
LOAN0000095,CUST009685,credit card,INR,4068281.35,17.32,Performing,High
LOAN0000096,CUST000355,term loan,GBP,724337.25,7.35,NonPerforming,Medium
LOAN0000097,CUST001963,credit card,GBP,7902348.62,16.51,NonPerforming,Low
LOAN0000098,CUST006141,credit card,INR,2065834.82,9.81,Watch,High
LOAN0000099,CUST009898,credit card,USD,144531.48,6.66,Performing,Medium
LOAN0000100,CUST000483,trade finance,USD,7025558.29,6.34,NonPerforming,Very High
LOAN0000101,CUST000708,term loan,GBP,6660817.3,16.68,NonPerforming,High
LOAN0000102,CUST006435,credit card,INR,7041190.48,10.45,Watch,Very High
LOAN0000103,CUST009484,working capital,USD,4345157.09,16.69,Performing,High
LOAN0000104,CUST000323,commercial overdraft,USD,9883330.93,9.65,NonPerforming,High
LOAN0000105,CUST005058,term loan,INR,8823541.39,14.43,Watch,High
LOAN0000106,CUST001533,mortgage,GBP,7475208.63,7.62,NonPerforming,Medium
LOAN0000107,CUST002177,working capital,GBP,2087374.88,7.47,Performing,High
LOAN0000108,CUST003965,working capital,USD,4712330.8,17.81,NonPerforming,High
LOAN0000109,CUST001648,working capital,INR,7285921.94,11.16,Watch,Medium
LOAN0000110,CUST008786,term loan,USD,1436792.77,7.53,Performing,Very High
LOAN0000111,CUST003234,term loan,GBP,7487556.03,9.42,Performing,Medium
LOAN0000112,CUST003444,trade finance,GBP,5413358.02,9.18,Performing,Low
LOAN0000113,CUST009812,credit card,GBP,5734601.4,5.25,Performing,Medium
LOAN0000114,CUST008054,trade finance,INR,5480811.22,15.54,NonPerforming,Low
LOAN0000115,CUST004349,mortgage,USD,6469854.47,7.59,NonPerforming,Very High
LOAN0000116,CUST007743,credit card,GBP,7801920.08,13.97,Watch,High
LOAN0000117,CUST001695,commercial overdraft,USD,1148341.97,13.61,NonPerforming,High
LOAN0000118,CUST006821,term loan,USD,7757477.42,13.41,Performing,Low
LOAN0000119,CUST000799,term loan,GBP,2445672.17,11.05,NonPerforming,Very High
LOAN0000120,CUST002110,term loan,GBP,6141409.97,10.0,NonPerforming,High
LOAN0000121,CUST004427,mortgage,GBP,391811.57,12.28,NonPerforming,Medium
LOAN0000122,CUST003789,commercial overdraft,INR,9022595.25,12.57,NonPerforming,High
LOAN0000123,CUST003182,trade finance,GBP,9583866.72,12.6,NonPerforming,Low
LOAN0000124,CUST009229,mortgage,USD,9079302.77,16.42,NonPerforming,Low
LOAN0000125,CUST004128,trade finance,INR,1070284.08,8.79,Performing,Very High
LOAN0000126,CUST000405,term loan,GBP,4150409.48,13.52,NonPerforming,Low
LOAN0000127,CUST004506,mortgage,INR,187898.89,7.44,Performing,Low
LOAN0000128,CUST002052,term loan,USD,9570870.23,9.12,NonPerforming,Very High
LOAN0000129,CUST004257,mortgage,USD,7448879.9,6.17,Watch,Medium
LOAN0000130,CUST006707,working capital,GBP,7071032.43,9.26,Watch,Medium
LOAN0000131,CUST002633,working capital,INR,4791144.98,17.37,NonPerforming,Very High
LOAN0000132,CUST003354,credit card,USD,7370795.03,9.06,NonPerforming,Medium
LOAN0000133,CUST008960,credit card,INR,2638272.16,11.65,Performing,High
LOAN0000134,CUST008396,working capital,GBP,8801338.96,16.48,Performing,Low
LOAN0000135,CUST008214,mortgage,INR,2836330.72,17.99,Watch,Low
LOAN0000136,CUST006504,credit card,USD,7580494.4,5.89,Performing,High
LOAN0000137,CUST004716,working capital,INR,7008633.65,17.97,Performing,Medium
LOAN0000138,CUST005923,commercial overdraft,GBP,1011487.12,5.44,Watch,Very High
LOAN0000139,CUST007392,credit card,USD,8108878.17,13.93,NonPerforming,Very High
LOAN0000140,CUST001773,working capital,GBP,9116893.24,10.8,NonPerforming,High
LOAN0000141,CUST002647,trade finance,GBP,1745314.4,15.74,Watch,Medium
LOAN0000142,CUST003408,mortgage,GBP,890163.16,13.44,NonPerforming,Low
LOAN0000143,CUST000269,term loan,USD,95447.79,8.47,Performing,Low
LOAN0000144,CUST002489,credit card,USD,8493874.09,5.34,Watch,High
LOAN0000145,CUST003774,term loan,USD,687731.39,12.63,Watch,Low
LOAN0000146,CUST002728,credit card,GBP,7319336.7,17.35,Performing,Very High
LOAN0000147,CUST008958,working capital,USD,9893839.58,5.12,NonPerforming,Low
LOAN0000148,CUST000742,term loan,GBP,2804054.57,9.31,NonPerforming,Low
LOAN0000149,CUST003713,term loan,INR,5391882.02,17.87,NonPerforming,Very High
LOAN0000150,CUST004335,working capital,GBP,3719636.26,8.39,Performing,Low
LOAN0000151,CUST004323,mortgage,USD,6922539.85,8.05,NonPerforming,Very High
LOAN0000152,CUST005955,term loan,GBP,4260381.92,5.99,Watch,Very High
LOAN0000153,CUST004726,credit card,GBP,745948.09,6.91,NonPerforming,Low
LOAN0000154,CUST008144,credit card,GBP,359552.17,12.75,Performing,Low
LOAN0000155,CUST002175,working capital,USD,645760.12,16.85,Performing,Very High
LOAN0000156,CUST005208,term loan,USD,8624402.77,11.78,Performing,Medium
LOAN0000157,CUST008668,term loan,INR,5894821.52,14.18,Watch,Low
LOAN0000158,CUST002790,working capital,USD,7334785.03,9.85,Performing,Medium
LOAN0000159,CUST003633,mortgage,USD,6555562.63,16.9,Watch,High
LOAN0000160,CUST006069,term loan,USD,4935338.19,8.72,Watch,Very High
LOAN0000161,CUST008209,commercial overdraft,USD,2138434.39,13.17,Watch,High
LOAN0000162,CUST006126,working capital,INR,7940090.34,15.14,NonPerforming,Low
LOAN0000163,CUST006999,trade finance,INR,1755820.04,7.01,NonPerforming,Low
LOAN0000164,CUST001464,term loan,USD,2171948.76,12.72,Performing,Very High
LOAN0000165,CUST003671,commercial overdraft,INR,3762004.51,7.37,Watch,Very High
LOAN0000166,CUST001001,trade finance,INR,4465513.18,8.13,Watch,Very High
LOAN0000167,CUST000209,working capital,GBP,3954288.04,7.89,NonPerforming,Medium
LOAN0000168,CUST000906,credit card,INR,970196.9,16.2,NonPerforming,Low
LOAN0000169,CUST002660,trade finance,USD,1533758.84,10.51,Performing,Medium
LOAN0000170,CUST001831,trade finance,USD,6328584.38,13.98,Watch,Very High
LOAN0000171,CUST003290,trade finance,USD,6159549.08,16.75,Performing,Medium
LOAN0000172,CUST006747,mortgage,GBP,1561047.0,15.71,Performing,Medium
LOAN0000173,CUST007780,working capital,INR,683438.79,8.89,Performing,Medium
LOAN0000174,CUST004565,mortgage,USD,1406479.65,6.07,Performing,Very High
LOAN0000175,CUST004117,working capital,USD,7234029.82,17.67,Watch,Medium
LOAN0000176,CUST007632,credit card,GBP,8791099.95,13.38,Performing,Medium
LOAN0000177,CUST000820,trade finance,GBP,6295721.87,12.36,Watch,Low
LOAN0000178,CUST008863,trade finance,USD,7811008.68,16.48,NonPerforming,Low
LOAN0000179,CUST007989,credit card,USD,9320990.13,6.09,Performing,Very High
LOAN0000180,CUST005429,commercial overdraft,GBP,2298417.51,11.77,NonPerforming,Low
LOAN0000181,CUST002484,mortgage,USD,4353010.27,9.91,Performing,High
LOAN0000182,CUST006701,trade finance,USD,8617393.9,5.37,Performing,Low
LOAN0000183,CUST009203,working capital,GBP,1562490.93,9.93,Watch,Low
LOAN0000184,CUST001138,credit card,USD,8228611.35,5.81,Performing,Very High
LOAN0000185,CUST004837,term loan,USD,9671882.59,16.95,NonPerforming,High
LOAN0000186,CUST004064,credit card,USD,5076644.97,10.3,Watch,Very High
LOAN0000187,CUST002967,credit card,GBP,3926209.36,10.52,NonPerforming,Low
LOAN0000188,CUST009809,term loan,GBP,6692241.1,14.61,Watch,High
LOAN0000189,CUST004315,term loan,INR,1032242.85,11.9,NonPerforming,High
LOAN0000190,CUST008867,working capital,USD,74164.76,17.47,NonPerforming,Low
LOAN0000191,CUST002484,commercial overdraft,GBP,5599991.09,13.31,NonPerforming,Medium
LOAN0000192,CUST007448,credit card,USD,4399769.32,16.38,Performing,Very High
LOAN0000193,CUST005466,commercial overdraft,INR,6407246.8,8.96,NonPerforming,Very High
LOAN0000194,CUST005721,term loan,GBP,1764609.93,16.6,NonPerforming,High
LOAN0000195,CUST005371,trade finance,INR,4276228.59,8.67,Watch,Very High
LOAN0000196,CUST007062,term loan,USD,1112329.57,14.64,Watch,Low
LOAN0000197,CUST000653,credit card,GBP,8052356.49,14.35,NonPerforming,Low
LOAN0000198,CUST008269,credit card,USD,4106859.12,6.98,NonPerforming,Low
LOAN0000199,CUST004688,working capital,GBP,9437138.87,12.88,NonPerforming,Low
LOAN0000200,CUST008716,mortgage,INR,2963027.88,10.95,NonPerforming,Medium
LOAN0000201,CUST000330,working capital,USD,4540957.77,8.92,Watch,High
LOAN0000202,CUST006048,term loan,INR,6308021.93,5.44,Performing,Medium
LOAN0000203,CUST007568,working capital,INR,9883570.78,11.76,NonPerforming,Medium
LOAN0000204,CUST000319,credit card,GBP,4479529.62,7.66,Watch,Low
LOAN0000205,CUST007374,term loan,INR,9191086.59,5.61,Watch,Very High
LOAN0000206,CUST008849,mortgage,USD,8439510.02,12.27,Performing,Low
LOAN0000207,CUST001507,mortgage,GBP,7285307.78,6.83,Watch,High
LOAN0000208,CUST004837,mortgage,USD,5118418.05,15.02,Performing,Very High
LOAN0000209,CUST009532,trade finance,GBP,605012.27,14.53,NonPerforming,Medium
LOAN0000210,CUST004977,commercial overdraft,INR,3407178.51,7.84,Watch,Medium
LOAN0000211,CUST003730,term loan,GBP,3965563.92,10.86,Performing,High
LOAN0000212,CUST008764,credit card,GBP,7275414.81,6.45,Watch,High
LOAN0000213,CUST000064,term loan,INR,7606275.18,14.89,Performing,Very High
LOAN0000214,CUST004907,trade finance,INR,2518082.65,14.61,Watch,Very High
LOAN0000215,CUST005173,term loan,USD,340955.09,11.46,Watch,Medium
LOAN0000216,CUST004389,mortgage,INR,8253514.72,15.86,Watch,Very High
LOAN0000217,CUST000791,working capital,USD,4764252.71,10.86,NonPerforming,High
LOAN0000218,CUST002971,working capital,GBP,8957519.05,9.15,Performing,Medium
LOAN0000219,CUST001459,commercial overdraft,INR,6761551.83,13.08,NonPerforming,Very High
LOAN0000220,CUST008902,term loan,USD,5838717.11,15.61,Watch,Low
LOAN0000221,CUST006545,working capital,USD,4321213.93,8.74,Watch,High
LOAN0000222,CUST005068,term loan,GBP,5045928.77,9.13,NonPerforming,Very High
LOAN0000223,CUST002740,term loan,GBP,278248.56,9.55,Performing,Low
LOAN0000224,CUST003522,term loan,GBP,2954239.62,6.27,Watch,High
LOAN0000225,CUST005314,mortgage,GBP,9217978.43,6.92,Performing,Very High
LOAN0000226,CUST004904,mortgage,INR,8537912.04,5.94,Watch,High
LOAN0000227,CUST001669,working capital,GBP,8420595.28,17.85,NonPerforming,High
LOAN0000228,CUST000856,trade finance,INR,6072269.76,17.05,Watch,Very High
LOAN0000229,CUST001780,working capital,USD,4285129.61,11.22,Watch,Low
LOAN0000230,CUST000834,working capital,INR,1691350.13,5.46,NonPerforming,Low
LOAN0000231,CUST003636,mortgage,INR,7304260.33,16.22,NonPerforming,Low
LOAN0000232,CUST001132,trade finance,GBP,3286905.66,11.7,Watch,Low
LOAN0000233,CUST003040,commercial overdraft,USD,7376049.1,10.15,NonPerforming,Medium
LOAN0000234,CUST007438,mortgage,INR,8958013.39,14.36,NonPerforming,Low
LOAN0000235,CUST001208,trade finance,USD,3772863.35,14.78,Performing,High
LOAN0000236,CUST004693,mortgage,INR,3369696.54,16.08,NonPerforming,High
LOAN0000237,CUST003688,term loan,INR,9563630.91,14.02,NonPerforming,Medium
LOAN0000238,CUST005734,mortgage,INR,9750252.45,5.7,NonPerforming,Medium
LOAN0000239,CUST002309,term loan,GBP,993153.51,15.33,NonPerforming,Low
LOAN0000240,CUST007596,trade finance,INR,5973002.1,13.44,NonPerforming,High
LOAN0000241,CUST003724,credit card,GBP,851025.4,16.89,Performing,Medium
LOAN0000242,CUST004578,term loan,INR,6141818.79,8.36,Performing,Medium
LOAN0000243,CUST000919,commercial overdraft,GBP,1737814.54,15.96,Watch,Low
LOAN0000244,CUST008788,term loan,INR,9219330.57,14.29,Watch,High
LOAN0000245,CUST000806,term loan,USD,3973412.19,14.14,Watch,Very High
LOAN0000246,CUST005353,trade finance,USD,3945715.45,16.83,Performing,Low
LOAN0000247,CUST005982,term loan,GBP,4528017.3,6.95,Watch,Low
LOAN0000248,CUST009461,working capital,INR,4299217.37,12.17,NonPerforming,Low
LOAN0000249,CUST007559,mortgage,GBP,6565242.75,8.04,Watch,Low
LOAN0000250,CUST000057,working capital,INR,7215754.65,11.29,Performing,High
LOAN0000251,CUST001952,term loan,USD,4949794.92,12.28,Watch,Very High
LOAN0000252,CUST004612,mortgage,USD,2008998.99,16.45,Watch,Medium
LOAN0000253,CUST009451,credit card,USD,619144.8,13.17,Watch,Very High
LOAN0000254,CUST007577,credit card,USD,7338034.2,8.32,Performing,Medium
LOAN0000255,CUST002223,working capital,GBP,7886364.21,13.92,NonPerforming,Medium
LOAN0000256,CUST002634,working capital,GBP,4440617.73,9.38,Watch,Very High
LOAN0000257,CUST005441,mortgage,INR,3165092.26,14.58,Performing,Medium
LOAN0000258,CUST006912,credit card,GBP,5602905.8,12.5,NonPerforming,Medium
LOAN0000259,CUST005502,term loan,GBP,1106823.39,11.51,Performing,High
LOAN0000260,CUST003538,mortgage,GBP,2466017.85,12.99,Watch,High
LOAN0000261,CUST001551,commercial overdraft,INR,3697984.58,16.82,Watch,Very High
LOAN0000262,CUST000639,commercial overdraft,GBP,5094995.36,6.02,Watch,High
LOAN0000263,CUST005089,credit card,INR,1958418.94,9.4,Performing,Very High
LOAN0000264,CUST007833,term loan,INR,8749740.2,13.32,NonPerforming,Very High
LOAN0000265,CUST005582,trade finance,GBP,3912441.08,10.31,Watch,High
LOAN0000266,CUST005091,commercial overdraft,USD,2030410.44,9.03,Watch,Very High
LOAN0000267,CUST000899,term loan,USD,8866676.56,14.01,Watch,Low
LOAN0000268,CUST009019,mortgage,USD,3059779.64,15.24,Watch,Medium
LOAN0000269,CUST009611,trade finance,INR,566163.87,8.65,Watch,Medium
LOAN0000270,CUST008773,credit card,USD,358795.68,12.55,Watch,Low
LOAN0000271,CUST008046,working capital,INR,4748289.82,13.78,Watch,Medium
LOAN0000272,CUST009326,trade finance,GBP,8587570.03,9.81,NonPerforming,High
LOAN0000273,CUST008484,commercial overdraft,GBP,2268032.66,17.23,Performing,Very High
LOAN0000274,CUST006499,commercial overdraft,GBP,5723474.05,14.19,Watch,Low
LOAN0000275,CUST008322,trade finance,INR,954395.22,14.0,Performing,High
LOAN0000276,CUST009645,term loan,INR,5695032.43,16.8,Performing,Low
LOAN0000277,CUST004748,mortgage,USD,3033955.83,8.69,NonPerforming,High
LOAN0000278,CUST000181,mortgage,GBP,3903394.16,15.99,Performing,High
LOAN0000279,CUST006805,trade finance,USD,4379985.48,6.91,Watch,Low
LOAN0000280,CUST002567,commercial overdraft,GBP,6210195.89,10.1,Watch,Very High
LOAN0000281,CUST009230,credit card,INR,7723771.8,16.26,Performing,Very High
LOAN0000282,CUST008198,commercial overdraft,GBP,5390692.86,14.88,NonPerforming,Very High
LOAN0000283,CUST004481,term loan,USD,5407675.28,11.7,Performing,Medium
LOAN0000284,CUST008399,term loan,USD,8739260.9,9.33,Watch,Low
LOAN0000285,CUST007774,credit card,USD,5013857.97,5.05,Performing,Medium
LOAN0000286,CUST001278,credit card,USD,9531057.58,9.35,NonPerforming,Medium
LOAN0000287,CUST001386,term loan,INR,6583295.15,9.88,Watch,High
LOAN0000288,CUST006355,term loan,USD,7583939.05,17.72,Watch,Very High
LOAN0000289,CUST003046,commercial overdraft,INR,2769370.14,16.38,NonPerforming,Medium
LOAN0000290,CUST006750,mortgage,GBP,8881551.85,9.37,Performing,High
LOAN0000291,CUST008747,credit card,USD,9942145.46,7.95,Performing,Low
LOAN0000292,CUST002173,credit card,GBP,29471.04,13.46,Watch,Very High
LOAN0000293,CUST002525,credit card,GBP,580459.12,6.93,Performing,High
LOAN0000294,CUST004280,mortgage,GBP,7188146.42,16.08,Watch,Very High
LOAN0000295,CUST005408,term loan,GBP,3332203.76,5.96,Watch,Very High
LOAN0000296,CUST008448,trade finance,USD,948694.0,5.82,Watch,Low
LOAN0000297,CUST001661,commercial overdraft,GBP,3236928.7,14.6,Performing,High
LOAN0000298,CUST004180,term loan,USD,8627716.86,16.35,Watch,Low
LOAN0000299,CUST006449,mortgage,INR,2700534.85,8.6,Performing,Low
LOAN0000300,CUST007904,trade finance,USD,2144334.96,12.04,Performing,Low
LOAN0000301,CUST003016,term loan,INR,9780787.0,8.75,NonPerforming,High
LOAN0000302,CUST005559,credit card,USD,4047594.82,8.95,Watch,Very High
LOAN0000303,CUST008311,trade finance,USD,4998963.56,15.31,NonPerforming,Low
LOAN0000304,CUST003763,commercial overdraft,INR,8472867.96,11.59,NonPerforming,Very High
LOAN0000305,CUST004094,credit card,USD,3215659.49,9.29,Watch,Very High
LOAN0000306,CUST005757,trade finance,GBP,8753072.47,15.17,Watch,Medium
LOAN0000307,CUST005009,working capital,INR,5860947.07,8.58,NonPerforming,Medium
LOAN0000308,CUST004379,mortgage,GBP,9522088.52,8.98,Watch,Very High
LOAN0000309,CUST002328,mortgage,INR,600982.94,5.54,NonPerforming,Very High
LOAN0000310,CUST006536,mortgage,USD,5708398.55,5.2,NonPerforming,Low
LOAN0000311,CUST006052,credit card,USD,5998115.82,13.63,Watch,Low
LOAN0000312,CUST002579,mortgage,INR,1558347.01,12.82,Performing,High
LOAN0000313,CUST007044,trade finance,USD,9364883.05,8.74,NonPerforming,Medium
LOAN0000314,CUST004805,term loan,USD,3158239.15,15.61,Performing,High
LOAN0000315,CUST009602,term loan,GBP,1444444.61,16.76,Performing,Medium
LOAN0000316,CUST004529,credit card,USD,6981849.54,9.91,Watch,Low
LOAN0000317,CUST001377,working capital,GBP,5828115.46,14.61,Performing,Medium
LOAN0000318,CUST009607,commercial overdraft,GBP,1414899.42,8.45,Watch,Low
LOAN0000319,CUST008809,commercial overdraft,USD,2055155.33,7.56,NonPerforming,Medium
LOAN0000320,CUST005698,term loan,USD,3838791.53,10.26,Watch,Low
LOAN0000321,CUST007826,commercial overdraft,USD,5708050.4,11.9,NonPerforming,Medium
LOAN0000322,CUST001815,mortgage,GBP,334405.17,7.04,Performing,High
LOAN0000323,CUST005755,credit card,GBP,903328.25,11.88,Watch,Very High
LOAN0000324,CUST007102,mortgage,GBP,2906519.34,15.04,NonPerforming,Low
LOAN0000325,CUST004255,commercial overdraft,GBP,2929689.06,7.75,Performing,High
LOAN0000326,CUST002962,working capital,GBP,3401773.6,9.22,Watch,Medium
LOAN0000327,CUST000808,mortgage,GBP,9000750.86,16.92,NonPerforming,High
LOAN0000328,CUST009911,working capital,GBP,9141721.93,10.97,Watch,Very High
LOAN0000329,CUST003311,term loan,GBP,3996224.56,11.44,Performing,High
LOAN0000330,CUST007114,commercial overdraft,GBP,6774810.51,14.93,Watch,Very High
LOAN0000331,CUST002801,trade finance,USD,1452761.85,12.24,Performing,Low
LOAN0000332,CUST005891,trade finance,INR,1467767.84,10.03,Watch,Low
LOAN0000333,CUST001921,credit card,GBP,166426.02,10.81,Watch,High
LOAN0000334,CUST002248,term loan,USD,646256.3,12.63,Watch,Very High
LOAN0000335,CUST002236,commercial overdraft,USD,5999155.71,9.16,Performing,Low
LOAN0000336,CUST007497,credit card,GBP,3023075.09,7.72,NonPerforming,Very High
LOAN0000337,CUST002067,commercial overdraft,USD,117411.74,11.37,NonPerforming,Low
LOAN0000338,CUST009076,working capital,GBP,1998070.95,16.2,NonPerforming,Low
LOAN0000339,CUST003550,credit card,USD,6801466.19,6.39,Performing,High
LOAN0000340,CUST007459,commercial overdraft,GBP,8989296.04,14.49,Performing,Medium
LOAN0000341,CUST005948,trade finance,INR,1968741.96,5.28,Performing,Low
LOAN0000342,CUST006504,mortgage,INR,1320155.2,10.68,Watch,Medium
LOAN0000343,CUST006266,credit card,USD,9621179.04,15.94,Performing,High
LOAN0000344,CUST004245,term loan,INR,904984.0,12.91,Watch,High
LOAN0000345,CUST005970,credit card,USD,9553450.11,5.98,NonPerforming,Low
LOAN0000346,CUST006701,commercial overdraft,GBP,6181641.01,11.77,NonPerforming,High
LOAN0000347,CUST003300,working capital,INR,6544370.06,15.35,Watch,Medium
LOAN0000348,CUST007000,commercial overdraft,INR,4467284.16,5.46,NonPerforming,High
LOAN0000349,CUST007873,trade finance,GBP,2878699.04,6.88,NonPerforming,Medium
LOAN0000350,CUST000988,commercial overdraft,INR,1624625.48,6.96,NonPerforming,Low
LOAN0000351,CUST008415,trade finance,GBP,2584201.83,5.94,Watch,Very High
LOAN0000352,CUST002053,working capital,GBP,9359349.49,10.89,Watch,Very High
LOAN0000353,CUST003314,mortgage,INR,533915.18,5.99,Watch,Medium
LOAN0000354,CUST007364,mortgage,GBP,2721184.24,7.99,NonPerforming,High
LOAN0000355,CUST008636,working capital,USD,4204678.03,9.11,Watch,High
LOAN0000356,CUST002536,mortgage,USD,9111632.44,9.63,NonPerforming,Medium
LOAN0000357,CUST004688,mortgage,USD,380903.18,6.86,NonPerforming,Low
LOAN0000358,CUST002977,trade finance,USD,6371150.8,16.0,NonPerforming,Low
LOAN0000359,CUST007108,mortgage,GBP,9365531.53,12.3,Performing,Medium
LOAN0000360,CUST001650,credit card,INR,2687862.55,6.12,NonPerforming,High
LOAN0000361,CUST000907,mortgage,USD,348173.58,14.07,Performing,Low
LOAN0000362,CUST001751,commercial overdraft,INR,4816155.34,17.75,NonPerforming,Very High
LOAN0000363,CUST003778,working capital,GBP,5193009.56,10.29,NonPerforming,Medium
LOAN0000364,CUST003807,trade finance,USD,7243753.28,10.41,NonPerforming,Medium
LOAN0000365,CUST000213,term loan,USD,3229451.33,5.26,Watch,Medium
LOAN0000366,CUST008816,credit card,USD,3168166.67,8.91,Performing,Very High
LOAN0000367,CUST005592,mortgage,USD,534893.41,5.59,Watch,Low
LOAN0000368,CUST003477,trade finance,INR,2241037.26,6.08,Performing,Low
LOAN0000369,CUST005888,credit card,INR,3349066.45,12.55,Watch,Very High
LOAN0000370,CUST003502,commercial overdraft,INR,5883371.67,15.04,Performing,Very High
LOAN0000371,CUST005378,commercial overdraft,INR,5048338.89,13.38,Performing,High
LOAN0000372,CUST009354,working capital,USD,4775002.81,5.87,Watch,Low
LOAN0000373,CUST002706,trade finance,GBP,8376498.44,13.06,Watch,Very High
LOAN0000374,CUST005153,working capital,GBP,3124570.3,6.52,Watch,Very High
LOAN0000375,CUST001975,trade finance,GBP,4828826.68,14.97,Performing,Medium
LOAN0000376,CUST005928,term loan,INR,961035.25,10.13,NonPerforming,Very High
LOAN0000377,CUST006289,credit card,USD,8296172.68,8.94,NonPerforming,High
LOAN0000378,CUST008695,commercial overdraft,USD,718031.66,5.13,Performing,Very High
LOAN0000379,CUST007482,credit card,GBP,5595127.63,16.15,NonPerforming,Medium
LOAN0000380,CUST000930,credit card,INR,35358.58,11.27,NonPerforming,Medium
LOAN0000381,CUST006870,credit card,USD,8075791.7,5.82,Performing,High
LOAN0000382,CUST000384,credit card,USD,9679062.69,14.2,Performing,High
LOAN0000383,CUST001190,working capital,USD,7699515.99,16.94,Performing,Medium
LOAN0000384,CUST004890,commercial overdraft,INR,1202521.94,6.76,NonPerforming,Low
LOAN0000385,CUST006024,trade finance,GBP,5553526.14,11.93,NonPerforming,Very High
LOAN0000386,CUST000118,credit card,INR,4583883.38,16.69,Performing,Very High
LOAN0000387,CUST001139,commercial overdraft,GBP,5775947.98,10.69,NonPerforming,Very High
LOAN0000388,CUST004995,trade finance,GBP,9053359.62,5.61,Watch,Medium
LOAN0000389,CUST008896,credit card,USD,5078385.58,5.17,NonPerforming,Medium
LOAN0000390,CUST005594,working capital,USD,6167863.19,8.55,Watch,Medium
LOAN0000391,CUST005861,term loan,INR,6970235.63,16.38,NonPerforming,Very High
LOAN0000392,CUST007132,trade finance,GBP,563119.06,17.6,Watch,Very High
LOAN0000393,CUST009775,term loan,GBP,3708443.4,15.66,NonPerforming,Medium
LOAN0000394,CUST003849,commercial overdraft,GBP,1556720.44,9.34,Watch,Low
LOAN0000395,CUST001578,working capital,USD,7466652.62,9.58,Performing,Low
LOAN0000396,CUST008728,working capital,USD,3112775.41,13.19,Watch,High
LOAN0000397,CUST009816,working capital,GBP,6568899.25,8.45,NonPerforming,Very High
LOAN0000398,CUST007327,commercial overdraft,GBP,6323776.29,5.87,Watch,High
LOAN0000399,CUST005266,term loan,USD,5419683.87,10.34,Watch,Very High
LOAN0000400,CUST003347,credit card,GBP,9616181.44,6.77,NonPerforming,Medium
LOAN0000401,CUST004924,commercial overdraft,INR,2770985.69,10.65,Performing,Medium
LOAN0000402,CUST004766,mortgage,INR,3143547.67,17.06,Watch,Very High
LOAN0000403,CUST002206,commercial overdraft,GBP,4980078.34,15.29,NonPerforming,Low
LOAN0000404,CUST003383,term loan,USD,447017.88,9.64,NonPerforming,Low
LOAN0000405,CUST003453,credit card,USD,9619597.45,12.54,Watch,Very High
LOAN0000406,CUST003929,mortgage,USD,3766636.35,11.02,Performing,Medium
LOAN0000407,CUST003685,mortgage,GBP,2357160.5,16.9,Performing,High
LOAN0000408,CUST002947,commercial overdraft,INR,1302176.36,17.19,Watch,Low
LOAN0000409,CUST008583,commercial overdraft,USD,1357736.62,12.87,Performing,Medium
LOAN0000410,CUST001320,mortgage,GBP,5482933.52,17.53,Performing,High
LOAN0000411,CUST005991,credit card,GBP,3069194.76,14.88,Performing,Very High
LOAN0000412,CUST001202,trade finance,USD,6394666.0,13.44,Performing,Medium
LOAN0000413,CUST009025,commercial overdraft,GBP,2236810.53,10.78,Performing,High
LOAN0000414,CUST006635,mortgage,INR,7848409.81,13.04,NonPerforming,Very High
LOAN0000415,CUST006418,term loan,USD,7188894.78,16.99,NonPerforming,Low
LOAN0000416,CUST008168,working capital,USD,9194839.63,5.43,Performing,High
LOAN0000417,CUST007676,term loan,USD,2258757.4,7.11,NonPerforming,High
LOAN0000418,CUST004480,mortgage,INR,5684270.15,6.06,NonPerforming,High
LOAN0000419,CUST007895,term loan,USD,8677848.21,8.34,NonPerforming,Low
LOAN0000420,CUST005139,term loan,INR,5984508.74,7.03,NonPerforming,High
LOAN0000421,CUST005001,term loan,INR,1374800.87,8.15,Performing,Low
LOAN0000422,CUST004464,mortgage,GBP,5683817.94,5.77,NonPerforming,High
LOAN0000423,CUST002498,credit card,INR,4999902.41,17.54,Watch,Very High
LOAN0000424,CUST002404,trade finance,GBP,358702.76,15.1,NonPerforming,Very High
LOAN0000425,CUST008822,term loan,GBP,3636671.12,13.45,NonPerforming,High
LOAN0000426,CUST007577,trade finance,GBP,6134931.13,7.31,NonPerforming,Low
LOAN0000427,CUST002646,working capital,GBP,2401707.72,13.83,Watch,High
LOAN0000428,CUST005927,working capital,GBP,6395772.16,14.15,Watch,Low
LOAN0000429,CUST004264,credit card,INR,5339869.65,5.68,Watch,Very High
LOAN0000430,CUST008518,credit card,INR,2263876.8,6.16,Performing,Low
LOAN0000431,CUST001751,mortgage,USD,7699044.87,17.53,Performing,Very High
LOAN0000432,CUST006472,credit card,GBP,3644569.92,16.8,Performing,High
LOAN0000433,CUST009465,trade finance,GBP,4268315.38,8.51,Performing,Medium
LOAN0000434,CUST006677,trade finance,INR,966011.43,16.34,Performing,High
LOAN0000435,CUST000426,commercial overdraft,USD,3046750.37,16.56,NonPerforming,High
LOAN0000436,CUST000030,credit card,INR,7289321.57,11.58,Watch,Low
LOAN0000437,CUST003725,credit card,INR,5241216.53,11.37,Watch,Very High
LOAN0000438,CUST003304,trade finance,USD,672540.51,12.61,Watch,Very High
LOAN0000439,CUST005467,mortgage,USD,2975632.58,5.79,Performing,Low
LOAN0000440,CUST005145,credit card,USD,4004372.33,12.56,NonPerforming,Low
LOAN0000441,CUST007747,mortgage,GBP,3732258.25,14.44,Performing,High
LOAN0000442,CUST009000,term loan,GBP,7587439.78,17.95,NonPerforming,High
LOAN0000443,CUST008785,mortgage,INR,5825432.74,13.3,Watch,Low
LOAN0000444,CUST009906,working capital,USD,1556848.07,12.48,Watch,Very High
LOAN0000445,CUST005680,trade finance,USD,5599654.74,10.97,Watch,High
LOAN0000446,CUST000984,commercial overdraft,USD,8693848.32,11.97,Watch,Very High
LOAN0000447,CUST002079,commercial overdraft,USD,309949.68,12.0,Watch,Medium
LOAN0000448,CUST006289,mortgage,GBP,9720979.29,7.62,Watch,Medium
LOAN0000449,CUST007971,credit card,USD,5302688.74,7.0,NonPerforming,High
LOAN0000450,CUST003698,mortgage,INR,4810335.96,17.41,NonPerforming,High
LOAN0000451,CUST001140,commercial overdraft,USD,9419583.4,15.38,Watch,Low
LOAN0000452,CUST004922,working capital,USD,1090833.41,13.99,Watch,Low
LOAN0000453,CUST005552,working capital,GBP,2693889.65,16.4,Performing,High
LOAN0000454,CUST003943,term loan,GBP,7127466.75,12.4,NonPerforming,Low
LOAN0000455,CUST009968,working capital,INR,3856035.63,7.89,Watch,Low
LOAN0000456,CUST002581,working capital,INR,9065965.31,11.99,NonPerforming,Medium
LOAN0000457,CUST000979,mortgage,USD,5905499.18,17.25,NonPerforming,High
LOAN0000458,CUST005803,credit card,USD,897882.93,5.02,NonPerforming,High
LOAN0000459,CUST008063,mortgage,USD,190139.79,11.69,Watch,Medium
LOAN0000460,CUST007680,working capital,GBP,9054243.24,11.39,NonPerforming,Low
LOAN0000461,CUST003509,term loan,USD,4864068.2,13.86,Watch,Very High
LOAN0000462,CUST006195,trade finance,INR,2873108.06,17.64,Watch,Very High
LOAN0000463,CUST003097,commercial overdraft,GBP,5303259.62,8.91,Watch,High
LOAN0000464,CUST002902,term loan,GBP,8153420.54,13.3,NonPerforming,Very High
LOAN0000465,CUST006412,credit card,GBP,9774310.37,17.59,Watch,Very High
LOAN0000466,CUST001144,working capital,USD,9575834.96,17.15,Watch,High
LOAN0000467,CUST002326,term loan,USD,3162175.38,8.9,Watch,Very High
LOAN0000468,CUST004471,commercial overdraft,USD,8368563.84,15.63,Watch,Very High
LOAN0000469,CUST007145,mortgage,INR,7340954.74,12.69,Watch,High
LOAN0000470,CUST009184,mortgage,GBP,1405820.91,6.14,NonPerforming,Low
LOAN0000471,CUST008959,commercial overdraft,INR,2101119.37,17.29,NonPerforming,Medium
LOAN0000472,CUST002155,trade finance,GBP,9694224.09,10.01,Watch,Medium
LOAN0000473,CUST007068,credit card,INR,6316062.5,12.45,NonPerforming,High
LOAN0000474,CUST002008,credit card,USD,8745803.33,16.29,Watch,Low
LOAN0000475,CUST005295,working capital,GBP,4305821.9,12.03,Watch,Low
LOAN0000476,CUST007543,working capital,USD,550450.49,5.53,NonPerforming,Very High
LOAN0000477,CUST006207,credit card,INR,3283157.44,9.32,Performing,Low
LOAN0000478,CUST002578,term loan,GBP,4081472.33,10.9,Performing,Very High
LOAN0000479,CUST006338,working capital,USD,7267083.49,11.29,NonPerforming,Low
LOAN0000480,CUST006761,commercial overdraft,GBP,9983867.69,13.57,Watch,High
LOAN0000481,CUST005359,commercial overdraft,USD,5244547.79,6.87,Watch,Very High
LOAN0000482,CUST002884,mortgage,GBP,7426543.54,13.4,NonPerforming,Medium
LOAN0000483,CUST003741,commercial overdraft,INR,7052679.01,15.18,Watch,Very High
LOAN0000484,CUST002149,credit card,USD,7852980.59,17.17,NonPerforming,High
LOAN0000485,CUST005391,credit card,USD,8849920.84,16.1,NonPerforming,High
LOAN0000486,CUST003348,commercial overdraft,INR,2813677.2,16.73,NonPerforming,Low
LOAN0000487,CUST008583,commercial overdraft,GBP,6321919.99,16.1,Performing,High
LOAN0000488,CUST005721,mortgage,USD,8774811.93,11.91,Performing,Very High
LOAN0000489,CUST007605,working capital,USD,3756371.22,11.41,Watch,Very High
LOAN0000490,CUST005380,mortgage,INR,8271340.85,9.87,Watch,Very High
LOAN0000491,CUST006121,working capital,GBP,687797.33,15.45,Watch,Low
LOAN0000492,CUST005903,working capital,INR,7322412.96,6.76,Performing,Low
LOAN0000493,CUST005260,trade finance,USD,3343134.19,9.51,Watch,Medium
LOAN0000494,CUST009231,commercial overdraft,INR,2165658.27,6.58,NonPerforming,Medium
LOAN0000495,CUST007708,trade finance,USD,5825440.66,13.8,Performing,Medium
LOAN0000496,CUST006290,working capital,USD,4661195.54,12.28,NonPerforming,Low
LOAN0000497,CUST000228,working capital,INR,2058181.5,10.59,Performing,Medium
LOAN0000498,CUST004802,term loan,INR,4411030.48,13.58,NonPerforming,Very High
LOAN0000499,CUST004169,trade finance,GBP,8559815.51,12.97,Watch,Medium
LOAN0000500,CUST007208,commercial overdraft,INR,151256.93,9.94,Performing,Medium
LOAN0000501,CUST002841,trade finance,GBP,9083161.34,13.61,NonPerforming,Very High
LOAN0000502,CUST006664,mortgage,USD,381260.82,10.42,Performing,Very High
LOAN0000503,CUST004416,working capital,USD,1656630.35,8.17,NonPerforming,Very High
LOAN0000504,CUST004737,mortgage,USD,2424673.13,12.69,NonPerforming,High
LOAN0000505,CUST007189,commercial overdraft,USD,3639089.61,6.52,Watch,Medium
LOAN0000506,CUST005814,working capital,GBP,5739246.23,7.12,NonPerforming,High
LOAN0000507,CUST007139,mortgage,INR,9443289.67,12.04,NonPerforming,Very High
LOAN0000508,CUST007251,trade finance,INR,8028308.55,15.85,NonPerforming,High
LOAN0000509,CUST001643,credit card,GBP,7096295.97,6.52,Performing,Low
LOAN0000510,CUST009239,working capital,GBP,8550204.11,14.32,NonPerforming,Very High
LOAN0000511,CUST008185,term loan,USD,6930907.5,8.87,Performing,High
LOAN0000512,CUST002359,credit card,GBP,4286872.12,15.92,Performing,High
LOAN0000513,CUST005659,working capital,INR,8604932.97,5.24,Performing,High
LOAN0000514,CUST000299,trade finance,USD,3312496.98,13.25,Watch,High
LOAN0000515,CUST005399,term loan,USD,7479179.42,7.1,Watch,Low
LOAN0000516,CUST001800,working capital,USD,3567865.55,10.34,Performing,Very High
LOAN0000517,CUST008057,mortgage,GBP,2862845.57,15.98,NonPerforming,Medium
LOAN0000518,CUST000742,term loan,INR,8638619.45,13.01,Performing,Low
LOAN0000519,CUST006704,working capital,GBP,5618287.78,10.24,Watch,High
LOAN0000520,CUST008078,trade finance,GBP,1457509.64,11.83,Performing,Low
LOAN0000521,CUST005098,trade finance,USD,7550919.42,14.92,Watch,Very High
LOAN0000522,CUST007030,working capital,INR,6775361.43,5.24,NonPerforming,Medium
LOAN0000523,CUST005153,trade finance,USD,2488947.97,14.96,Performing,Very High
LOAN0000524,CUST004469,working capital,USD,4567875.65,10.82,Performing,Very High
LOAN0000525,CUST005499,term loan,GBP,2079289.81,10.27,Performing,High
LOAN0000526,CUST005308,trade finance,USD,3833373.85,6.07,Performing,Medium
LOAN0000527,CUST003499,commercial overdraft,GBP,2408179.54,10.37,Watch,Very High
LOAN0000528,CUST007411,term loan,INR,5528879.84,11.29,Performing,Very High
LOAN0000529,CUST002922,trade finance,GBP,7216832.92,16.3,Performing,Medium
LOAN0000530,CUST007909,term loan,INR,904302.75,16.83,NonPerforming,Low
LOAN0000531,CUST000824,term loan,INR,746946.49,17.79,Watch,High
LOAN0000532,CUST004629,commercial overdraft,GBP,605047.72,7.92,Watch,Very High
LOAN0000533,CUST006169,term loan,INR,7645169.13,10.12,NonPerforming,Medium
LOAN0000534,CUST009431,trade finance,INR,9912363.5,8.27,NonPerforming,Low
LOAN0000535,CUST003849,credit card,GBP,5722139.23,11.43,NonPerforming,High
LOAN0000536,CUST006666,term loan,USD,6772142.78,9.27,Watch,Medium
LOAN0000537,CUST008446,trade finance,INR,9847342.86,15.37,NonPerforming,Very High
LOAN0000538,CUST008081,credit card,INR,1589389.04,10.63,Performing,Medium
LOAN0000539,CUST006465,term loan,USD,4866572.33,13.4,NonPerforming,High
LOAN0000540,CUST008534,credit card,GBP,5980426.11,11.9,Watch,Low
LOAN0000541,CUST009528,working capital,GBP,933093.28,5.56,Watch,High
LOAN0000542,CUST004253,trade finance,INR,297371.03,12.12,Performing,High
LOAN0000543,CUST002428,credit card,USD,5439234.37,15.29,Performing,Low
LOAN0000544,CUST005971,term loan,INR,6343354.89,14.58,Watch,High
LOAN0000545,CUST002230,credit card,INR,4393043.6,13.95,Performing,Medium
LOAN0000546,CUST009175,commercial overdraft,GBP,7668034.47,12.5,NonPerforming,Medium
LOAN0000547,CUST000885,trade finance,USD,2947707.05,17.51,Watch,Very High
LOAN0000548,CUST003352,trade finance,USD,32440.13,17.37,NonPerforming,Very High
LOAN0000549,CUST008097,credit card,INR,399335.6,17.45,NonPerforming,Very High
LOAN0000550,CUST009296,credit card,GBP,1838404.61,10.26,NonPerforming,Very High
LOAN0000551,CUST009047,commercial overdraft,INR,5791356.51,11.3,NonPerforming,Very High
LOAN0000552,CUST006049,working capital,USD,9851390.6,9.32,NonPerforming,Medium
LOAN0000553,CUST008959,mortgage,INR,2788502.66,6.99,Performing,High
LOAN0000554,CUST008039,credit card,GBP,7783076.69,16.75,Watch,Very High
LOAN0000555,CUST007133,mortgage,USD,3404802.17,10.55,Watch,Medium
LOAN0000556,CUST005646,working capital,USD,6741241.91,7.15,Performing,Low
LOAN0000557,CUST000319,credit card,USD,1715071.86,14.06,NonPerforming,Very High
LOAN0000558,CUST002538,trade finance,INR,5717499.48,17.01,Watch,High
LOAN0000559,CUST001105,mortgage,GBP,3556858.46,10.69,Performing,High
LOAN0000560,CUST009286,credit card,USD,2830403.41,15.04,Performing,Medium
LOAN0000561,CUST009148,term loan,GBP,4615513.77,10.05,Watch,Low
LOAN0000562,CUST005622,working capital,GBP,5995330.73,5.72,Watch,Low
LOAN0000563,CUST007358,credit card,GBP,7990219.87,14.76,NonPerforming,Low
LOAN0000564,CUST008175,working capital,INR,4082600.21,14.35,Watch,Low
LOAN0000565,CUST006025,commercial overdraft,INR,8625495.59,14.63,Performing,Very High
LOAN0000566,CUST005777,working capital,USD,9197104.38,12.84,Performing,High
LOAN0000567,CUST004588,working capital,USD,5747885.2,7.98,Watch,High
LOAN0000568,CUST002113,working capital,USD,9308973.43,7.28,Watch,Very High
LOAN0000569,CUST001741,credit card,INR,8141227.97,16.42,Watch,Very High
LOAN0000570,CUST008831,commercial overdraft,USD,1947489.67,14.3,Performing,Medium
LOAN0000571,CUST009381,credit card,INR,1516248.21,10.34,Performing,Very High
LOAN0000572,CUST007319,mortgage,INR,9556621.4,17.53,Watch,Medium
LOAN0000573,CUST005407,trade finance,INR,4607195.53,7.41,Performing,Low
LOAN0000574,CUST000801,working capital,GBP,9402942.31,11.89,Watch,High
LOAN0000575,CUST002883,term loan,GBP,4404246.38,9.54,NonPerforming,Low
LOAN0000576,CUST003751,term loan,USD,5876440.37,15.79,Watch,Very High
LOAN0000577,CUST004206,term loan,INR,9420381.69,12.75,NonPerforming,Very High
LOAN0000578,CUST004782,credit card,USD,6867938.02,8.55,Watch,High
LOAN0000579,CUST001573,term loan,GBP,9473413.78,12.42,Performing,Medium
LOAN0000580,CUST008594,trade finance,USD,2293065.5,10.51,Watch,Low
LOAN0000581,CUST007453,mortgage,USD,361893.67,8.93,NonPerforming,Very High
LOAN0000582,CUST002110,term loan,INR,238409.27,6.48,Performing,Very High
LOAN0000583,CUST002483,term loan,INR,8631534.54,13.81,NonPerforming,High
LOAN0000584,CUST000564,trade finance,GBP,3354297.7,14.31,Watch,Very High
LOAN0000585,CUST003804,trade finance,GBP,7547809.59,13.82,Watch,Medium
LOAN0000586,CUST004049,mortgage,USD,8632854.69,10.68,Performing,Low
LOAN0000587,CUST004055,working capital,INR,2874883.96,12.36,NonPerforming,High
LOAN0000588,CUST006948,mortgage,USD,5262795.7,10.83,Watch,Medium
LOAN0000589,CUST009992,trade finance,USD,616681.38,13.66,NonPerforming,Low
LOAN0000590,CUST005407,credit card,USD,1095978.8,14.9,NonPerforming,Low
LOAN0000591,CUST007677,mortgage,INR,6623599.48,7.22,Performing,High
LOAN0000592,CUST001523,trade finance,USD,1323358.1,11.63,Performing,High
LOAN0000593,CUST000100,term loan,GBP,3768135.88,7.98,NonPerforming,Low
LOAN0000594,CUST008824,mortgage,USD,4904522.87,10.78,Performing,Medium
LOAN0000595,CUST003342,term loan,GBP,7333558.86,5.04,NonPerforming,Medium
LOAN0000596,CUST001788,commercial overdraft,GBP,9543189.35,15.51,Watch,Low
LOAN0000597,CUST003548,credit card,GBP,1330319.36,6.26,Performing,High
LOAN0000598,CUST009206,mortgage,GBP,9036982.93,10.99,NonPerforming,High
LOAN0000599,CUST000836,working capital,USD,7231671.92,5.02,Performing,High
LOAN0000600,CUST004936,mortgage,USD,1275333.55,5.63,Watch,Medium
LOAN0000601,CUST007356,trade finance,GBP,5145879.88,16.69,Performing,Low
LOAN0000602,CUST008301,credit card,INR,7486766.99,5.55,Performing,High
LOAN0000603,CUST002599,working capital,INR,8088637.29,10.35,Performing,High
LOAN0000604,CUST002894,trade finance,GBP,4569258.23,8.66,NonPerforming,Medium
LOAN0000605,CUST009843,mortgage,USD,7131810.17,17.24,Performing,Low
LOAN0000606,CUST001007,mortgage,GBP,7227705.22,11.2,NonPerforming,High
LOAN0000607,CUST004148,credit card,GBP,8080990.02,9.55,Performing,Low
LOAN0000608,CUST002323,commercial overdraft,USD,8085044.03,9.3,Watch,Low
LOAN0000609,CUST006556,trade finance,GBP,9458301.05,10.82,Watch,Low
LOAN0000610,CUST003743,working capital,USD,3207816.09,10.53,NonPerforming,Low
LOAN0000611,CUST000705,mortgage,INR,2813462.88,10.46,Performing,Very High
LOAN0000612,CUST006745,credit card,USD,4161492.79,15.35,Watch,Medium
LOAN0000613,CUST006971,commercial overdraft,INR,5733782.44,12.3,Performing,High
LOAN0000614,CUST004611,term loan,USD,1348938.92,9.15,Watch,High
LOAN0000615,CUST005551,working capital,GBP,1227219.5,10.71,Performing,Very High
LOAN0000616,CUST007014,trade finance,USD,1218758.86,6.97,Watch,Very High
LOAN0000617,CUST001515,term loan,USD,3831562.31,5.63,Watch,Low
LOAN0000618,CUST006054,credit card,GBP,1856711.43,14.92,Performing,Very High
LOAN0000619,CUST009691,term loan,USD,5813410.24,5.71,Performing,Low
LOAN0000620,CUST005923,credit card,USD,4039738.85,15.33,Watch,Very High
LOAN0000621,CUST005161,commercial overdraft,GBP,5938740.21,13.57,Watch,Low
LOAN0000622,CUST007211,working capital,GBP,6565713.15,12.13,NonPerforming,High
LOAN0000623,CUST002846,term loan,USD,4621966.88,8.18,NonPerforming,Very High
LOAN0000624,CUST004909,working capital,INR,4838626.58,13.49,Watch,High
LOAN0000625,CUST003366,working capital,GBP,8493321.98,7.52,Performing,High
LOAN0000626,CUST008145,term loan,INR,386758.44,10.85,Watch,Medium
LOAN0000627,CUST000128,credit card,INR,7935047.98,10.05,Watch,High
LOAN0000628,CUST001909,term loan,INR,9168144.42,17.95,NonPerforming,Very High
LOAN0000629,CUST005514,trade finance,USD,229698.41,16.47,NonPerforming,Low
LOAN0000630,CUST007915,credit card,INR,8403213.44,15.04,Watch,Very High
LOAN0000631,CUST009122,term loan,INR,1686220.09,17.56,NonPerforming,Low
LOAN0000632,CUST001457,trade finance,INR,1355787.91,12.35,Performing,High
LOAN0000633,CUST000832,mortgage,GBP,8816272.21,14.78,Watch,Medium
LOAN0000634,CUST002035,working capital,USD,3120568.07,6.61,Watch,Medium
LOAN0000635,CUST004065,term loan,GBP,8117854.36,10.16,Watch,Very High
LOAN0000636,CUST000875,commercial overdraft,INR,7346141.58,8.26,NonPerforming,Low
LOAN0000637,CUST007228,term loan,GBP,5808520.57,7.13,Watch,Very High
LOAN0000638,CUST001737,mortgage,USD,8663971.58,10.23,Performing,Medium
LOAN0000639,CUST006972,working capital,GBP,7315712.45,17.06,NonPerforming,Medium
LOAN0000640,CUST002666,term loan,INR,6525555.85,17.64,Watch,Low
LOAN0000641,CUST005525,commercial overdraft,GBP,7235836.9,7.46,Performing,Very High
LOAN0000642,CUST000441,working capital,GBP,1629313.67,7.47,Performing,High
LOAN0000643,CUST000317,working capital,USD,5600090.34,8.73,NonPerforming,High
LOAN0000644,CUST009262,mortgage,USD,7782095.03,17.54,NonPerforming,Medium
LOAN0000645,CUST001115,commercial overdraft,USD,9525581.25,6.98,Performing,High
LOAN0000646,CUST005293,trade finance,INR,9836187.92,15.36,Performing,Low
LOAN0000647,CUST006553,mortgage,USD,1272400.39,5.14,Watch,High
LOAN0000648,CUST000450,term loan,INR,2139774.49,14.31,NonPerforming,Low
LOAN0000649,CUST009948,mortgage,INR,3909799.78,16.82,Performing,Very High
LOAN0000650,CUST001914,trade finance,INR,2080650.84,6.9,Watch,High
LOAN0000651,CUST000461,working capital,USD,4723650.29,11.66,Performing,Low
LOAN0000652,CUST000265,mortgage,USD,5847114.33,8.73,Watch,Very High
LOAN0000653,CUST003754,trade finance,INR,9180859.67,8.68,Watch,Very High
LOAN0000654,CUST000825,working capital,INR,8353941.1,15.39,NonPerforming,Low
LOAN0000655,CUST006126,mortgage,GBP,3361613.77,17.39,NonPerforming,Medium
LOAN0000656,CUST009009,term loan,INR,1626065.62,5.81,Watch,Low
LOAN0000657,CUST003426,mortgage,USD,2182294.26,13.89,NonPerforming,High
LOAN0000658,CUST002543,working capital,GBP,5795992.35,12.23,Performing,Low
LOAN0000659,CUST007994,working capital,INR,7098498.28,15.92,NonPerforming,High
LOAN0000660,CUST007607,term loan,USD,6807267.89,10.94,Watch,Low
LOAN0000661,CUST007454,working capital,USD,7538004.79,6.47,NonPerforming,Medium
LOAN0000662,CUST007897,mortgage,GBP,760833.36,17.92,Performing,Medium
LOAN0000663,CUST005166,mortgage,INR,6317997.25,15.5,NonPerforming,Low
LOAN0000664,CUST008988,commercial overdraft,GBP,3065015.41,15.82,NonPerforming,High
LOAN0000665,CUST009712,term loan,GBP,5051897.11,12.4,Performing,Medium
LOAN0000666,CUST008807,working capital,GBP,8247764.99,13.5,Watch,High
LOAN0000667,CUST002349,working capital,GBP,5441603.75,9.87,Performing,Very High
LOAN0000668,CUST004071,trade finance,INR,3363982.44,13.61,Watch,Low
LOAN0000669,CUST003520,commercial overdraft,INR,71153.86,11.45,NonPerforming,High
LOAN0000670,CUST008204,working capital,GBP,1304580.3,8.41,Performing,High
LOAN0000671,CUST006638,mortgage,USD,3574270.37,11.17,Performing,Low
LOAN0000672,CUST002409,credit card,INR,8687496.31,15.23,Performing,Very High
LOAN0000673,CUST000600,mortgage,INR,9563465.24,12.03,Watch,Low
LOAN0000674,CUST002976,working capital,INR,2490805.73,12.77,Performing,Medium
LOAN0000675,CUST000948,trade finance,USD,1781315.78,17.24,Performing,Low
LOAN0000676,CUST004796,trade finance,USD,3761718.98,5.08,Performing,Very High
LOAN0000677,CUST006963,trade finance,USD,8630934.83,6.06,Performing,Low
LOAN0000678,CUST008637,mortgage,INR,1612991.84,7.44,Performing,High
LOAN0000679,CUST005427,trade finance,USD,2730339.62,10.05,Watch,Very High
LOAN0000680,CUST006086,mortgage,GBP,9502072.46,17.5,Watch,Very High
LOAN0000681,CUST005727,commercial overdraft,USD,5001656.65,7.7,NonPerforming,Very High
LOAN0000682,CUST009607,mortgage,USD,9671407.14,14.55,Performing,Medium
LOAN0000683,CUST008243,working capital,USD,9465087.78,17.86,Watch,Medium
LOAN0000684,CUST001257,credit card,GBP,1403117.04,15.8,Watch,High
LOAN0000685,CUST002890,commercial overdraft,USD,936316.64,14.87,NonPerforming,Medium
LOAN0000686,CUST008414,trade finance,USD,4163326.1,11.27,Performing,Low
LOAN0000687,CUST001210,mortgage,GBP,6202218.35,13.45,Watch,Very High
LOAN0000688,CUST003243,working capital,USD,2281631.26,17.05,Watch,High
LOAN0000689,CUST005266,term loan,GBP,2150340.33,5.19,Performing,High
LOAN0000690,CUST008057,mortgage,GBP,641133.75,11.32,Performing,Low
LOAN0000691,CUST004463,mortgage,GBP,885525.76,14.61,NonPerforming,Low
LOAN0000692,CUST005583,term loan,INR,1694479.35,6.02,Performing,Very High
LOAN0000693,CUST005624,commercial overdraft,USD,5960114.92,6.06,NonPerforming,Low
LOAN0000694,CUST000938,term loan,GBP,812391.95,5.58,Watch,High
LOAN0000695,CUST007764,credit card,INR,7997635.97,17.33,Watch,High
LOAN0000696,CUST006247,credit card,USD,1530495.56,14.85,Watch,Medium
LOAN0000697,CUST003468,working capital,USD,9431040.67,14.0,Performing,Very High
LOAN0000698,CUST009227,trade finance,INR,4680945.87,9.6,Performing,High
LOAN0000699,CUST009717,mortgage,INR,3373062.05,7.54,Watch,Low
LOAN0000700,CUST001402,working capital,GBP,8105567.08,7.03,NonPerforming,Very High
LOAN0000701,CUST005467,term loan,INR,5673028.69,9.11,Watch,High
LOAN0000702,CUST005481,term loan,INR,2349876.77,10.54,Performing,Medium
LOAN0000703,CUST009514,trade finance,USD,116370.69,8.1,NonPerforming,Low
LOAN0000704,CUST006444,working capital,GBP,4633477.58,13.84,Watch,Low
LOAN0000705,CUST000082,term loan,INR,3789455.32,15.56,NonPerforming,High
LOAN0000706,CUST002973,mortgage,USD,5598751.04,16.47,Performing,Medium
LOAN0000707,CUST009970,mortgage,INR,9023847.77,7.01,Performing,High
LOAN0000708,CUST002493,term loan,GBP,9241260.55,6.98,Performing,Very High
LOAN0000709,CUST009764,mortgage,USD,5216468.09,8.35,Watch,High
LOAN0000710,CUST001437,credit card,GBP,319408.96,15.24,NonPerforming,Medium
LOAN0000711,CUST003021,mortgage,USD,9582133.03,9.97,Performing,Medium
LOAN0000712,CUST004272,working capital,INR,29718.63,12.11,Performing,High
LOAN0000713,CUST002102,commercial overdraft,USD,9255356.93,5.36,NonPerforming,Very High
LOAN0000714,CUST005864,mortgage,USD,8303764.77,13.39,NonPerforming,Medium
LOAN0000715,CUST002390,working capital,GBP,7326028.09,7.52,NonPerforming,Medium
LOAN0000716,CUST005334,term loan,GBP,7892205.2,17.39,Watch,Medium
LOAN0000717,CUST000849,commercial overdraft,USD,4735703.82,11.99,NonPerforming,Low
LOAN0000718,CUST003666,term loan,INR,6189554.09,7.87,Performing,Medium
LOAN0000719,CUST004466,working capital,USD,7543307.73,17.04,NonPerforming,Very High
LOAN0000720,CUST004982,term loan,USD,9198193.58,16.2,NonPerforming,Medium
LOAN0000721,CUST007555,working capital,GBP,4865446.98,9.06,Watch,High
LOAN0000722,CUST003611,mortgage,GBP,5643571.09,17.89,Watch,Medium
LOAN0000723,CUST002015,term loan,USD,5215940.46,17.4,NonPerforming,Very High
LOAN0000724,CUST005066,mortgage,USD,2900366.87,10.89,Performing,Low
LOAN0000725,CUST006315,commercial overdraft,USD,4308536.18,5.33,NonPerforming,Low
LOAN0000726,CUST003363,trade finance,INR,3903644.97,14.35,Performing,Low
LOAN0000727,CUST002493,working capital,GBP,7053016.38,13.34,Performing,Medium
LOAN0000728,CUST002616,term loan,GBP,5065536.93,17.0,Performing,Low
LOAN0000729,CUST007123,term loan,INR,7150105.4,15.27,Performing,Low
LOAN0000730,CUST005598,working capital,USD,55273.04,9.56,Performing,Very High
LOAN0000731,CUST005051,commercial overdraft,USD,8497805.23,12.97,Performing,Medium
LOAN0000732,CUST005241,mortgage,USD,8874366.86,6.95,Watch,High
LOAN0000733,CUST008509,commercial overdraft,GBP,8816521.07,17.28,NonPerforming,High
LOAN0000734,CUST007180,credit card,INR,7976880.51,13.95,Watch,Low
LOAN0000735,CUST006538,credit card,USD,3849891.1,12.42,Performing,Low
LOAN0000736,CUST005050,mortgage,USD,8275145.88,7.9,Watch,Medium
LOAN0000737,CUST001231,mortgage,INR,1703710.92,14.79,Performing,Low
LOAN0000738,CUST008142,mortgage,GBP,1418020.03,17.81,Watch,Very High
LOAN0000739,CUST007598,term loan,GBP,1151993.33,5.17,NonPerforming,Medium
LOAN0000740,CUST003005,trade finance,INR,8317862.75,9.59,Watch,High
LOAN0000741,CUST009432,credit card,USD,8233361.15,8.64,Watch,Medium
LOAN0000742,CUST006944,term loan,USD,2776592.79,8.01,NonPerforming,High
LOAN0000743,CUST003430,mortgage,GBP,7901540.12,12.75,Watch,High
LOAN0000744,CUST003773,working capital,INR,5334806.3,5.46,NonPerforming,Very High
LOAN0000745,CUST006290,term loan,GBP,8812682.55,14.16,NonPerforming,Low
LOAN0000746,CUST003208,commercial overdraft,GBP,6400317.58,13.67,Watch,Medium
LOAN0000747,CUST006158,term loan,GBP,8628437.85,15.28,NonPerforming,Very High
LOAN0000748,CUST006850,mortgage,GBP,686648.7,7.62,NonPerforming,Medium
LOAN0000749,CUST007705,trade finance,INR,877002.2,11.7,Watch,Medium
LOAN0000750,CUST006367,trade finance,USD,6975272.43,15.8,Watch,Medium
LOAN0000751,CUST002428,commercial overdraft,USD,1461699.16,8.91,Watch,High
LOAN0000752,CUST007898,mortgage,INR,5694245.69,7.24,NonPerforming,High
LOAN0000753,CUST000368,trade finance,INR,1038642.07,10.4,Watch,Very High
LOAN0000754,CUST008362,term loan,USD,2723804.61,5.65,Watch,Low
LOAN0000755,CUST007789,trade finance,INR,8464372.7,5.25,Performing,Medium
LOAN0000756,CUST009261,commercial overdraft,INR,1600114.68,17.08,NonPerforming,Medium
LOAN0000757,CUST004003,term loan,INR,9810452.34,14.63,Performing,Very High
LOAN0000758,CUST009747,credit card,GBP,4865503.02,6.47,Performing,High
LOAN0000759,CUST000275,trade finance,INR,9786544.41,5.09,Watch,Very High
LOAN0000760,CUST001272,term loan,USD,8527183.71,12.08,Watch,Very High
LOAN0000761,CUST003271,trade finance,USD,5693101.72,7.61,Watch,High
LOAN0000762,CUST009526,trade finance,GBP,7477055.87,13.49,Watch,High
LOAN0000763,CUST000810,mortgage,USD,2583111.72,5.97,Performing,Medium
LOAN0000764,CUST008540,working capital,USD,926513.01,14.76,NonPerforming,High
LOAN0000765,CUST005938,term loan,INR,1804939.87,7.36,Watch,High
LOAN0000766,CUST009684,credit card,USD,2537369.09,5.97,Watch,Very High
LOAN0000767,CUST003466,trade finance,INR,3084932.9,15.48,NonPerforming,Very High
LOAN0000768,CUST004435,commercial overdraft,USD,9279380.12,16.24,Watch,High
LOAN0000769,CUST009910,mortgage,USD,5928613.54,14.44,NonPerforming,Medium
LOAN0000770,CUST009732,credit card,GBP,6633679.37,11.38,Performing,High
LOAN0000771,CUST007109,commercial overdraft,USD,9120202.38,5.39,Watch,Low
LOAN0000772,CUST004322,mortgage,INR,1871405.79,16.18,Watch,High
LOAN0000773,CUST008474,trade finance,INR,1176281.22,8.98,NonPerforming,Medium
LOAN0000774,CUST009975,credit card,INR,8762936.82,6.16,Watch,High
LOAN0000775,CUST004351,commercial overdraft,GBP,4295182.81,5.19,Performing,Low
LOAN0000776,CUST003200,trade finance,INR,5841489.9,9.27,NonPerforming,Very High
LOAN0000777,CUST005578,mortgage,GBP,9698069.03,14.59,Performing,Very High
LOAN0000778,CUST003175,mortgage,GBP,5897051.99,7.95,NonPerforming,Very High
LOAN0000779,CUST005604,mortgage,USD,7457444.96,15.36,Performing,Low
LOAN0000780,CUST002982,term loan,INR,4060924.76,5.47,Watch,Medium
LOAN0000781,CUST008896,term loan,USD,608859.41,16.56,Watch,High
LOAN0000782,CUST008328,term loan,GBP,189994.28,11.26,Watch,Very High
LOAN0000783,CUST001333,credit card,USD,9156978.32,17.87,Watch,High
LOAN0000784,CUST003841,term loan,USD,3779630.23,14.94,NonPerforming,Medium
LOAN0000785,CUST005931,term loan,GBP,5252253.26,16.57,NonPerforming,High
LOAN0000786,CUST005592,commercial overdraft,USD,7610769.57,6.46,Performing,High
LOAN0000787,CUST005822,term loan,GBP,4879961.94,6.87,Performing,Very High
LOAN0000788,CUST009333,commercial overdraft,INR,3197603.01,9.49,Watch,High
LOAN0000789,CUST006937,mortgage,GBP,5872815.78,10.6,NonPerforming,High
LOAN0000790,CUST005528,working capital,INR,2714586.81,6.55,NonPerforming,High
LOAN0000791,CUST003795,working capital,USD,1217758.35,5.21,Performing,Low
LOAN0000792,CUST004985,trade finance,USD,4922001.9,5.39,NonPerforming,High
LOAN0000793,CUST000953,term loan,INR,6237894.91,6.16,Performing,Very High
LOAN0000794,CUST000434,commercial overdraft,INR,9778047.09,17.83,NonPerforming,Very High
LOAN0000795,CUST004838,trade finance,GBP,7364117.14,15.51,Watch,Very High
LOAN0000796,CUST004595,commercial overdraft,INR,2435423.74,11.41,Watch,Very High
LOAN0000797,CUST008245,working capital,USD,2117090.17,16.51,Watch,Medium
LOAN0000798,CUST003817,credit card,GBP,9039900.31,6.79,NonPerforming,High
LOAN0000799,CUST002497,term loan,INR,7974886.74,14.67,Performing,Medium
LOAN0000800,CUST009183,mortgage,INR,5341405.94,6.9,NonPerforming,Medium
LOAN0000801,CUST002969,commercial overdraft,INR,1013488.26,11.36,NonPerforming,Medium
LOAN0000802,CUST009577,working capital,GBP,3478832.46,8.1,Watch,Low
LOAN0000803,CUST002321,commercial overdraft,USD,4532810.53,10.94,Watch,Very High
LOAN0000804,CUST003094,mortgage,INR,9743243.44,8.35,NonPerforming,Very High
LOAN0000805,CUST003008,trade finance,USD,8348048.46,14.8,Performing,Low
LOAN0000806,CUST000585,commercial overdraft,GBP,2720739.32,9.87,Performing,Low
LOAN0000807,CUST008145,working capital,INR,4375399.48,11.76,Performing,Very High
LOAN0000808,CUST002916,working capital,INR,4440653.45,12.39,NonPerforming,Low
LOAN0000809,CUST001012,commercial overdraft,GBP,1686511.72,14.03,Watch,Medium
LOAN0000810,CUST007394,commercial overdraft,INR,1355215.58,13.9,Watch,Very High
LOAN0000811,CUST009197,credit card,INR,6747004.37,12.03,Watch,Very High
LOAN0000812,CUST009499,mortgage,INR,6255568.22,14.78,Watch,Very High
LOAN0000813,CUST008845,working capital,INR,3873149.25,16.19,Performing,Medium
LOAN0000814,CUST009167,mortgage,USD,8463751.51,17.95,Watch,High
LOAN0000815,CUST004855,trade finance,GBP,8560563.5,14.12,NonPerforming,High
LOAN0000816,CUST001782,trade finance,GBP,7139447.74,17.29,Performing,Medium
LOAN0000817,CUST006632,working capital,INR,5389280.66,12.38,Performing,Medium
LOAN0000818,CUST003777,working capital,INR,8424343.88,16.52,NonPerforming,Low
LOAN0000819,CUST002273,mortgage,GBP,9255271.59,17.98,Watch,Medium
LOAN0000820,CUST008231,term loan,INR,9579842.25,14.66,Performing,Medium
LOAN0000821,CUST001735,commercial overdraft,INR,8633101.98,17.97,NonPerforming,Medium
LOAN0000822,CUST000849,trade finance,INR,9670457.75,13.23,Watch,Medium
LOAN0000823,CUST006881,working capital,GBP,2658625.57,5.47,Watch,Medium
LOAN0000824,CUST005454,credit card,INR,3822736.83,17.4,NonPerforming,Low
LOAN0000825,CUST001569,term loan,INR,8313129.47,6.6,Watch,Low
LOAN0000826,CUST002451,commercial overdraft,USD,4028227.63,14.0,Performing,Medium
LOAN0000827,CUST007173,credit card,USD,2151979.05,17.14,Performing,Very High
LOAN0000828,CUST002133,credit card,GBP,7958356.08,17.3,Performing,High
LOAN0000829,CUST007752,credit card,INR,907615.35,14.15,Performing,Low
LOAN0000830,CUST008886,term loan,USD,6617680.23,13.65,NonPerforming,Very High
LOAN0000831,CUST004229,term loan,GBP,3566676.81,7.91,Performing,High
LOAN0000832,CUST007021,term loan,INR,7775188.16,13.58,NonPerforming,High
LOAN0000833,CUST007898,commercial overdraft,GBP,9140355.61,5.78,Performing,Low
LOAN0000834,CUST002381,working capital,USD,1192355.21,17.9,Watch,High
LOAN0000835,CUST002665,commercial overdraft,INR,5159210.36,8.99,NonPerforming,High
LOAN0000836,CUST002854,working capital,USD,7812600.95,10.57,Watch,Medium
LOAN0000837,CUST006982,credit card,INR,2312635.33,10.94,Watch,Low
LOAN0000838,CUST000743,commercial overdraft,INR,7011682.45,5.44,Watch,Medium
LOAN0000839,CUST007416,term loan,GBP,4488348.15,8.38,Performing,Medium
LOAN0000840,CUST009607,working capital,INR,225978.59,14.45,Performing,Low
LOAN0000841,CUST002410,credit card,INR,2973005.27,8.37,NonPerforming,High
LOAN0000842,CUST003470,mortgage,USD,2942638.27,16.88,Watch,Very High
LOAN0000843,CUST002898,term loan,GBP,8713714.73,5.15,Watch,Medium
LOAN0000844,CUST003650,term loan,GBP,5188784.12,16.2,NonPerforming,Medium
LOAN0000845,CUST002217,working capital,GBP,3261384.0,9.99,NonPerforming,High
LOAN0000846,CUST005585,mortgage,INR,21200.68,15.12,NonPerforming,Low
LOAN0000847,CUST002400,credit card,GBP,2860890.39,17.44,NonPerforming,High
LOAN0000848,CUST002554,mortgage,INR,6238646.12,6.95,Watch,Low
LOAN0000849,CUST002564,working capital,USD,9834781.91,7.64,Performing,Medium
LOAN0000850,CUST005134,commercial overdraft,USD,7643796.1,12.46,NonPerforming,Medium
LOAN0000851,CUST009995,credit card,GBP,7007144.64,9.55,NonPerforming,Medium
LOAN0000852,CUST004027,mortgage,USD,7813208.87,13.31,Performing,High
LOAN0000853,CUST009070,credit card,INR,5733194.48,11.61,Performing,Medium
LOAN0000854,CUST000099,mortgage,GBP,2026158.65,8.5,Watch,High
LOAN0000855,CUST006299,mortgage,USD,6961561.45,9.05,Watch,High
LOAN0000856,CUST002563,term loan,USD,3874055.24,7.76,Performing,High
LOAN0000857,CUST001728,commercial overdraft,GBP,4105275.91,17.94,Watch,High
LOAN0000858,CUST007242,mortgage,GBP,2728156.11,14.56,Watch,Medium
LOAN0000859,CUST001195,credit card,USD,6507849.44,6.68,Watch,High
LOAN0000860,CUST007933,mortgage,GBP,4967789.7,9.39,Watch,Medium
LOAN0000861,CUST001487,trade finance,INR,9660044.04,17.11,NonPerforming,Very High
LOAN0000862,CUST009286,mortgage,INR,5714650.24,15.62,Performing,High
LOAN0000863,CUST001616,mortgage,USD,3760296.49,10.84,Watch,Very High
LOAN0000864,CUST009343,term loan,INR,7605833.43,8.35,NonPerforming,Low
LOAN0000865,CUST007311,trade finance,USD,6114008.08,13.45,NonPerforming,Medium
LOAN0000866,CUST003950,trade finance,INR,8165276.27,13.63,NonPerforming,Medium
LOAN0000867,CUST002116,term loan,GBP,3773177.79,9.83,Watch,Very High
LOAN0000868,CUST001400,term loan,GBP,224308.46,9.96,Performing,High
LOAN0000869,CUST001731,trade finance,GBP,2021867.59,13.75,NonPerforming,High
LOAN0000870,CUST000637,term loan,USD,9984465.16,5.14,Watch,Medium
LOAN0000871,CUST008619,trade finance,USD,6707683.86,9.06,Watch,Low
LOAN0000872,CUST000988,mortgage,GBP,925112.25,17.8,Performing,High
LOAN0000873,CUST001163,working capital,INR,3618088.58,17.32,NonPerforming,Medium
LOAN0000874,CUST009181,working capital,USD,6566607.33,10.65,NonPerforming,Very High
LOAN0000875,CUST005209,commercial overdraft,INR,6259356.39,16.78,Watch,Medium
LOAN0000876,CUST006473,trade finance,INR,7305370.76,13.11,Performing,High
LOAN0000877,CUST000738,credit card,INR,4848504.09,5.49,Watch,High
LOAN0000878,CUST007774,term loan,USD,4739067.78,12.48,Performing,Very High
LOAN0000879,CUST004925,commercial overdraft,INR,8977336.2,11.31,NonPerforming,Low
LOAN0000880,CUST001589,term loan,GBP,9863622.57,7.79,Watch,High
LOAN0000881,CUST009500,credit card,INR,9936635.21,7.43,Performing,Very High
LOAN0000882,CUST002624,credit card,INR,491817.97,8.9,NonPerforming,Medium
LOAN0000883,CUST007343,commercial overdraft,USD,2091063.31,11.02,Watch,High
LOAN0000884,CUST004871,trade finance,USD,9417499.34,11.91,Performing,High
LOAN0000885,CUST005634,trade finance,USD,636579.3,12.87,Performing,Very High
LOAN0000886,CUST007917,trade finance,USD,1243136.94,10.24,NonPerforming,Very High
LOAN0000887,CUST000165,term loan,GBP,3764911.5,6.69,Performing,Very High
LOAN0000888,CUST004326,trade finance,USD,9067186.17,9.8,Performing,Very High
LOAN0000889,CUST000017,commercial overdraft,USD,3974363.71,15.55,Performing,Very High
LOAN0000890,CUST006939,trade finance,INR,3895565.96,15.64,Performing,Low
LOAN0000891,CUST009197,working capital,INR,7886758.64,5.45,NonPerforming,High
LOAN0000892,CUST009256,mortgage,GBP,9191895.85,15.25,NonPerforming,Medium
LOAN0000893,CUST007613,working capital,GBP,232110.67,13.17,Performing,Very High
LOAN0000894,CUST000221,commercial overdraft,INR,7365406.65,8.05,NonPerforming,Very High
LOAN0000895,CUST002333,mortgage,INR,999676.41,12.13,Performing,Medium
LOAN0000896,CUST002688,mortgage,GBP,6982878.09,10.11,NonPerforming,Very High
LOAN0000897,CUST000514,mortgage,INR,293348.75,9.15,Watch,Medium
LOAN0000898,CUST003097,commercial overdraft,USD,751589.64,6.06,NonPerforming,High
LOAN0000899,CUST005867,trade finance,GBP,9816408.44,6.04,NonPerforming,Medium
LOAN0000900,CUST007124,mortgage,GBP,2698607.64,6.16,NonPerforming,High
LOAN0000901,CUST008152,commercial overdraft,INR,1076559.84,15.75,Watch,Medium
LOAN0000902,CUST009612,credit card,INR,882921.56,9.94,Watch,High
LOAN0000903,CUST009194,term loan,INR,8845214.79,17.27,Watch,Very High
LOAN0000904,CUST004403,term loan,INR,1453960.68,10.31,Performing,Low
LOAN0000905,CUST008305,trade finance,INR,3537614.53,15.55,Watch,High
LOAN0000906,CUST003596,commercial overdraft,INR,3113831.69,15.14,Watch,Medium
LOAN0000907,CUST003024,credit card,INR,4602742.71,7.15,NonPerforming,Medium
LOAN0000908,CUST009790,credit card,USD,6474408.1,9.46,Performing,Very High
LOAN0000909,CUST006223,working capital,INR,1506852.19,16.72,NonPerforming,Medium
LOAN0000910,CUST001977,commercial overdraft,USD,528128.84,16.5,Performing,High
LOAN0000911,CUST009620,mortgage,INR,9181388.23,16.4,Watch,High
LOAN0000912,CUST001632,trade finance,USD,8926085.4,13.46,Performing,Very High
LOAN0000913,CUST000873,term loan,GBP,6241908.94,13.93,Watch,Medium
LOAN0000914,CUST009413,credit card,USD,534618.45,9.12,Watch,High
LOAN0000915,CUST005940,term loan,GBP,3832863.36,12.15,NonPerforming,High
LOAN0000916,CUST005466,mortgage,USD,7337987.46,14.52,Watch,Medium
LOAN0000917,CUST003400,trade finance,USD,6651369.35,5.22,Performing,High
LOAN0000918,CUST002250,term loan,USD,2054143.14,17.4,Watch,High
LOAN0000919,CUST001761,working capital,GBP,5424402.29,6.96,Watch,High
LOAN0000920,CUST004108,mortgage,GBP,3053723.26,14.32,Watch,Medium
LOAN0000921,CUST009685,trade finance,GBP,724797.68,12.38,Performing,Very High
LOAN0000922,CUST006383,mortgage,GBP,2940889.38,13.8,NonPerforming,Medium
LOAN0000923,CUST007161,term loan,GBP,3966940.34,10.97,NonPerforming,Medium
LOAN0000924,CUST000696,trade finance,USD,9791515.76,13.79,Watch,High
LOAN0000925,CUST005099,term loan,INR,4318406.35,15.95,Performing,Medium
LOAN0000926,CUST000101,trade finance,USD,7604210.65,13.69,Watch,Medium
LOAN0000927,CUST008414,commercial overdraft,GBP,9087525.67,16.07,Performing,Very High
LOAN0000928,CUST000832,mortgage,GBP,5736195.07,9.41,Watch,Medium
LOAN0000929,CUST002422,mortgage,INR,1317836.32,11.98,Performing,Low
LOAN0000930,CUST009741,trade finance,INR,309864.67,11.43,NonPerforming,Medium
LOAN0000931,CUST006489,credit card,GBP,1722185.53,7.48,Watch,Low
LOAN0000932,CUST001677,commercial overdraft,USD,9960334.59,10.69,Performing,Very High
LOAN0000933,CUST000173,credit card,GBP,9265435.74,7.25,NonPerforming,Medium
LOAN0000934,CUST006702,term loan,INR,5816004.54,17.89,Watch,Low
LOAN0000935,CUST001703,mortgage,INR,5428770.24,6.87,Watch,Medium
LOAN0000936,CUST000905,credit card,USD,8873247.43,13.88,NonPerforming,Very High
LOAN0000937,CUST005958,mortgage,USD,6504418.47,14.25,Watch,Low
LOAN0000938,CUST004560,term loan,GBP,1117564.27,13.46,NonPerforming,Very High
LOAN0000939,CUST001191,credit card,USD,4897486.62,10.64,Watch,Low
LOAN0000940,CUST008172,mortgage,GBP,6674636.62,7.56,Performing,Low
LOAN0000941,CUST000892,mortgage,INR,9678839.34,8.19,NonPerforming,Very High
LOAN0000942,CUST004009,credit card,USD,8707979.12,13.58,Performing,Medium
LOAN0000943,CUST009580,commercial overdraft,INR,4681555.0,8.18,Performing,Medium
LOAN0000944,CUST000079,working capital,USD,9332706.03,13.32,Watch,Very High
LOAN0000945,CUST002935,mortgage,USD,4882946.92,7.51,NonPerforming,Low
LOAN0000946,CUST000072,term loan,INR,4173722.58,14.22,NonPerforming,High
LOAN0000947,CUST007593,commercial overdraft,GBP,4405072.7,16.14,NonPerforming,Medium
LOAN0000948,CUST003993,mortgage,GBP,3534232.41,14.26,NonPerforming,Very High
LOAN0000949,CUST005505,mortgage,GBP,3169039.74,6.31,Watch,Very High
LOAN0000950,CUST005547,mortgage,USD,1974074.47,17.04,Performing,Medium
LOAN0000951,CUST006536,mortgage,GBP,8317638.47,5.19,Performing,Medium
LOAN0000952,CUST007084,commercial overdraft,INR,8577720.34,5.41,Performing,High
LOAN0000953,CUST004593,commercial overdraft,USD,6009266.14,7.99,NonPerforming,High
LOAN0000954,CUST000118,commercial overdraft,GBP,2501158.02,12.56,Performing,Medium
LOAN0000955,CUST004094,working capital,INR,5154662.76,14.85,NonPerforming,Very High
LOAN0000956,CUST008160,commercial overdraft,GBP,3601091.88,9.07,Watch,Very High
LOAN0000957,CUST002637,trade finance,GBP,5368291.57,13.93,NonPerforming,Low
LOAN0000958,CUST005355,commercial overdraft,INR,5500163.78,12.63,Performing,Very High
LOAN0000959,CUST004843,working capital,GBP,3244972.8,6.85,Watch,High
LOAN0000960,CUST002052,credit card,GBP,2213000.43,13.59,Performing,High
LOAN0000961,CUST002574,term loan,GBP,8095059.3,14.89,Performing,High
LOAN0000962,CUST000491,working capital,USD,4937079.4,13.88,NonPerforming,Very High
LOAN0000963,CUST002933,commercial overdraft,USD,243672.02,10.28,Performing,High
LOAN0000964,CUST008926,term loan,INR,3218750.58,9.24,NonPerforming,Medium
LOAN0000965,CUST008377,mortgage,USD,9039978.52,15.5,Performing,Medium
LOAN0000966,CUST002546,commercial overdraft,GBP,8454915.26,12.86,NonPerforming,Medium
LOAN0000967,CUST008383,commercial overdraft,GBP,5174638.45,7.31,NonPerforming,Very High
LOAN0000968,CUST002355,commercial overdraft,INR,9780737.21,10.92,Performing,Low
LOAN0000969,CUST001464,commercial overdraft,GBP,3912378.2,17.81,Performing,Medium
LOAN0000970,CUST007499,credit card,USD,5391813.58,16.54,NonPerforming,High
LOAN0000971,CUST008301,working capital,GBP,8272922.02,8.38,Watch,Very High
LOAN0000972,CUST006319,credit card,USD,921736.06,8.09,NonPerforming,Medium
LOAN0000973,CUST000030,commercial overdraft,GBP,9927674.02,15.98,Performing,Low
LOAN0000974,CUST004569,mortgage,INR,9943034.98,9.23,NonPerforming,Very High
LOAN0000975,CUST000378,commercial overdraft,USD,6176983.77,8.05,Watch,High
LOAN0000976,CUST005223,trade finance,GBP,3948568.99,13.46,Watch,Very High
LOAN0000977,CUST009945,credit card,INR,8650395.73,12.07,Performing,Low
LOAN0000978,CUST001759,credit card,INR,3192315.72,5.68,NonPerforming,Very High
LOAN0000979,CUST009967,term loan,GBP,6847910.02,11.5,Watch,Very High
LOAN0000980,CUST009134,commercial overdraft,INR,7485569.88,5.38,Performing,Very High
LOAN0000981,CUST007724,credit card,USD,5766616.18,10.98,Performing,Medium
LOAN0000982,CUST004156,mortgage,GBP,2015027.87,17.25,NonPerforming,Low
LOAN0000983,CUST002530,mortgage,INR,18206.07,8.48,Performing,Medium
LOAN0000984,CUST007578,credit card,USD,7701667.43,11.09,Performing,Low
LOAN0000985,CUST006793,credit card,USD,6791924.39,15.2,NonPerforming,High
LOAN0000986,CUST006884,credit card,USD,1182531.69,16.55,Watch,Very High
LOAN0000987,CUST001481,commercial overdraft,USD,9779684.71,7.88,NonPerforming,High
LOAN0000988,CUST008324,term loan,INR,6553646.67,8.82,NonPerforming,Very High
LOAN0000989,CUST003585,mortgage,GBP,3536356.88,13.85,Watch,Low
LOAN0000990,CUST007989,mortgage,USD,342314.83,7.59,NonPerforming,Medium
LOAN0000991,CUST003586,credit card,GBP,9035699.31,8.94,Performing,Very High
LOAN0000992,CUST004171,trade finance,GBP,5455974.77,11.39,Watch,Medium
LOAN0000993,CUST003775,credit card,GBP,4160933.89,16.5,Performing,Very High
LOAN0000994,CUST006842,term loan,GBP,1917720.98,15.72,Watch,High
LOAN0000995,CUST000526,commercial overdraft,GBP,5147824.79,17.54,Performing,Low
LOAN0000996,CUST007103,mortgage,INR,1163585.42,9.28,NonPerforming,Very High
LOAN0000997,CUST006887,working capital,INR,9454632.25,7.89,NonPerforming,Medium
LOAN0000998,CUST003569,term loan,USD,8532893.39,8.56,NonPerforming,Low
LOAN0000999,CUST002473,credit card,INR,5353073.0,15.68,NonPerforming,Medium
LOAN0001000,CUST000707,credit card,INR,4079440.32,13.34,Performing,Low
LOAN0001001,CUST001723,commercial overdraft,GBP,9450523.28,14.7,Watch,Low
LOAN0001002,CUST009393,mortgage,USD,29042.48,13.54,Watch,Low
LOAN0001003,CUST006940,commercial overdraft,USD,3150879.11,15.65,Watch,Medium
LOAN0001004,CUST000385,trade finance,GBP,2597995.63,8.82,NonPerforming,Low
LOAN0001005,CUST005818,term loan,USD,2483151.94,15.14,Watch,High
LOAN0001006,CUST007956,mortgage,INR,3244249.38,8.74,Watch,Medium
LOAN0001007,CUST007761,commercial overdraft,INR,6951260.31,13.01,NonPerforming,Low
LOAN0001008,CUST009891,commercial overdraft,USD,6543870.86,6.98,NonPerforming,Very High
LOAN0001009,CUST004891,mortgage,USD,2724514.96,15.37,Watch,Very High
LOAN0001010,CUST008335,mortgage,USD,6455803.08,15.18,Performing,High
LOAN0001011,CUST001008,commercial overdraft,USD,9795386.16,7.0,Performing,Low
LOAN0001012,CUST004687,commercial overdraft,INR,4881612.15,14.96,Performing,Very High
LOAN0001013,CUST001743,commercial overdraft,INR,9231443.78,15.05,NonPerforming,High
LOAN0001014,CUST004308,working capital,USD,6249467.84,15.3,Watch,Very High
LOAN0001015,CUST003127,working capital,USD,7093460.28,17.55,NonPerforming,Very High
LOAN0001016,CUST007262,trade finance,INR,4429716.08,10.17,NonPerforming,Very High
LOAN0001017,CUST004548,credit card,INR,2776390.36,16.34,NonPerforming,High
LOAN0001018,CUST000985,credit card,GBP,7518882.32,14.27,Performing,Very High
LOAN0001019,CUST002897,commercial overdraft,USD,8155997.68,16.01,Performing,Very High
LOAN0001020,CUST005113,mortgage,GBP,6466906.35,5.18,NonPerforming,Low
LOAN0001021,CUST001708,commercial overdraft,USD,7720596.57,7.33,Watch,Very High
LOAN0001022,CUST003077,commercial overdraft,GBP,3901939.9,10.5,NonPerforming,Very High
LOAN0001023,CUST000526,trade finance,GBP,3852503.64,15.21,NonPerforming,Very High
LOAN0001024,CUST000339,commercial overdraft,INR,8278644.18,15.42,Watch,Medium
LOAN0001025,CUST001787,trade finance,USD,6441832.89,12.75,Performing,Very High
LOAN0001026,CUST007421,trade finance,GBP,1152413.84,12.32,Performing,Very High
LOAN0001027,CUST004581,term loan,INR,8902532.22,10.78,NonPerforming,Very High
LOAN0001028,CUST006879,term loan,GBP,6187396.08,5.07,Performing,Very High
LOAN0001029,CUST005002,credit card,GBP,973706.84,8.6,Watch,Low
LOAN0001030,CUST005395,term loan,USD,1335381.32,15.94,NonPerforming,Very High
LOAN0001031,CUST001816,trade finance,USD,1758695.53,7.4,NonPerforming,Low
LOAN0001032,CUST003630,credit card,USD,4027504.93,12.5,Performing,Medium
LOAN0001033,CUST004597,term loan,GBP,6232850.02,12.36,Watch,Low
LOAN0001034,CUST002011,term loan,INR,4437848.29,14.7,Watch,Medium
LOAN0001035,CUST008381,credit card,GBP,8623450.42,10.05,Watch,Medium
LOAN0001036,CUST008180,working capital,USD,4116988.17,11.49,Performing,Very High
LOAN0001037,CUST001038,commercial overdraft,INR,6147435.88,16.14,Watch,Medium
LOAN0001038,CUST009912,trade finance,USD,863287.78,5.46,Watch,Very High
LOAN0001039,CUST007551,mortgage,USD,7571813.12,7.13,NonPerforming,Medium
LOAN0001040,CUST003841,trade finance,USD,210629.78,6.01,Watch,High
LOAN0001041,CUST001549,trade finance,INR,4489548.77,11.8,Watch,High
LOAN0001042,CUST008450,mortgage,INR,4690971.35,10.22,NonPerforming,High
LOAN0001043,CUST003827,working capital,USD,7079180.79,13.97,NonPerforming,High
LOAN0001044,CUST009363,term loan,USD,4788546.42,14.1,Performing,Low
LOAN0001045,CUST002289,mortgage,GBP,959640.24,11.51,Watch,High
LOAN0001046,CUST001863,term loan,GBP,1756136.46,12.12,Performing,High
LOAN0001047,CUST008848,working capital,INR,9430386.16,5.18,NonPerforming,Low
LOAN0001048,CUST008743,term loan,USD,6744612.76,16.4,Performing,Very High
LOAN0001049,CUST007055,credit card,USD,5910941.42,14.48,Watch,Low
LOAN0001050,CUST002734,trade finance,USD,8529959.42,14.37,Performing,Medium
LOAN0001051,CUST008921,mortgage,USD,5594571.63,5.34,NonPerforming,High
LOAN0001052,CUST008469,mortgage,INR,8092063.11,5.31,Watch,Very High
LOAN0001053,CUST004063,working capital,USD,5698885.85,5.43,Watch,Low
LOAN0001054,CUST002368,credit card,USD,4086450.64,7.65,Performing,High
LOAN0001055,CUST006384,mortgage,GBP,2169688.02,13.28,Performing,Medium
LOAN0001056,CUST008896,mortgage,GBP,4831795.02,13.71,NonPerforming,Medium
LOAN0001057,CUST002562,trade finance,INR,6870690.9,11.63,Performing,Very High
LOAN0001058,CUST003353,commercial overdraft,GBP,9734119.38,16.24,Performing,Very High
LOAN0001059,CUST007483,mortgage,GBP,1629672.39,5.1,NonPerforming,Very High
LOAN0001060,CUST000478,credit card,USD,6641314.63,17.42,NonPerforming,Very High
LOAN0001061,CUST008597,mortgage,INR,3836905.36,8.48,Performing,Low
LOAN0001062,CUST001055,term loan,INR,1597228.45,12.93,NonPerforming,High
LOAN0001063,CUST007715,credit card,INR,3978042.38,15.84,Watch,Very High
LOAN0001064,CUST005413,credit card,USD,1743700.21,14.05,NonPerforming,Low
LOAN0001065,CUST002966,mortgage,INR,5979012.39,9.26,Performing,High
LOAN0001066,CUST001641,mortgage,GBP,1380333.21,12.84,Watch,Medium
LOAN0001067,CUST001873,credit card,GBP,8109485.64,10.85,Watch,Medium
LOAN0001068,CUST003804,credit card,USD,5291538.21,16.57,NonPerforming,High
LOAN0001069,CUST007447,commercial overdraft,INR,6928904.45,9.17,NonPerforming,Low
LOAN0001070,CUST001147,mortgage,USD,3953583.48,7.42,Performing,High
LOAN0001071,CUST000370,trade finance,USD,6824305.38,17.35,Performing,Medium
LOAN0001072,CUST001010,mortgage,GBP,8281351.99,16.99,Watch,Low
LOAN0001073,CUST009337,term loan,INR,1851850.22,17.69,Performing,Low
LOAN0001074,CUST000817,commercial overdraft,USD,1940747.31,11.83,Performing,High
LOAN0001075,CUST006020,trade finance,GBP,8960322.25,10.76,Watch,Low
LOAN0001076,CUST008639,term loan,GBP,2835620.84,9.9,Performing,High
LOAN0001077,CUST007095,working capital,GBP,3361161.1,16.42,NonPerforming,Low
LOAN0001078,CUST003142,credit card,USD,6267838.68,13.97,Performing,High
LOAN0001079,CUST008810,commercial overdraft,USD,5496265.74,16.35,NonPerforming,High
LOAN0001080,CUST004179,trade finance,INR,4083885.85,15.92,NonPerforming,Low
LOAN0001081,CUST007843,commercial overdraft,GBP,3667952.11,6.23,Performing,Very High
LOAN0001082,CUST007361,term loan,GBP,6257377.46,13.44,Performing,Low
LOAN0001083,CUST000138,working capital,INR,1123455.49,14.22,Watch,Low
LOAN0001084,CUST004439,trade finance,INR,7799033.52,6.98,NonPerforming,High
LOAN0001085,CUST003133,credit card,GBP,2818088.77,15.43,Watch,Medium
LOAN0001086,CUST003441,term loan,GBP,2223065.38,14.87,Watch,Low
LOAN0001087,CUST000183,trade finance,GBP,7061946.28,9.41,Watch,Medium
LOAN0001088,CUST001076,trade finance,GBP,2485496.71,11.4,Watch,High
LOAN0001089,CUST006185,mortgage,USD,9197759.78,12.15,Performing,Very High
LOAN0001090,CUST004949,term loan,INR,2655621.13,17.42,Watch,High
LOAN0001091,CUST005763,mortgage,INR,6484748.34,10.53,Performing,Very High
LOAN0001092,CUST003454,credit card,GBP,2762829.22,9.51,NonPerforming,Very High
LOAN0001093,CUST002997,commercial overdraft,INR,954917.06,16.57,Watch,Very High
LOAN0001094,CUST007364,mortgage,INR,9590834.28,8.19,NonPerforming,High
LOAN0001095,CUST006970,trade finance,INR,7111299.22,13.48,Watch,Medium
LOAN0001096,CUST002284,working capital,GBP,2770011.63,13.31,NonPerforming,Medium
LOAN0001097,CUST005319,working capital,GBP,1103982.99,15.19,Watch,High
LOAN0001098,CUST003586,mortgage,INR,337127.96,17.6,NonPerforming,Low
LOAN0001099,CUST003067,term loan,GBP,381013.8,8.67,NonPerforming,Medium
LOAN0001100,CUST003269,mortgage,GBP,7968998.58,16.04,Performing,Medium
LOAN0001101,CUST007636,trade finance,GBP,632079.6,10.99,NonPerforming,Medium
LOAN0001102,CUST007979,working capital,USD,8046062.74,7.02,Performing,Medium
LOAN0001103,CUST005129,mortgage,INR,7392385.38,7.2,NonPerforming,Very High
LOAN0001104,CUST003331,commercial overdraft,INR,9640850.02,11.88,Performing,Low
LOAN0001105,CUST006307,term loan,USD,8370865.16,17.99,Performing,Very High
LOAN0001106,CUST004256,working capital,GBP,1964043.83,12.27,Performing,Medium
LOAN0001107,CUST005124,commercial overdraft,GBP,4230606.99,14.86,Performing,High
LOAN0001108,CUST005335,mortgage,GBP,7721546.54,5.33,NonPerforming,High
LOAN0001109,CUST001265,credit card,INR,8561038.06,9.17,Performing,Medium
LOAN0001110,CUST004353,trade finance,USD,5520739.75,13.22,NonPerforming,High
LOAN0001111,CUST005776,credit card,INR,15740.86,8.69,Performing,Low
LOAN0001112,CUST000145,credit card,INR,1665085.01,10.38,NonPerforming,Medium
LOAN0001113,CUST008101,mortgage,USD,3529651.91,7.28,NonPerforming,Very High
LOAN0001114,CUST007136,mortgage,USD,9646236.86,14.69,Performing,High
LOAN0001115,CUST000699,working capital,USD,2733682.75,14.23,NonPerforming,Low
LOAN0001116,CUST007425,commercial overdraft,USD,9443574.04,11.92,Watch,Low
LOAN0001117,CUST006157,term loan,INR,997542.46,8.35,Performing,Very High
LOAN0001118,CUST001456,commercial overdraft,INR,6753047.13,15.64,Performing,Very High
LOAN0001119,CUST001710,term loan,INR,1445573.58,16.4,NonPerforming,Very High
LOAN0001120,CUST007556,mortgage,GBP,163765.1,12.15,Watch,High
LOAN0001121,CUST004120,credit card,GBP,5539308.9,14.2,Performing,High
LOAN0001122,CUST000712,mortgage,USD,2135434.96,15.56,NonPerforming,High
LOAN0001123,CUST007000,credit card,INR,9965549.66,9.91,Watch,Medium
LOAN0001124,CUST008586,commercial overdraft,USD,3089786.37,8.16,NonPerforming,Low
LOAN0001125,CUST002812,commercial overdraft,INR,6749913.71,12.2,Watch,Medium
LOAN0001126,CUST005656,working capital,USD,2777827.88,16.23,Performing,Very High
LOAN0001127,CUST006395,commercial overdraft,GBP,2631392.3,13.33,Performing,Low
LOAN0001128,CUST009249,commercial overdraft,INR,3574395.81,12.81,Performing,Medium
LOAN0001129,CUST003519,mortgage,USD,7547725.05,16.12,Watch,Low
LOAN0001130,CUST006235,credit card,GBP,3578985.87,12.13,NonPerforming,High
LOAN0001131,CUST006726,mortgage,USD,7132746.5,17.86,Performing,Medium
LOAN0001132,CUST003220,term loan,GBP,6396075.21,8.59,Watch,Medium
LOAN0001133,CUST003151,trade finance,INR,2995915.62,8.26,NonPerforming,Low
LOAN0001134,CUST004643,trade finance,USD,6359629.67,7.85,NonPerforming,Very High
LOAN0001135,CUST000048,term loan,INR,9322884.76,5.79,Watch,Low
LOAN0001136,CUST000275,trade finance,GBP,1869045.86,12.66,Performing,Very High
LOAN0001137,CUST007336,working capital,GBP,2161052.43,8.51,Watch,Very High
LOAN0001138,CUST001563,trade finance,USD,4157142.47,9.53,Watch,Medium
LOAN0001139,CUST007814,term loan,INR,4435967.95,8.96,Watch,Medium
LOAN0001140,CUST008114,mortgage,GBP,9531100.76,13.87,Watch,High
LOAN0001141,CUST002231,trade finance,GBP,7779245.75,11.96,NonPerforming,Medium
LOAN0001142,CUST006833,working capital,USD,1600699.1,6.0,NonPerforming,High
LOAN0001143,CUST005890,working capital,GBP,6584837.52,7.81,Performing,High
LOAN0001144,CUST003591,commercial overdraft,USD,3996651.28,17.38,Performing,Very High
LOAN0001145,CUST005160,mortgage,GBP,1660587.81,12.5,Watch,Low
LOAN0001146,CUST001991,trade finance,USD,6992067.62,11.28,NonPerforming,Low
LOAN0001147,CUST008539,trade finance,USD,8279987.27,13.01,Watch,Very High
LOAN0001148,CUST005731,working capital,INR,5029016.81,5.47,NonPerforming,High
LOAN0001149,CUST000205,working capital,GBP,3279421.93,11.68,NonPerforming,High
LOAN0001150,CUST006754,trade finance,GBP,6445672.1,8.52,Performing,Low
LOAN0001151,CUST006577,trade finance,USD,6108669.07,8.84,Watch,High
LOAN0001152,CUST004234,commercial overdraft,INR,5747788.28,11.22,Performing,Medium
LOAN0001153,CUST001661,commercial overdraft,INR,7634496.35,17.51,NonPerforming,Very High
LOAN0001154,CUST005344,trade finance,GBP,7024788.05,13.72,NonPerforming,Medium
LOAN0001155,CUST006446,commercial overdraft,INR,7086634.62,13.08,NonPerforming,Medium
LOAN0001156,CUST001713,working capital,INR,6485042.14,16.51,Watch,High
LOAN0001157,CUST004214,commercial overdraft,INR,700713.28,13.56,Watch,Medium
LOAN0001158,CUST003980,mortgage,INR,1750781.12,12.48,Watch,Medium
LOAN0001159,CUST005512,commercial overdraft,USD,203615.4,8.95,Watch,Very High
LOAN0001160,CUST002903,term loan,GBP,5976763.6,9.44,Performing,Medium
LOAN0001161,CUST000567,mortgage,INR,9694296.54,9.55,NonPerforming,Medium
LOAN0001162,CUST004473,commercial overdraft,GBP,8999484.28,16.66,NonPerforming,Medium
LOAN0001163,CUST004204,trade finance,GBP,189178.78,5.19,Watch,Very High
LOAN0001164,CUST000500,credit card,USD,7250828.81,8.29,Performing,Low
LOAN0001165,CUST006699,mortgage,USD,8656587.41,13.92,Performing,Very High
LOAN0001166,CUST009928,credit card,USD,209506.45,17.32,Watch,High
LOAN0001167,CUST008767,mortgage,INR,6585857.78,8.42,Watch,High
LOAN0001168,CUST005312,term loan,GBP,76306.49,8.52,NonPerforming,Very High
LOAN0001169,CUST004352,mortgage,GBP,8379733.42,13.37,Performing,Low
LOAN0001170,CUST002679,term loan,USD,607506.33,5.17,Watch,Low
LOAN0001171,CUST009434,mortgage,USD,8577150.12,13.88,Performing,Low
LOAN0001172,CUST008592,working capital,GBP,5956174.1,15.88,Performing,Medium
LOAN0001173,CUST001415,working capital,USD,3340356.4,14.51,Performing,Low
LOAN0001174,CUST009186,working capital,GBP,4354007.68,8.09,NonPerforming,Medium
LOAN0001175,CUST009189,mortgage,INR,163001.92,9.0,NonPerforming,Very High
LOAN0001176,CUST002997,term loan,INR,773902.06,15.61,NonPerforming,Low
LOAN0001177,CUST005640,credit card,USD,9885381.58,17.15,Watch,High
LOAN0001178,CUST000800,term loan,USD,7825901.41,14.51,Watch,Very High
LOAN0001179,CUST002902,mortgage,USD,6195820.39,17.24,Performing,Very High
LOAN0001180,CUST007785,trade finance,USD,3766026.93,7.56,Watch,Low
LOAN0001181,CUST002887,trade finance,INR,2495162.2,14.55,NonPerforming,High
LOAN0001182,CUST005748,working capital,INR,8463012.36,16.25,Performing,Low
LOAN0001183,CUST005891,commercial overdraft,USD,5623795.24,7.99,Watch,Low
LOAN0001184,CUST004296,credit card,GBP,5583889.3,11.6,Watch,High
LOAN0001185,CUST006664,working capital,USD,345935.27,6.99,Performing,Low
LOAN0001186,CUST004135,mortgage,GBP,182189.28,16.61,NonPerforming,High
LOAN0001187,CUST002742,credit card,INR,3043460.56,15.31,NonPerforming,Medium
LOAN0001188,CUST001285,mortgage,USD,6720399.92,12.17,Watch,Very High
LOAN0001189,CUST005439,commercial overdraft,GBP,1567949.55,13.42,Watch,High
LOAN0001190,CUST009283,commercial overdraft,INR,3203577.96,9.75,Watch,High
LOAN0001191,CUST003088,credit card,USD,5745600.96,6.52,Watch,Very High
LOAN0001192,CUST000967,working capital,USD,507413.06,13.64,Watch,Low
LOAN0001193,CUST006774,trade finance,INR,9046709.16,11.94,Watch,High
LOAN0001194,CUST002849,commercial overdraft,USD,7817843.84,13.79,Performing,Very High
LOAN0001195,CUST003834,trade finance,GBP,4293144.49,11.54,NonPerforming,Medium
LOAN0001196,CUST000666,term loan,GBP,8461356.92,16.94,Watch,Very High
LOAN0001197,CUST003460,credit card,USD,5708521.99,15.69,Watch,Medium
LOAN0001198,CUST004259,trade finance,INR,375820.05,17.66,Watch,Medium
LOAN0001199,CUST004666,term loan,GBP,6717524.25,16.98,Performing,Medium
LOAN0001200,CUST009121,working capital,USD,1480741.72,13.47,Performing,Low
LOAN0001201,CUST005125,term loan,USD,383096.26,12.41,NonPerforming,Low
LOAN0001202,CUST002327,commercial overdraft,GBP,7285175.7,8.46,NonPerforming,Low
LOAN0001203,CUST007159,term loan,USD,6383699.13,14.14,NonPerforming,Low
LOAN0001204,CUST006106,trade finance,USD,1780854.72,11.06,Watch,Low
LOAN0001205,CUST004421,credit card,USD,2143916.95,6.17,Watch,Low
LOAN0001206,CUST002473,commercial overdraft,INR,4380100.39,11.74,Performing,Very High
LOAN0001207,CUST007388,mortgage,USD,7463989.33,6.6,Watch,Low
LOAN0001208,CUST003026,trade finance,INR,3688871.42,7.75,Performing,Low
LOAN0001209,CUST001783,term loan,GBP,8323485.6,13.4,Watch,Low
LOAN0001210,CUST001290,working capital,GBP,5565337.39,7.31,Watch,Low
LOAN0001211,CUST006628,commercial overdraft,INR,6979311.84,5.82,Watch,Very High
LOAN0001212,CUST008550,credit card,GBP,8525475.41,5.73,Watch,Low
LOAN0001213,CUST006736,mortgage,USD,7883267.61,15.54,Watch,Very High
LOAN0001214,CUST009616,commercial overdraft,GBP,2975322.23,12.04,NonPerforming,Very High
LOAN0001215,CUST009813,term loan,INR,7820595.79,15.5,Watch,Low
LOAN0001216,CUST003488,mortgage,USD,9878958.95,6.84,Performing,Medium
LOAN0001217,CUST003833,trade finance,USD,2083418.39,5.31,Watch,Medium
LOAN0001218,CUST006050,commercial overdraft,INR,2668129.28,6.03,Watch,High
LOAN0001219,CUST005168,trade finance,USD,9437141.07,11.78,Performing,High
LOAN0001220,CUST004230,working capital,GBP,3600210.91,15.73,NonPerforming,Low
LOAN0001221,CUST000984,working capital,GBP,7340373.26,12.82,Watch,Medium
LOAN0001222,CUST003923,term loan,USD,1598275.02,16.8,Watch,Medium
LOAN0001223,CUST008755,trade finance,GBP,3411725.13,10.7,NonPerforming,Low
LOAN0001224,CUST005508,commercial overdraft,GBP,3112110.53,8.52,Performing,Very High
LOAN0001225,CUST000981,trade finance,GBP,3082545.74,14.35,Watch,Low
LOAN0001226,CUST001389,credit card,INR,6456675.97,11.37,Watch,Low
LOAN0001227,CUST007736,trade finance,INR,1159595.71,11.74,NonPerforming,Very High
LOAN0001228,CUST008007,commercial overdraft,USD,2803141.26,17.82,Watch,Medium
LOAN0001229,CUST002299,mortgage,USD,8085879.31,6.14,NonPerforming,Medium
LOAN0001230,CUST003145,mortgage,GBP,5240661.27,7.73,Performing,Medium
LOAN0001231,CUST003315,credit card,GBP,8082533.24,13.03,NonPerforming,Medium
LOAN0001232,CUST000319,mortgage,USD,1658362.1,7.2,NonPerforming,Very High
LOAN0001233,CUST001883,commercial overdraft,USD,4515514.92,7.65,NonPerforming,Medium
LOAN0001234,CUST000522,working capital,INR,1761427.9,10.62,Watch,Very High
LOAN0001235,CUST000462,trade finance,INR,7260302.89,9.69,Performing,Very High
LOAN0001236,CUST004712,trade finance,GBP,8008598.1,9.38,NonPerforming,High
LOAN0001237,CUST001713,trade finance,INR,4161069.79,12.86,Performing,High
LOAN0001238,CUST009257,commercial overdraft,USD,5062473.41,17.98,Watch,Medium
LOAN0001239,CUST005437,working capital,GBP,5616738.33,12.27,Performing,Low
LOAN0001240,CUST006114,mortgage,INR,4207612.69,10.18,NonPerforming,Medium
LOAN0001241,CUST007479,mortgage,GBP,1965196.25,8.21,Performing,Very High
LOAN0001242,CUST007071,credit card,USD,2509937.48,6.36,Watch,Medium
LOAN0001243,CUST007520,term loan,GBP,1827515.48,14.94,NonPerforming,Medium
LOAN0001244,CUST005934,credit card,GBP,6300471.65,16.98,Performing,Low
LOAN0001245,CUST006951,commercial overdraft,INR,212446.38,15.7,Watch,High
LOAN0001246,CUST005595,mortgage,GBP,5090250.87,16.01,Watch,High
LOAN0001247,CUST004395,commercial overdraft,GBP,1032709.49,14.3,Watch,Low
LOAN0001248,CUST000598,term loan,USD,2857742.77,16.66,Performing,High
LOAN0001249,CUST006988,mortgage,INR,6227027.26,13.22,Performing,Low
LOAN0001250,CUST005182,trade finance,INR,5142477.1,17.16,Performing,Medium
LOAN0001251,CUST006598,commercial overdraft,USD,9461643.65,7.92,NonPerforming,Medium
LOAN0001252,CUST007947,commercial overdraft,INR,3839388.96,16.11,Watch,Medium
LOAN0001253,CUST001574,trade finance,INR,5848268.84,9.71,Performing,High
LOAN0001254,CUST001390,trade finance,USD,8713752.75,14.35,NonPerforming,Medium
LOAN0001255,CUST004077,credit card,USD,2990671.35,13.94,Watch,Very High
LOAN0001256,CUST009457,term loan,INR,9757770.35,13.39,NonPerforming,Medium
LOAN0001257,CUST006809,credit card,USD,2195077.8,12.9,Watch,Medium
LOAN0001258,CUST002270,commercial overdraft,INR,7776323.78,6.32,Performing,Low
LOAN0001259,CUST009437,commercial overdraft,USD,4099139.85,17.69,Watch,Medium
LOAN0001260,CUST004333,trade finance,INR,5852351.89,12.71,Performing,Low
LOAN0001261,CUST007643,credit card,GBP,1500252.58,9.99,Performing,Low
LOAN0001262,CUST005944,working capital,GBP,9993089.25,13.06,Performing,Very High
LOAN0001263,CUST008019,mortgage,USD,9736748.78,15.38,Performing,High
LOAN0001264,CUST009393,mortgage,INR,3818107.22,12.66,Performing,Low
LOAN0001265,CUST002715,commercial overdraft,USD,4581588.68,5.75,Watch,Medium
LOAN0001266,CUST006839,commercial overdraft,INR,4847845.11,5.73,NonPerforming,Low
LOAN0001267,CUST008834,credit card,INR,8214871.85,8.96,Watch,Medium
LOAN0001268,CUST008316,trade finance,USD,33107.12,16.2,Watch,High
LOAN0001269,CUST000141,working capital,INR,8881348.96,14.68,Watch,Medium
LOAN0001270,CUST000167,trade finance,USD,3647247.23,15.58,NonPerforming,High
LOAN0001271,CUST002301,working capital,GBP,6637033.94,14.58,Watch,High
LOAN0001272,CUST001029,commercial overdraft,INR,4083251.95,14.63,Performing,Medium
LOAN0001273,CUST002000,working capital,GBP,2822607.96,14.06,Performing,Very High
LOAN0001274,CUST001668,working capital,GBP,2992369.09,15.83,NonPerforming,Medium
LOAN0001275,CUST006600,trade finance,USD,4186008.15,10.45,NonPerforming,Medium
LOAN0001276,CUST008867,working capital,GBP,4949898.34,14.53,Watch,Medium
LOAN0001277,CUST008717,term loan,GBP,7024829.97,12.65,NonPerforming,Very High
LOAN0001278,CUST003658,term loan,INR,2835620.57,11.25,NonPerforming,Medium
LOAN0001279,CUST003206,mortgage,USD,6149047.76,10.6,Performing,Very High
LOAN0001280,CUST002079,working capital,GBP,8360399.17,7.06,NonPerforming,Medium
LOAN0001281,CUST000595,credit card,INR,7639996.06,5.09,NonPerforming,Very High
LOAN0001282,CUST001784,working capital,USD,5255813.44,11.25,Performing,High
LOAN0001283,CUST003124,mortgage,USD,1584174.61,17.0,NonPerforming,Very High
LOAN0001284,CUST000986,commercial overdraft,INR,2995769.2,6.15,Watch,High
LOAN0001285,CUST005220,working capital,GBP,9552350.58,9.03,Performing,Medium
LOAN0001286,CUST000372,trade finance,INR,2795268.56,13.19,Performing,Very High
LOAN0001287,CUST003047,commercial overdraft,INR,913397.61,7.63,Watch,Low
LOAN0001288,CUST004848,working capital,GBP,8672728.05,13.7,Performing,High
LOAN0001289,CUST008105,mortgage,USD,3353366.04,5.6,NonPerforming,Medium
LOAN0001290,CUST000824,credit card,GBP,7226809.0,5.22,Performing,Medium
LOAN0001291,CUST005458,trade finance,GBP,3910642.67,11.72,Performing,Medium
LOAN0001292,CUST008876,mortgage,INR,7412677.63,16.66,Performing,Very High
LOAN0001293,CUST007322,mortgage,GBP,2047207.84,8.5,NonPerforming,Medium
LOAN0001294,CUST003441,credit card,GBP,4134981.33,17.93,Watch,Medium
LOAN0001295,CUST001835,commercial overdraft,USD,716710.58,6.41,Performing,Medium
LOAN0001296,CUST000659,commercial overdraft,GBP,4192600.73,16.67,NonPerforming,Low
LOAN0001297,CUST006739,mortgage,INR,443012.43,14.09,Watch,Very High
LOAN0001298,CUST002597,trade finance,INR,975380.27,13.55,Performing,High
LOAN0001299,CUST008229,term loan,GBP,8439897.87,5.1,NonPerforming,Very High
LOAN0001300,CUST004490,commercial overdraft,USD,1741948.17,8.63,Performing,Low
LOAN0001301,CUST001287,mortgage,USD,7149106.81,16.78,Performing,Low
LOAN0001302,CUST008553,trade finance,INR,8282223.65,15.06,Watch,High
LOAN0001303,CUST005705,mortgage,USD,7492788.8,10.92,Watch,Low
LOAN0001304,CUST000559,term loan,INR,7120317.95,9.52,Performing,High
LOAN0001305,CUST005212,term loan,USD,20209.63,7.12,Watch,Medium
LOAN0001306,CUST004021,credit card,INR,6044407.87,10.52,Performing,Low
LOAN0001307,CUST005616,credit card,INR,156932.78,10.65,Watch,Medium
LOAN0001308,CUST004281,mortgage,INR,584935.09,17.72,Watch,Medium
LOAN0001309,CUST002931,term loan,GBP,4267002.02,9.25,Performing,Low
LOAN0001310,CUST003915,mortgage,GBP,8522219.06,8.18,Performing,Very High
LOAN0001311,CUST008600,mortgage,USD,3042569.4,5.1,NonPerforming,Low
LOAN0001312,CUST006356,commercial overdraft,INR,1266371.77,11.48,Performing,Low
LOAN0001313,CUST009763,mortgage,USD,3599908.86,16.26,Performing,High
LOAN0001314,CUST003738,mortgage,GBP,1143062.89,7.34,Performing,Low
LOAN0001315,CUST003561,trade finance,USD,4124644.5,8.61,Watch,Very High
LOAN0001316,CUST006644,commercial overdraft,USD,4195002.69,15.35,Performing,Very High
LOAN0001317,CUST009796,working capital,USD,9436050.28,13.87,NonPerforming,Medium
LOAN0001318,CUST005222,mortgage,GBP,4787290.17,14.89,NonPerforming,High
LOAN0001319,CUST005233,mortgage,GBP,2230735.06,12.53,NonPerforming,Very High
LOAN0001320,CUST000346,term loan,USD,5878072.08,9.05,Performing,Very High
LOAN0001321,CUST009787,term loan,INR,590884.66,5.15,NonPerforming,Medium
LOAN0001322,CUST004141,credit card,USD,5129236.46,13.62,Watch,Medium
LOAN0001323,CUST003022,working capital,USD,7356535.07,15.02,Watch,Very High
LOAN0001324,CUST002787,mortgage,USD,1392618.89,11.45,Performing,Low
LOAN0001325,CUST006183,trade finance,GBP,9300067.55,13.15,Watch,Medium
LOAN0001326,CUST004778,mortgage,GBP,5105246.59,6.75,NonPerforming,Medium
LOAN0001327,CUST004440,mortgage,INR,4695183.42,5.24,Watch,Low
LOAN0001328,CUST008075,credit card,INR,2007208.38,10.38,Performing,Low
LOAN0001329,CUST005120,credit card,GBP,9196879.48,15.35,Performing,Low
LOAN0001330,CUST002392,trade finance,USD,4217671.33,10.63,Performing,High
LOAN0001331,CUST000164,mortgage,GBP,6665819.85,11.9,NonPerforming,High
LOAN0001332,CUST007668,trade finance,INR,2010681.42,8.41,Watch,Low
LOAN0001333,CUST000579,mortgage,INR,1921135.94,16.33,Performing,High
LOAN0001334,CUST002648,working capital,INR,6610402.68,13.22,NonPerforming,Low
LOAN0001335,CUST001382,commercial overdraft,GBP,4639715.09,11.38,NonPerforming,High
LOAN0001336,CUST001294,term loan,INR,6422890.26,13.37,Watch,High
LOAN0001337,CUST008165,working capital,USD,3169803.45,17.4,Performing,High
LOAN0001338,CUST003998,mortgage,INR,4685614.6,8.75,Performing,Very High
LOAN0001339,CUST002363,mortgage,INR,2915076.47,16.71,Watch,High
LOAN0001340,CUST008046,mortgage,GBP,8286778.53,5.03,Watch,High
LOAN0001341,CUST006197,trade finance,USD,9803020.77,14.61,NonPerforming,Very High
LOAN0001342,CUST006127,working capital,GBP,5486294.05,15.49,NonPerforming,Very High
LOAN0001343,CUST004508,credit card,USD,2904458.46,15.63,Watch,Medium
LOAN0001344,CUST000925,mortgage,GBP,3530588.17,5.96,NonPerforming,Medium
LOAN0001345,CUST006238,term loan,GBP,4358151.31,7.45,Performing,Very High
LOAN0001346,CUST004758,mortgage,USD,2611562.74,8.6,NonPerforming,Low
LOAN0001347,CUST005244,mortgage,USD,210164.36,7.54,NonPerforming,Low
LOAN0001348,CUST009114,mortgage,USD,3395238.42,14.25,NonPerforming,Very High
LOAN0001349,CUST008024,credit card,GBP,3300313.45,13.4,NonPerforming,Very High
LOAN0001350,CUST000854,trade finance,USD,8206035.3,13.27,Watch,Very High
LOAN0001351,CUST004058,mortgage,INR,5773247.94,6.53,NonPerforming,High
LOAN0001352,CUST007831,trade finance,GBP,2679651.07,7.54,Performing,Medium
LOAN0001353,CUST007161,mortgage,GBP,2970455.86,13.13,Watch,Very High
LOAN0001354,CUST006930,commercial overdraft,GBP,8677197.73,13.68,Performing,Low
LOAN0001355,CUST004450,credit card,USD,5142172.19,15.53,Performing,Very High
LOAN0001356,CUST003268,credit card,INR,43245.78,14.1,NonPerforming,Medium
LOAN0001357,CUST006682,working capital,INR,9190917.04,12.42,Watch,High
LOAN0001358,CUST006025,credit card,GBP,6630879.63,13.12,NonPerforming,Very High
LOAN0001359,CUST001607,term loan,USD,6613208.44,6.75,NonPerforming,High
LOAN0001360,CUST001032,trade finance,GBP,1362759.94,8.79,Performing,Low
LOAN0001361,CUST005293,working capital,GBP,7317065.66,13.22,NonPerforming,Low
LOAN0001362,CUST005220,credit card,USD,4380256.76,15.67,NonPerforming,Medium
LOAN0001363,CUST000239,commercial overdraft,INR,6728218.86,7.25,Performing,Very High
LOAN0001364,CUST005243,credit card,USD,1256535.34,6.7,Performing,Low
LOAN0001365,CUST007315,term loan,INR,5917748.68,13.75,NonPerforming,Medium
LOAN0001366,CUST008140,commercial overdraft,USD,4595243.71,11.99,NonPerforming,Medium
LOAN0001367,CUST002470,working capital,INR,9922346.15,15.65,Watch,Low
LOAN0001368,CUST002120,trade finance,GBP,445381.22,9.87,Watch,Medium
LOAN0001369,CUST009949,trade finance,USD,5859281.37,10.17,Performing,Low
LOAN0001370,CUST006595,commercial overdraft,INR,5163774.34,13.1,Performing,Low
LOAN0001371,CUST009378,commercial overdraft,GBP,3168089.04,14.7,Watch,Medium
LOAN0001372,CUST009361,trade finance,GBP,8208035.12,16.1,Performing,High
LOAN0001373,CUST002578,trade finance,INR,8191450.0,14.52,NonPerforming,Medium
LOAN0001374,CUST006691,term loan,INR,9761473.04,16.89,Performing,Very High
LOAN0001375,CUST008908,term loan,INR,5868740.14,9.28,Performing,Very High
LOAN0001376,CUST007022,mortgage,INR,4735997.44,6.7,Performing,High
LOAN0001377,CUST009201,trade finance,USD,3527993.23,6.98,Watch,High
LOAN0001378,CUST003650,working capital,USD,6580279.74,11.09,Performing,Low
LOAN0001379,CUST002926,credit card,USD,5911431.75,11.19,Performing,Very High
LOAN0001380,CUST007570,credit card,USD,2737766.99,12.15,Performing,Medium
LOAN0001381,CUST007414,commercial overdraft,INR,5409648.3,9.2,NonPerforming,High
LOAN0001382,CUST008533,term loan,USD,6462682.83,8.71,NonPerforming,High
LOAN0001383,CUST006258,mortgage,INR,4039840.19,14.11,NonPerforming,Medium
LOAN0001384,CUST000701,commercial overdraft,GBP,7055980.06,13.26,Performing,High
LOAN0001385,CUST009960,commercial overdraft,USD,4783830.08,15.21,Performing,Medium
LOAN0001386,CUST005257,commercial overdraft,GBP,3440931.98,9.95,Performing,High
LOAN0001387,CUST004429,credit card,GBP,3931246.21,12.41,Watch,Low
LOAN0001388,CUST000560,commercial overdraft,USD,5279233.11,9.08,Watch,Low
LOAN0001389,CUST009759,credit card,USD,3298676.51,6.25,Performing,High
LOAN0001390,CUST007368,trade finance,GBP,5246567.62,5.95,NonPerforming,Very High
LOAN0001391,CUST005429,working capital,GBP,2769827.05,9.22,Performing,Low
LOAN0001392,CUST009901,trade finance,INR,6710555.53,16.65,NonPerforming,Very High
LOAN0001393,CUST003203,credit card,GBP,1317539.19,8.3,Watch,Medium
LOAN0001394,CUST005311,term loan,USD,3459999.66,9.16,NonPerforming,Medium
LOAN0001395,CUST006139,mortgage,INR,5063231.12,18.0,Performing,Very High
LOAN0001396,CUST002613,commercial overdraft,INR,709673.0,7.43,NonPerforming,Low
LOAN0001397,CUST003584,term loan,GBP,719108.79,16.05,NonPerforming,Medium
LOAN0001398,CUST001159,trade finance,INR,630660.78,14.97,NonPerforming,High
LOAN0001399,CUST004627,mortgage,USD,178408.98,12.02,Performing,Low
LOAN0001400,CUST009199,trade finance,INR,5598474.53,10.18,Performing,Low
LOAN0001401,CUST003874,trade finance,USD,2964170.05,13.4,Performing,Low
LOAN0001402,CUST003909,commercial overdraft,GBP,8345055.43,16.35,NonPerforming,Low
LOAN0001403,CUST000011,credit card,GBP,951418.24,13.17,NonPerforming,High
LOAN0001404,CUST007647,credit card,GBP,9968643.72,17.34,NonPerforming,Low
LOAN0001405,CUST006268,mortgage,INR,2848360.03,8.31,Watch,Low
LOAN0001406,CUST002550,trade finance,INR,1689279.36,11.72,Performing,Very High
LOAN0001407,CUST001030,credit card,USD,9535389.77,13.35,NonPerforming,High
LOAN0001408,CUST004105,commercial overdraft,GBP,2493385.12,13.05,Watch,Medium
LOAN0001409,CUST000455,working capital,GBP,4932526.94,7.27,Watch,Medium
LOAN0001410,CUST009463,credit card,USD,3697691.13,15.61,Performing,Medium
LOAN0001411,CUST001763,credit card,GBP,7200388.81,13.3,Performing,High
LOAN0001412,CUST005451,trade finance,INR,8727323.0,12.22,NonPerforming,High
LOAN0001413,CUST006808,term loan,GBP,8076296.8,17.0,Performing,Low
LOAN0001414,CUST004649,working capital,INR,858799.55,16.84,Performing,Medium
LOAN0001415,CUST008303,mortgage,GBP,4889314.53,7.13,Watch,Low
LOAN0001416,CUST002677,commercial overdraft,USD,8610362.24,15.31,Watch,Medium
LOAN0001417,CUST006629,working capital,GBP,1943208.26,15.91,Performing,Low
LOAN0001418,CUST004569,trade finance,INR,6222203.06,8.83,Performing,Very High
LOAN0001419,CUST009067,commercial overdraft,INR,5852397.13,13.12,NonPerforming,High
LOAN0001420,CUST008430,mortgage,INR,1309712.94,13.19,Performing,Very High
LOAN0001421,CUST008084,mortgage,GBP,1374069.8,15.55,Watch,Low
LOAN0001422,CUST008928,trade finance,GBP,9442079.71,6.8,Performing,High
LOAN0001423,CUST009712,credit card,USD,5573686.1,7.68,Watch,High
LOAN0001424,CUST009795,credit card,GBP,1447009.97,5.77,Performing,Very High
LOAN0001425,CUST004190,credit card,GBP,7535325.1,5.14,Watch,Medium
LOAN0001426,CUST003416,commercial overdraft,USD,537340.99,7.12,Watch,Very High
LOAN0001427,CUST003519,commercial overdraft,INR,6050334.14,6.08,Performing,Very High
LOAN0001428,CUST002996,term loan,GBP,9260301.03,17.59,Watch,Low
LOAN0001429,CUST005126,trade finance,INR,847873.07,17.3,Performing,Medium
LOAN0001430,CUST008120,trade finance,USD,6279575.5,5.19,NonPerforming,Very High
LOAN0001431,CUST006693,term loan,GBP,6510167.04,16.49,Performing,Low
LOAN0001432,CUST008819,trade finance,USD,114638.74,9.69,Watch,Very High
LOAN0001433,CUST002492,working capital,INR,9403312.78,7.17,NonPerforming,Low
LOAN0001434,CUST002471,term loan,USD,5360923.43,16.15,Performing,Medium
LOAN0001435,CUST007095,trade finance,INR,3672027.22,13.41,Performing,Very High
LOAN0001436,CUST007746,mortgage,USD,8963284.64,9.89,Performing,Very High
LOAN0001437,CUST007254,mortgage,USD,6521563.0,5.22,NonPerforming,Low
LOAN0001438,CUST001616,term loan,USD,5367017.79,15.21,Performing,Medium
LOAN0001439,CUST007222,commercial overdraft,GBP,6553131.44,15.32,NonPerforming,High
LOAN0001440,CUST001188,commercial overdraft,USD,3427868.19,15.07,Performing,High
LOAN0001441,CUST006057,commercial overdraft,USD,8376033.95,8.75,Watch,Medium
LOAN0001442,CUST001578,trade finance,GBP,5755818.88,5.08,Performing,High
LOAN0001443,CUST008282,credit card,GBP,5408296.16,15.33,Performing,Medium
LOAN0001444,CUST008022,mortgage,INR,3469915.82,12.74,Performing,Low
LOAN0001445,CUST008125,commercial overdraft,GBP,4485301.04,15.14,Watch,Low
LOAN0001446,CUST006858,commercial overdraft,USD,3489265.15,6.93,Watch,High
LOAN0001447,CUST006018,mortgage,INR,7456977.26,12.8,NonPerforming,Medium
LOAN0001448,CUST002382,term loan,USD,6325432.19,16.35,Performing,High
LOAN0001449,CUST001707,commercial overdraft,INR,6633135.9,9.25,NonPerforming,Very High
LOAN0001450,CUST003173,trade finance,INR,7292031.2,11.71,NonPerforming,Low
LOAN0001451,CUST003358,commercial overdraft,USD,6739576.2,17.99,Performing,High
LOAN0001452,CUST003518,mortgage,GBP,1988387.84,10.3,NonPerforming,Medium
LOAN0001453,CUST006649,trade finance,GBP,1554813.75,16.04,Watch,High
LOAN0001454,CUST008033,trade finance,INR,1830284.3,10.56,NonPerforming,Very High
LOAN0001455,CUST007672,working capital,INR,6704813.48,16.68,Watch,Very High
LOAN0001456,CUST002453,term loan,USD,7912775.16,17.63,Performing,High
LOAN0001457,CUST006990,working capital,GBP,8248136.47,14.33,NonPerforming,Low
LOAN0001458,CUST006592,term loan,INR,4158606.08,14.72,Watch,Low
LOAN0001459,CUST006560,mortgage,USD,6446079.75,12.47,Performing,Medium
LOAN0001460,CUST001014,term loan,INR,8972267.62,7.59,Performing,Low
LOAN0001461,CUST008852,working capital,GBP,6539792.96,13.08,Watch,High
LOAN0001462,CUST000944,term loan,INR,5603845.5,5.29,Performing,Medium
LOAN0001463,CUST008445,mortgage,USD,5280387.51,6.71,Performing,Low
LOAN0001464,CUST004077,credit card,USD,698562.35,10.34,Watch,High
LOAN0001465,CUST002692,term loan,INR,9899490.81,5.3,Performing,Medium
LOAN0001466,CUST007228,trade finance,INR,5519857.53,16.77,Performing,Very High
LOAN0001467,CUST002285,working capital,USD,702627.19,15.9,Performing,Medium
LOAN0001468,CUST006345,trade finance,INR,2643754.25,16.82,Performing,Very High
LOAN0001469,CUST000034,trade finance,INR,634796.71,15.97,NonPerforming,Very High
LOAN0001470,CUST008245,trade finance,GBP,5608136.77,9.24,Watch,Very High
LOAN0001471,CUST004918,commercial overdraft,GBP,8456431.03,13.0,Performing,Low
LOAN0001472,CUST001593,commercial overdraft,INR,8928561.65,17.5,Performing,Very High
LOAN0001473,CUST001254,credit card,GBP,4836706.8,10.15,NonPerforming,Medium
LOAN0001474,CUST001913,working capital,GBP,2930639.84,12.18,NonPerforming,High
LOAN0001475,CUST002481,commercial overdraft,INR,6550433.57,6.27,Performing,Very High
LOAN0001476,CUST002694,term loan,GBP,6646906.52,6.5,Performing,Medium
LOAN0001477,CUST001000,commercial overdraft,GBP,9980658.69,5.81,NonPerforming,High
LOAN0001478,CUST003502,term loan,USD,3373360.55,9.32,Watch,Low
LOAN0001479,CUST000857,working capital,GBP,389850.51,16.59,NonPerforming,Medium
LOAN0001480,CUST006258,working capital,INR,7765626.19,11.3,NonPerforming,Low
LOAN0001481,CUST005528,commercial overdraft,INR,3363445.84,7.19,Performing,Very High
LOAN0001482,CUST005228,credit card,INR,5751975.96,6.03,Watch,Low
LOAN0001483,CUST003162,trade finance,USD,6261603.05,8.51,Performing,Low
LOAN0001484,CUST009135,working capital,INR,3768720.08,15.36,NonPerforming,Medium
LOAN0001485,CUST009457,mortgage,GBP,326592.15,11.38,NonPerforming,Very High
LOAN0001486,CUST005342,commercial overdraft,INR,5049978.6,17.6,Performing,High
LOAN0001487,CUST009290,credit card,INR,6048013.82,15.84,NonPerforming,Low
LOAN0001488,CUST009782,credit card,USD,5244409.04,8.65,Performing,Very High
LOAN0001489,CUST005765,mortgage,INR,8245817.09,15.06,Performing,Low
LOAN0001490,CUST001301,term loan,INR,8810961.73,14.78,Performing,Very High
LOAN0001491,CUST005464,mortgage,USD,3353099.92,13.12,Performing,Very High
LOAN0001492,CUST000262,credit card,USD,5753887.53,15.57,Watch,Low
LOAN0001493,CUST005829,credit card,USD,9828979.17,5.54,Watch,High
LOAN0001494,CUST001099,term loan,GBP,7972561.89,17.91,Watch,Medium
LOAN0001495,CUST001435,commercial overdraft,USD,6803702.47,16.4,Performing,Medium
LOAN0001496,CUST002048,working capital,INR,92174.98,17.51,Performing,High
LOAN0001497,CUST009673,commercial overdraft,GBP,7427417.06,7.25,Performing,Low
LOAN0001498,CUST001332,commercial overdraft,USD,1285858.89,9.12,Watch,Low
LOAN0001499,CUST009056,term loan,GBP,3104861.38,6.41,Performing,Medium
LOAN0001500,CUST009026,trade finance,USD,9361137.38,8.04,Watch,Very High
LOAN0001501,CUST009504,term loan,USD,4505578.98,17.63,NonPerforming,Very High
LOAN0001502,CUST008351,mortgage,INR,8208928.58,9.92,Performing,High
LOAN0001503,CUST003428,term loan,GBP,9063718.17,15.53,NonPerforming,Low
LOAN0001504,CUST003606,term loan,INR,5303492.08,11.68,NonPerforming,High
LOAN0001505,CUST004023,commercial overdraft,USD,6978824.06,15.02,Watch,High
LOAN0001506,CUST006118,credit card,USD,9969311.14,6.49,NonPerforming,Medium
LOAN0001507,CUST007480,working capital,GBP,4642276.04,12.1,Performing,High
LOAN0001508,CUST003606,trade finance,GBP,8942970.67,17.28,Watch,Very High
LOAN0001509,CUST008632,working capital,INR,7783316.29,6.47,Performing,Medium
LOAN0001510,CUST009593,credit card,GBP,6074390.69,6.03,Watch,Very High
LOAN0001511,CUST006019,commercial overdraft,USD,7430436.77,14.99,Watch,Low
LOAN0001512,CUST005872,term loan,USD,7940432.08,15.15,NonPerforming,Very High
LOAN0001513,CUST000308,commercial overdraft,USD,6482546.49,14.12,Performing,Medium
LOAN0001514,CUST007614,mortgage,USD,7997459.08,7.65,Performing,High
LOAN0001515,CUST009886,credit card,USD,1620204.9,12.23,NonPerforming,Medium
LOAN0001516,CUST004019,working capital,INR,4689235.54,10.74,Performing,High
LOAN0001517,CUST001197,commercial overdraft,USD,5049937.87,6.22,Performing,Low
LOAN0001518,CUST004891,term loan,INR,3881093.91,16.32,Watch,Low
LOAN0001519,CUST000712,commercial overdraft,USD,3008574.9,12.85,NonPerforming,Low
LOAN0001520,CUST005084,term loan,USD,6778930.02,17.82,NonPerforming,Very High
LOAN0001521,CUST007831,mortgage,INR,778069.65,7.6,NonPerforming,Medium
LOAN0001522,CUST003634,credit card,INR,4119690.88,6.13,Performing,Medium
LOAN0001523,CUST007137,term loan,USD,2159306.51,13.81,Watch,Very High
LOAN0001524,CUST007252,commercial overdraft,USD,6442076.97,10.37,NonPerforming,Medium
LOAN0001525,CUST005691,credit card,USD,7678087.01,13.23,Watch,Medium
LOAN0001526,CUST002935,mortgage,GBP,3513326.43,11.95,NonPerforming,Very High
LOAN0001527,CUST002640,trade finance,INR,9969074.88,6.45,Watch,Very High
LOAN0001528,CUST003647,term loan,USD,2527196.67,12.15,NonPerforming,Medium
LOAN0001529,CUST009282,commercial overdraft,GBP,2939915.05,5.22,NonPerforming,Medium
LOAN0001530,CUST007794,trade finance,GBP,9535107.35,8.08,NonPerforming,High
LOAN0001531,CUST006429,commercial overdraft,GBP,6860863.68,15.56,Watch,Low
LOAN0001532,CUST008860,working capital,INR,9154687.05,12.55,Watch,Low
LOAN0001533,CUST009007,mortgage,GBP,8908838.75,9.92,Performing,Medium
LOAN0001534,CUST005395,mortgage,USD,9579600.79,15.17,Performing,Low
LOAN0001535,CUST001549,mortgage,INR,7406957.38,11.83,Performing,Medium
LOAN0001536,CUST009679,credit card,INR,7752796.15,13.18,Watch,Medium
LOAN0001537,CUST002822,mortgage,USD,3568956.22,7.06,Watch,Medium
LOAN0001538,CUST007296,credit card,USD,9652054.43,9.13,Watch,High
LOAN0001539,CUST005764,mortgage,USD,118020.15,8.81,Watch,Very High
LOAN0001540,CUST008782,credit card,GBP,8696591.15,16.78,Watch,Medium
LOAN0001541,CUST003105,commercial overdraft,USD,432755.2,8.1,NonPerforming,Very High
LOAN0001542,CUST007568,mortgage,GBP,4171774.06,8.46,Watch,Low
LOAN0001543,CUST004954,mortgage,GBP,1086553.88,8.05,NonPerforming,Very High
LOAN0001544,CUST002937,mortgage,GBP,4672930.97,12.54,Watch,Medium
LOAN0001545,CUST003510,credit card,USD,6121985.49,7.95,NonPerforming,Low
LOAN0001546,CUST008007,credit card,USD,1207511.69,16.56,Watch,Very High
LOAN0001547,CUST003198,working capital,USD,402183.74,17.65,Performing,Very High
LOAN0001548,CUST006862,working capital,GBP,3868517.46,10.35,Performing,Medium
LOAN0001549,CUST007757,mortgage,INR,8763820.4,10.68,NonPerforming,Medium
LOAN0001550,CUST007080,working capital,INR,2312624.36,8.63,Performing,Low
LOAN0001551,CUST008910,trade finance,INR,1406394.15,14.41,NonPerforming,Very High
LOAN0001552,CUST001707,commercial overdraft,INR,5553153.65,11.97,Watch,Low
LOAN0001553,CUST002255,credit card,INR,7813216.08,12.41,Watch,Medium
LOAN0001554,CUST007171,mortgage,USD,5122602.48,7.47,Performing,Low
LOAN0001555,CUST001678,trade finance,INR,2194242.52,7.38,Watch,Medium
LOAN0001556,CUST002009,commercial overdraft,INR,2324412.22,10.03,Watch,High
LOAN0001557,CUST006831,credit card,USD,3697359.1,15.55,NonPerforming,Medium
LOAN0001558,CUST005168,commercial overdraft,GBP,1134551.63,6.86,NonPerforming,Very High
LOAN0001559,CUST006504,mortgage,USD,7439623.15,13.97,NonPerforming,Medium
LOAN0001560,CUST002339,credit card,USD,5822496.36,10.97,Performing,Low
LOAN0001561,CUST008200,mortgage,INR,3012202.75,12.31,NonPerforming,Low
LOAN0001562,CUST009350,commercial overdraft,INR,9945121.8,8.37,Watch,Low
LOAN0001563,CUST000664,term loan,GBP,6158091.7,11.43,Performing,Medium
LOAN0001564,CUST002479,trade finance,USD,1897316.22,17.5,Watch,Very High
LOAN0001565,CUST009826,term loan,USD,3689398.09,12.31,Performing,High
LOAN0001566,CUST008315,credit card,GBP,2611728.35,10.53,Watch,Very High
LOAN0001567,CUST004919,trade finance,GBP,3355646.89,17.13,Performing,Low
LOAN0001568,CUST003671,mortgage,USD,4250203.47,14.63,NonPerforming,Low
LOAN0001569,CUST006964,term loan,GBP,3238597.34,7.11,NonPerforming,High
LOAN0001570,CUST009544,commercial overdraft,USD,8367522.41,13.32,NonPerforming,High
LOAN0001571,CUST007526,working capital,INR,181215.95,8.78,Watch,Medium
LOAN0001572,CUST009918,term loan,USD,9324030.09,11.8,NonPerforming,Very High
LOAN0001573,CUST003788,commercial overdraft,USD,5477250.12,10.56,NonPerforming,Low
LOAN0001574,CUST003960,commercial overdraft,INR,3705541.13,10.49,NonPerforming,Very High
LOAN0001575,CUST008790,working capital,USD,4875159.0,18.0,NonPerforming,High
LOAN0001576,CUST006719,trade finance,INR,4436374.99,8.74,Watch,Medium
LOAN0001577,CUST001269,mortgage,INR,2612255.19,6.71,Watch,Very High
LOAN0001578,CUST003816,mortgage,USD,8554438.78,13.5,Performing,Medium
LOAN0001579,CUST001911,term loan,GBP,7140977.36,8.67,Watch,High
LOAN0001580,CUST002859,trade finance,USD,1094634.6,14.98,Watch,Very High
LOAN0001581,CUST008517,credit card,GBP,6170022.59,12.85,NonPerforming,Medium
LOAN0001582,CUST004230,trade finance,INR,3750267.45,10.47,Watch,Very High
LOAN0001583,CUST009052,term loan,GBP,2511905.5,6.57,Watch,Very High
LOAN0001584,CUST007580,trade finance,USD,8281640.6,11.21,Performing,High
LOAN0001585,CUST008905,commercial overdraft,GBP,4859613.48,12.29,NonPerforming,Medium
LOAN0001586,CUST004955,trade finance,USD,3218884.73,14.12,Watch,Medium
LOAN0001587,CUST009971,term loan,INR,7551538.88,6.66,Performing,Very High
LOAN0001588,CUST003285,mortgage,GBP,9910442.36,13.31,Watch,Low
LOAN0001589,CUST007458,trade finance,USD,2917805.93,9.2,NonPerforming,Medium
LOAN0001590,CUST000853,credit card,USD,1475772.48,10.85,Performing,Low
LOAN0001591,CUST002996,term loan,USD,3817146.83,7.2,Watch,Low
LOAN0001592,CUST008376,credit card,GBP,7657790.42,12.36,Watch,Very High
LOAN0001593,CUST009241,credit card,USD,7060059.86,8.86,NonPerforming,Low
LOAN0001594,CUST000347,term loan,USD,3992171.01,5.08,NonPerforming,High
LOAN0001595,CUST006819,term loan,USD,3439077.36,16.08,Watch,Very High
LOAN0001596,CUST007549,working capital,GBP,2548826.18,6.83,Performing,Medium
LOAN0001597,CUST000113,commercial overdraft,USD,5697721.8,16.4,Watch,High
LOAN0001598,CUST009368,credit card,USD,4963792.35,6.44,Performing,High
LOAN0001599,CUST000079,mortgage,INR,3797859.57,16.65,NonPerforming,Low
LOAN0001600,CUST007097,commercial overdraft,INR,3533829.94,13.83,Watch,High
LOAN0001601,CUST006430,working capital,GBP,511099.13,16.1,Watch,High
LOAN0001602,CUST006582,term loan,GBP,6406524.61,8.67,Watch,Medium
LOAN0001603,CUST009777,trade finance,INR,8194273.34,7.46,NonPerforming,Very High
LOAN0001604,CUST000979,working capital,INR,7542627.54,7.76,NonPerforming,Medium
LOAN0001605,CUST004972,term loan,GBP,5673128.98,13.87,Watch,High
LOAN0001606,CUST009382,trade finance,USD,5822660.18,15.02,Performing,Very High
LOAN0001607,CUST005359,credit card,INR,7381594.14,5.04,Watch,Very High
LOAN0001608,CUST000458,trade finance,INR,1926696.28,10.42,Performing,Low
LOAN0001609,CUST009867,credit card,INR,8323598.3,11.71,Watch,Low
LOAN0001610,CUST002391,working capital,USD,3613952.25,13.68,NonPerforming,Medium
LOAN0001611,CUST007299,commercial overdraft,USD,5197173.69,5.99,NonPerforming,Medium
LOAN0001612,CUST006525,commercial overdraft,USD,4015551.9,5.84,Watch,Very High
LOAN0001613,CUST003752,trade finance,USD,6488749.66,8.41,Watch,High
LOAN0001614,CUST009821,credit card,GBP,2418482.73,7.75,NonPerforming,Low
LOAN0001615,CUST000650,term loan,USD,9647430.52,6.0,Performing,High
LOAN0001616,CUST008033,credit card,GBP,8899217.6,11.58,Watch,Low
LOAN0001617,CUST009153,term loan,USD,1570788.24,8.95,Performing,Medium
LOAN0001618,CUST002658,mortgage,INR,7468097.36,5.95,NonPerforming,Medium
LOAN0001619,CUST000473,term loan,INR,3826712.47,16.28,Watch,Very High
LOAN0001620,CUST001705,trade finance,USD,2096205.57,7.15,Watch,High
LOAN0001621,CUST006042,term loan,USD,931454.03,9.09,NonPerforming,Medium
LOAN0001622,CUST003360,term loan,USD,1172654.26,14.59,Performing,Low
LOAN0001623,CUST007835,working capital,INR,4683498.28,13.5,Watch,Low
LOAN0001624,CUST002473,term loan,INR,366809.62,6.55,Watch,Very High
LOAN0001625,CUST005581,mortgage,INR,1474993.96,12.09,Watch,Very High
LOAN0001626,CUST005055,working capital,USD,5930387.02,9.87,Performing,High
LOAN0001627,CUST002021,credit card,USD,1947579.09,10.46,NonPerforming,Medium
LOAN0001628,CUST009962,working capital,GBP,5713586.12,6.87,Performing,Low
LOAN0001629,CUST009088,commercial overdraft,USD,6802716.62,9.08,Performing,High
LOAN0001630,CUST001331,credit card,GBP,3335307.15,10.14,Performing,Very High
LOAN0001631,CUST007633,term loan,GBP,7308267.93,11.46,Performing,Low
LOAN0001632,CUST009498,working capital,INR,3251194.58,11.38,Performing,Very High
LOAN0001633,CUST002835,trade finance,INR,7492532.98,11.37,NonPerforming,Very High
LOAN0001634,CUST005187,trade finance,USD,500935.73,13.16,NonPerforming,High
LOAN0001635,CUST005464,term loan,USD,6208919.07,8.67,Performing,Low
LOAN0001636,CUST002768,trade finance,USD,3750056.91,9.33,NonPerforming,Very High
LOAN0001637,CUST005355,credit card,GBP,1966916.5,16.81,NonPerforming,Very High
LOAN0001638,CUST009300,credit card,GBP,7954938.28,8.06,Watch,Low
LOAN0001639,CUST006168,mortgage,GBP,769994.82,5.06,Performing,High
LOAN0001640,CUST001369,term loan,USD,1588284.85,12.31,Watch,High
LOAN0001641,CUST000584,term loan,GBP,3611769.71,17.82,Performing,Low
LOAN0001642,CUST003687,mortgage,GBP,8431136.18,9.45,Watch,Medium
LOAN0001643,CUST003299,trade finance,GBP,9376628.96,8.89,Performing,Medium
LOAN0001644,CUST009280,credit card,GBP,353633.25,7.92,Watch,Medium
LOAN0001645,CUST008807,credit card,INR,1017733.4,8.78,NonPerforming,High
LOAN0001646,CUST006711,mortgage,INR,1073856.56,9.31,Watch,Very High
LOAN0001647,CUST002963,trade finance,GBP,9773770.42,9.78,Performing,High
LOAN0001648,CUST003861,mortgage,GBP,8566279.17,15.4,Watch,High
LOAN0001649,CUST005605,working capital,GBP,1939528.28,5.83,NonPerforming,Low
LOAN0001650,CUST001278,trade finance,GBP,3764047.76,15.28,Performing,Medium
LOAN0001651,CUST000012,credit card,GBP,6609253.79,7.03,Watch,Low
LOAN0001652,CUST002431,mortgage,GBP,5210707.04,7.68,Watch,Low
LOAN0001653,CUST004392,credit card,INR,7776015.97,6.66,Performing,High
LOAN0001654,CUST004194,term loan,USD,189938.24,14.32,Performing,Medium
LOAN0001655,CUST001001,credit card,USD,1011079.93,12.47,NonPerforming,Very High
LOAN0001656,CUST001238,trade finance,GBP,3514760.53,11.97,Watch,Very High
LOAN0001657,CUST004521,mortgage,USD,9860070.29,7.49,Watch,High
LOAN0001658,CUST000357,mortgage,GBP,8132749.52,14.23,NonPerforming,High
LOAN0001659,CUST009396,mortgage,GBP,3508270.78,7.31,NonPerforming,High
LOAN0001660,CUST007012,commercial overdraft,INR,731237.0,5.1,Watch,High
LOAN0001661,CUST005947,trade finance,GBP,8561721.39,7.09,Performing,High
LOAN0001662,CUST005906,trade finance,USD,1359793.83,12.52,Performing,Medium
LOAN0001663,CUST009833,term loan,GBP,244991.33,12.6,NonPerforming,Very High
LOAN0001664,CUST006428,trade finance,USD,9924841.07,15.0,Performing,Low
LOAN0001665,CUST004060,commercial overdraft,USD,17341.69,16.26,Watch,Low
LOAN0001666,CUST004170,trade finance,GBP,9746439.42,16.94,NonPerforming,Very High
LOAN0001667,CUST004641,mortgage,INR,3022497.39,9.98,NonPerforming,Low
LOAN0001668,CUST009566,trade finance,INR,8383655.79,7.74,Watch,Low
LOAN0001669,CUST004349,mortgage,USD,8541210.69,12.2,Watch,High
LOAN0001670,CUST008342,working capital,INR,6673401.08,9.25,Watch,Medium
LOAN0001671,CUST005188,working capital,INR,8803734.1,16.24,Watch,Very High
LOAN0001672,CUST009866,working capital,USD,1337453.64,17.42,Watch,Medium
LOAN0001673,CUST009370,commercial overdraft,INR,4519597.01,7.2,NonPerforming,Medium
LOAN0001674,CUST000541,trade finance,INR,7045720.58,17.53,Performing,High
LOAN0001675,CUST007667,mortgage,GBP,5298662.01,9.01,NonPerforming,Very High
LOAN0001676,CUST009181,mortgage,GBP,3541409.69,14.21,Performing,Very High
LOAN0001677,CUST003139,term loan,INR,7176792.04,8.28,Watch,Very High
LOAN0001678,CUST005937,commercial overdraft,INR,9543383.24,14.35,Performing,Low
LOAN0001679,CUST008141,commercial overdraft,GBP,9314084.04,13.75,Watch,Very High
LOAN0001680,CUST000154,working capital,INR,3928826.36,6.36,Watch,High
LOAN0001681,CUST000928,working capital,INR,5646213.94,12.88,NonPerforming,Very High
LOAN0001682,CUST008330,mortgage,USD,9522601.18,15.57,Watch,Low
LOAN0001683,CUST004274,working capital,USD,3382170.37,5.61,Performing,Medium
LOAN0001684,CUST007875,working capital,INR,9732289.43,14.58,Watch,High
LOAN0001685,CUST007911,term loan,GBP,7560657.57,11.11,NonPerforming,Medium
LOAN0001686,CUST001073,commercial overdraft,INR,6347852.53,10.74,NonPerforming,Very High
LOAN0001687,CUST009986,credit card,USD,3187751.84,5.86,NonPerforming,High
LOAN0001688,CUST004089,term loan,GBP,594609.99,14.62,NonPerforming,Medium
LOAN0001689,CUST005072,credit card,USD,5973408.56,17.24,NonPerforming,Low
LOAN0001690,CUST009525,working capital,INR,8939831.7,9.6,Watch,Low
LOAN0001691,CUST007372,mortgage,INR,154967.97,14.05,Watch,Very High
LOAN0001692,CUST006256,mortgage,GBP,4211643.84,5.69,Performing,Very High
LOAN0001693,CUST008647,credit card,INR,8977673.22,9.8,Performing,Low
LOAN0001694,CUST005517,credit card,INR,9616416.31,10.98,NonPerforming,Low
LOAN0001695,CUST003524,trade finance,USD,3890108.09,7.58,Performing,Medium
LOAN0001696,CUST001182,term loan,GBP,4767940.0,9.66,Performing,Medium
LOAN0001697,CUST004532,trade finance,USD,2924443.01,5.88,Performing,Very High
LOAN0001698,CUST005195,trade finance,INR,84653.68,7.44,NonPerforming,Low
LOAN0001699,CUST002415,commercial overdraft,GBP,1205764.98,10.34,NonPerforming,Medium
LOAN0001700,CUST002644,working capital,GBP,2023323.69,10.2,Watch,Very High
LOAN0001701,CUST005634,mortgage,USD,5416247.6,13.66,Performing,Low
LOAN0001702,CUST008903,term loan,USD,6150432.4,10.34,Watch,Low
LOAN0001703,CUST003125,credit card,INR,3281925.26,16.84,Watch,Medium
LOAN0001704,CUST005477,working capital,GBP,6089378.38,14.59,NonPerforming,Low
LOAN0001705,CUST006646,working capital,GBP,1501364.45,15.2,NonPerforming,Low
LOAN0001706,CUST006506,term loan,USD,9041742.94,16.77,NonPerforming,High
LOAN0001707,CUST005383,commercial overdraft,GBP,4714829.28,16.22,NonPerforming,Low
LOAN0001708,CUST008568,working capital,USD,5032473.05,13.01,Performing,Very High
LOAN0001709,CUST000190,mortgage,GBP,4912214.5,9.38,Performing,Medium
LOAN0001710,CUST003788,trade finance,INR,4866430.64,12.99,Watch,Low
LOAN0001711,CUST000755,mortgage,INR,5629001.5,17.6,NonPerforming,Very High
LOAN0001712,CUST009865,working capital,INR,5675176.12,12.39,NonPerforming,Very High
LOAN0001713,CUST002776,mortgage,INR,2048286.33,16.43,NonPerforming,High
LOAN0001714,CUST008621,working capital,GBP,5296935.42,9.0,Performing,High
LOAN0001715,CUST007083,credit card,GBP,3088795.84,13.21,Performing,Low
LOAN0001716,CUST000518,trade finance,INR,5410404.51,7.63,NonPerforming,Low
LOAN0001717,CUST008280,working capital,GBP,1913210.59,14.03,Performing,Low
LOAN0001718,CUST003147,mortgage,GBP,7814718.57,11.44,Performing,Low
LOAN0001719,CUST002272,trade finance,INR,171266.0,10.72,NonPerforming,High
LOAN0001720,CUST007906,trade finance,INR,5475515.04,15.08,NonPerforming,Low
LOAN0001721,CUST007026,mortgage,INR,1458096.86,15.41,Watch,Medium
LOAN0001722,CUST003287,working capital,GBP,324526.1,5.28,Performing,Low
LOAN0001723,CUST002269,working capital,USD,2246301.68,10.13,NonPerforming,Low
LOAN0001724,CUST008040,trade finance,GBP,4919274.76,13.08,Watch,Low
LOAN0001725,CUST008816,term loan,GBP,3741177.49,17.21,NonPerforming,Low
LOAN0001726,CUST003813,mortgage,USD,3517476.87,17.9,Watch,Medium
LOAN0001727,CUST003491,commercial overdraft,USD,6918560.83,6.32,Performing,Low
LOAN0001728,CUST008146,working capital,GBP,6474972.69,7.16,Performing,Very High
LOAN0001729,CUST003474,term loan,INR,3114923.44,10.41,Performing,Low
LOAN0001730,CUST008072,commercial overdraft,INR,1677462.66,7.56,Performing,Low
LOAN0001731,CUST006929,commercial overdraft,GBP,3272050.59,16.13,NonPerforming,High
LOAN0001732,CUST000090,working capital,INR,8257309.17,5.41,NonPerforming,Medium
LOAN0001733,CUST001720,working capital,INR,6156123.91,16.46,NonPerforming,High
LOAN0001734,CUST007136,working capital,GBP,4815915.69,6.48,Watch,Very High
LOAN0001735,CUST009008,commercial overdraft,GBP,8439108.37,7.32,Watch,Low
LOAN0001736,CUST006047,working capital,USD,3451067.41,5.05,NonPerforming,Low
LOAN0001737,CUST003721,term loan,GBP,858011.98,11.35,NonPerforming,High
LOAN0001738,CUST004490,trade finance,INR,3843825.07,10.87,Watch,Low
LOAN0001739,CUST000959,mortgage,USD,5786721.78,8.65,NonPerforming,Medium
LOAN0001740,CUST000724,credit card,USD,1897786.64,9.56,Watch,Medium
LOAN0001741,CUST009330,trade finance,INR,7322261.14,10.16,Watch,Very High
LOAN0001742,CUST006410,mortgage,INR,3542115.26,9.82,Performing,Low
LOAN0001743,CUST002947,credit card,GBP,470824.64,14.53,Watch,Medium
LOAN0001744,CUST009437,commercial overdraft,USD,6301242.24,15.78,Performing,Medium
LOAN0001745,CUST007134,term loan,INR,98880.41,14.88,Performing,Medium
LOAN0001746,CUST000962,credit card,GBP,7597433.97,7.77,Performing,Low
LOAN0001747,CUST008790,trade finance,INR,8570788.89,5.53,Performing,Medium
LOAN0001748,CUST008072,commercial overdraft,GBP,3965948.49,9.23,NonPerforming,Very High
LOAN0001749,CUST008605,mortgage,GBP,7507880.06,7.48,NonPerforming,Low
LOAN0001750,CUST004632,credit card,GBP,6065485.7,17.87,NonPerforming,Very High
LOAN0001751,CUST009017,credit card,INR,7492518.27,16.24,Performing,Medium
LOAN0001752,CUST003648,credit card,INR,4584280.03,16.58,Performing,Low
LOAN0001753,CUST004755,mortgage,USD,1611530.42,17.32,Watch,Low
LOAN0001754,CUST002588,credit card,USD,5875020.8,9.85,Performing,High
LOAN0001755,CUST005464,mortgage,GBP,2996619.96,17.81,NonPerforming,Low
LOAN0001756,CUST000959,term loan,GBP,782104.73,12.58,NonPerforming,Low
LOAN0001757,CUST000706,mortgage,GBP,9904649.12,9.91,Watch,Very High
LOAN0001758,CUST003105,commercial overdraft,USD,1674733.0,14.72,Watch,Very High
LOAN0001759,CUST002985,mortgage,INR,4114615.88,14.35,Performing,Low
LOAN0001760,CUST008735,mortgage,USD,4218920.23,7.4,Performing,Low
LOAN0001761,CUST001118,commercial overdraft,USD,5843779.37,12.5,NonPerforming,Very High
LOAN0001762,CUST006361,credit card,INR,5857778.6,9.01,Performing,Medium
LOAN0001763,CUST002291,mortgage,USD,8089037.11,5.88,Watch,Low
LOAN0001764,CUST003443,commercial overdraft,GBP,6244465.37,16.0,NonPerforming,Very High
LOAN0001765,CUST001968,term loan,INR,8479338.81,11.29,NonPerforming,Medium
LOAN0001766,CUST006327,commercial overdraft,INR,5720477.58,8.28,Watch,Medium
LOAN0001767,CUST001675,mortgage,USD,4209204.45,5.43,NonPerforming,Medium
LOAN0001768,CUST009204,working capital,GBP,1129204.79,5.46,Watch,High
LOAN0001769,CUST006900,term loan,USD,3614885.05,15.93,NonPerforming,Low
LOAN0001770,CUST004434,commercial overdraft,INR,2727750.3,10.04,NonPerforming,Medium
LOAN0001771,CUST001399,trade finance,GBP,9465129.77,16.85,Performing,Medium
LOAN0001772,CUST003377,credit card,USD,1329958.8,10.34,Watch,Low
LOAN0001773,CUST001232,working capital,INR,5527949.7,5.21,Performing,Very High
LOAN0001774,CUST005634,working capital,USD,186189.2,9.52,NonPerforming,Very High
LOAN0001775,CUST000587,trade finance,GBP,1951390.29,10.98,Performing,Very High
LOAN0001776,CUST007997,commercial overdraft,INR,2932927.79,15.82,Watch,Low
LOAN0001777,CUST009291,trade finance,GBP,3729980.16,9.45,Watch,Medium
LOAN0001778,CUST007364,working capital,USD,4792420.52,15.9,Performing,High
LOAN0001779,CUST008203,mortgage,INR,6040751.92,13.65,NonPerforming,Very High
LOAN0001780,CUST001864,working capital,USD,8080774.21,16.16,NonPerforming,Low
LOAN0001781,CUST008694,commercial overdraft,INR,8431292.57,17.22,Performing,High
LOAN0001782,CUST001845,mortgage,INR,9268507.83,6.48,Watch,High
LOAN0001783,CUST002932,credit card,USD,3670305.9,15.47,Watch,Low
LOAN0001784,CUST009435,mortgage,GBP,3496986.64,11.09,NonPerforming,Low
LOAN0001785,CUST005288,working capital,USD,1353646.41,6.59,Watch,High
LOAN0001786,CUST005345,working capital,USD,3117407.67,9.38,Watch,Low
LOAN0001787,CUST003942,commercial overdraft,INR,705320.81,11.76,Watch,High
LOAN0001788,CUST006041,mortgage,GBP,8967840.56,5.38,Performing,Medium
LOAN0001789,CUST004555,commercial overdraft,INR,1158743.32,11.68,Watch,Low
LOAN0001790,CUST003632,commercial overdraft,USD,5890532.22,7.97,NonPerforming,Very High
LOAN0001791,CUST007081,trade finance,GBP,705858.37,7.77,Performing,Medium
LOAN0001792,CUST003191,mortgage,INR,5758491.18,13.68,Watch,High
LOAN0001793,CUST000527,working capital,INR,3940514.7,9.61,Watch,Medium
LOAN0001794,CUST007217,term loan,USD,3086013.62,13.64,NonPerforming,Medium
LOAN0001795,CUST007829,mortgage,INR,7958874.89,15.08,Watch,High
LOAN0001796,CUST003023,term loan,INR,2420919.97,13.03,NonPerforming,Low
LOAN0001797,CUST009748,working capital,INR,6748890.08,10.19,NonPerforming,Low
LOAN0001798,CUST006934,working capital,GBP,1959939.17,5.72,Watch,Very High
LOAN0001799,CUST001927,trade finance,GBP,7499465.89,17.12,NonPerforming,Medium
LOAN0001800,CUST007514,trade finance,INR,4516322.3,12.53,Performing,Low
LOAN0001801,CUST007842,credit card,INR,2813468.9,5.77,Watch,Medium
LOAN0001802,CUST002440,trade finance,USD,677859.75,12.0,NonPerforming,Low
LOAN0001803,CUST003005,working capital,USD,1547507.18,14.22,Watch,Very High
LOAN0001804,CUST000411,commercial overdraft,GBP,1687722.04,9.92,Watch,High
LOAN0001805,CUST002908,mortgage,GBP,5592233.96,8.07,Watch,Low
LOAN0001806,CUST000743,trade finance,GBP,9978022.46,10.72,NonPerforming,High
LOAN0001807,CUST008262,working capital,GBP,9681061.38,8.91,Watch,High
LOAN0001808,CUST001036,commercial overdraft,INR,2600768.64,9.51,Performing,Medium
LOAN0001809,CUST007612,credit card,INR,1066032.53,10.17,Performing,High
LOAN0001810,CUST008743,mortgage,INR,7550425.66,14.98,Performing,High
LOAN0001811,CUST008149,trade finance,GBP,1767721.46,17.66,Watch,High
LOAN0001812,CUST003381,commercial overdraft,USD,7621006.02,14.47,Watch,Very High
LOAN0001813,CUST000516,commercial overdraft,USD,89948.71,17.24,Watch,High
LOAN0001814,CUST008992,mortgage,GBP,1494782.57,15.47,NonPerforming,Medium
LOAN0001815,CUST000789,trade finance,GBP,2803819.4,16.13,NonPerforming,Low
LOAN0001816,CUST002211,credit card,USD,7124238.61,15.07,Performing,Very High
LOAN0001817,CUST001534,credit card,INR,6600903.59,12.31,Performing,High
LOAN0001818,CUST004086,credit card,USD,4864389.93,10.77,NonPerforming,Very High
LOAN0001819,CUST007739,commercial overdraft,USD,2922773.75,7.13,NonPerforming,Very High
LOAN0001820,CUST004909,trade finance,GBP,2614902.27,5.17,Performing,High
LOAN0001821,CUST009722,credit card,INR,7454135.96,11.29,Performing,Low
LOAN0001822,CUST004716,term loan,USD,991364.82,7.75,NonPerforming,Low
LOAN0001823,CUST004671,term loan,GBP,3826762.1,16.73,Watch,High
LOAN0001824,CUST003158,credit card,GBP,9135183.65,15.35,NonPerforming,High
LOAN0001825,CUST002230,term loan,INR,3601673.97,5.25,NonPerforming,Very High
LOAN0001826,CUST001054,credit card,GBP,4435415.49,9.53,Performing,Low
LOAN0001827,CUST008382,mortgage,USD,575582.97,10.65,NonPerforming,High
LOAN0001828,CUST000195,mortgage,GBP,5986211.36,14.92,Watch,Low
LOAN0001829,CUST003803,credit card,USD,4834721.46,7.4,NonPerforming,High
LOAN0001830,CUST006701,working capital,USD,3005537.0,10.49,Performing,Low
LOAN0001831,CUST009195,term loan,INR,1425870.41,12.9,Watch,High
LOAN0001832,CUST007701,trade finance,INR,4083790.88,5.33,Performing,Low
LOAN0001833,CUST002755,mortgage,GBP,5480525.14,16.13,Performing,Medium
LOAN0001834,CUST008204,term loan,GBP,3050410.08,9.02,Watch,Low
LOAN0001835,CUST003835,commercial overdraft,USD,9242375.6,5.51,Performing,High
LOAN0001836,CUST004531,trade finance,INR,1372318.05,5.83,Watch,Low
LOAN0001837,CUST009030,trade finance,USD,2335603.51,15.64,NonPerforming,Low
LOAN0001838,CUST006934,working capital,INR,3790676.6,7.22,Performing,Medium
LOAN0001839,CUST006584,mortgage,GBP,8950164.26,5.64,Watch,Low
LOAN0001840,CUST009585,credit card,USD,9702081.85,10.36,Performing,Very High
LOAN0001841,CUST007295,trade finance,GBP,7583699.2,10.1,NonPerforming,Low
LOAN0001842,CUST008842,commercial overdraft,USD,2998875.87,14.42,Watch,Medium
LOAN0001843,CUST000711,trade finance,USD,5841228.95,17.39,NonPerforming,Low
LOAN0001844,CUST007786,mortgage,USD,1753102.35,17.26,Watch,Very High
LOAN0001845,CUST006095,mortgage,GBP,9430126.76,13.7,NonPerforming,Very High
LOAN0001846,CUST006927,term loan,USD,2074518.06,15.33,NonPerforming,Medium
LOAN0001847,CUST007645,working capital,GBP,2814022.8,14.63,NonPerforming,High
LOAN0001848,CUST007647,trade finance,USD,5668772.44,8.92,NonPerforming,Low
LOAN0001849,CUST002643,working capital,USD,5123031.16,16.87,Watch,High
LOAN0001850,CUST002146,working capital,GBP,364805.01,8.63,NonPerforming,Very High
LOAN0001851,CUST009345,mortgage,USD,4076428.7,15.44,NonPerforming,Very High
LOAN0001852,CUST009953,term loan,GBP,7591094.63,11.05,NonPerforming,High
LOAN0001853,CUST007893,working capital,GBP,203710.69,14.88,Watch,Very High
LOAN0001854,CUST001973,trade finance,GBP,692619.83,13.32,Performing,High
LOAN0001855,CUST004728,credit card,GBP,4697844.68,6.28,Performing,Low
LOAN0001856,CUST000661,working capital,INR,3276197.64,12.43,Performing,Low
LOAN0001857,CUST005055,mortgage,USD,3081778.24,10.38,Watch,High
LOAN0001858,CUST005006,term loan,USD,7626185.0,17.53,Performing,Low
LOAN0001859,CUST005670,term loan,GBP,6364542.21,15.11,NonPerforming,Low
LOAN0001860,CUST000718,credit card,INR,1919845.47,12.07,Performing,Very High
LOAN0001861,CUST004225,working capital,GBP,5635871.58,15.4,Watch,Medium
LOAN0001862,CUST009123,commercial overdraft,INR,6819796.22,6.45,Watch,Medium
LOAN0001863,CUST005188,trade finance,INR,8932924.99,10.49,Watch,High
LOAN0001864,CUST000146,credit card,USD,5745271.43,7.55,NonPerforming,High
LOAN0001865,CUST009696,credit card,INR,271462.24,11.33,Watch,Low
LOAN0001866,CUST009472,credit card,GBP,7678538.38,16.63,NonPerforming,Medium
LOAN0001867,CUST007801,working capital,INR,2529098.28,13.18,Performing,Medium
LOAN0001868,CUST003802,trade finance,INR,6117438.65,7.32,Performing,High
LOAN0001869,CUST001809,mortgage,GBP,8523867.5,12.9,NonPerforming,High
LOAN0001870,CUST005629,term loan,INR,3508727.55,14.15,Watch,Medium
LOAN0001871,CUST008318,term loan,INR,4734385.39,6.24,Performing,Very High
LOAN0001872,CUST000423,credit card,INR,8658254.65,16.52,Watch,Very High
LOAN0001873,CUST006879,working capital,USD,5843849.17,17.02,Watch,Very High
LOAN0001874,CUST005239,credit card,USD,3840416.73,16.65,Watch,High
LOAN0001875,CUST008851,working capital,INR,985644.03,17.26,Performing,Low
LOAN0001876,CUST004005,trade finance,USD,1331404.66,9.51,Performing,High
LOAN0001877,CUST009875,credit card,USD,7286815.55,9.16,NonPerforming,Low
LOAN0001878,CUST005689,term loan,USD,5101457.02,7.28,Watch,Very High
LOAN0001879,CUST005247,mortgage,GBP,1042115.44,12.43,Performing,Medium
LOAN0001880,CUST001419,trade finance,USD,6108639.0,17.6,Performing,Very High
LOAN0001881,CUST009303,commercial overdraft,GBP,7491318.72,16.87,Performing,Medium
LOAN0001882,CUST002959,commercial overdraft,GBP,6448521.3,13.19,Watch,Medium
LOAN0001883,CUST003123,commercial overdraft,GBP,4246697.1,17.97,Performing,Medium
LOAN0001884,CUST000269,term loan,INR,5106481.8,7.41,NonPerforming,High
LOAN0001885,CUST001822,credit card,USD,7493030.16,5.53,NonPerforming,Very High
LOAN0001886,CUST004011,credit card,USD,147063.69,12.37,Performing,Medium
LOAN0001887,CUST009901,working capital,USD,7979265.72,14.48,Watch,Very High
LOAN0001888,CUST009144,term loan,INR,3303486.72,16.4,Performing,Low
LOAN0001889,CUST000583,working capital,INR,3053988.37,12.93,NonPerforming,High
LOAN0001890,CUST009420,mortgage,USD,9528992.83,5.85,NonPerforming,Medium
LOAN0001891,CUST008192,mortgage,INR,3347598.37,10.68,Watch,High
LOAN0001892,CUST004148,working capital,INR,7431713.14,17.28,NonPerforming,High
LOAN0001893,CUST004445,working capital,USD,7987481.41,16.79,NonPerforming,Medium
LOAN0001894,CUST008360,commercial overdraft,GBP,5952073.86,9.18,Performing,High
LOAN0001895,CUST001184,mortgage,INR,7783527.07,7.97,NonPerforming,Very High
LOAN0001896,CUST001036,term loan,INR,3410264.78,9.64,Performing,Medium
LOAN0001897,CUST000268,working capital,INR,3928667.68,17.42,Performing,Low
LOAN0001898,CUST003909,credit card,USD,744026.32,11.75,Watch,High
LOAN0001899,CUST001945,working capital,GBP,8699382.13,17.23,Watch,Medium
LOAN0001900,CUST002846,term loan,USD,5633277.5,10.63,Performing,Low
LOAN0001901,CUST003361,trade finance,GBP,8842518.74,10.36,Watch,Medium
LOAN0001902,CUST005775,term loan,GBP,4981719.14,13.57,NonPerforming,Medium
LOAN0001903,CUST002228,commercial overdraft,GBP,1838227.17,7.02,Performing,Low
LOAN0001904,CUST000683,term loan,GBP,8921229.2,6.56,Watch,Medium
LOAN0001905,CUST002807,credit card,USD,2122919.33,9.03,Performing,Very High
LOAN0001906,CUST004018,commercial overdraft,USD,6186013.69,16.68,Performing,Low
LOAN0001907,CUST007768,term loan,USD,9238497.39,11.79,Performing,Medium
LOAN0001908,CUST001882,credit card,INR,4131995.34,17.59,Watch,Very High
LOAN0001909,CUST004259,working capital,INR,8797599.41,14.08,NonPerforming,Medium
LOAN0001910,CUST004613,credit card,GBP,7763393.74,15.12,NonPerforming,Medium
LOAN0001911,CUST008959,working capital,USD,127362.52,7.24,Watch,High
LOAN0001912,CUST002646,working capital,USD,4368487.82,10.71,Performing,High
LOAN0001913,CUST008743,term loan,INR,193399.36,5.39,NonPerforming,High
LOAN0001914,CUST006008,term loan,GBP,3432594.31,9.83,Watch,High
LOAN0001915,CUST008252,trade finance,GBP,620201.84,7.27,Performing,Very High
LOAN0001916,CUST004839,trade finance,INR,3155258.34,15.07,NonPerforming,Medium
LOAN0001917,CUST000496,working capital,GBP,1968630.5,11.77,Performing,Medium
LOAN0001918,CUST005790,term loan,GBP,6071205.13,8.77,Performing,High
LOAN0001919,CUST000908,credit card,USD,9727372.48,13.59,Performing,Very High
LOAN0001920,CUST004865,mortgage,USD,5949672.97,5.72,NonPerforming,Very High
LOAN0001921,CUST004955,commercial overdraft,INR,1809384.82,10.91,Watch,Very High
LOAN0001922,CUST004826,trade finance,USD,5444739.81,13.77,Performing,Low
LOAN0001923,CUST004726,trade finance,USD,8090833.55,10.84,NonPerforming,Medium
LOAN0001924,CUST004129,mortgage,INR,9482119.59,11.72,Performing,High
LOAN0001925,CUST002464,commercial overdraft,USD,2118133.59,5.03,NonPerforming,Low
LOAN0001926,CUST002427,credit card,GBP,9476588.87,17.24,Watch,Low
LOAN0001927,CUST006058,term loan,GBP,9522170.87,5.2,NonPerforming,Low
LOAN0001928,CUST002455,term loan,GBP,4200040.15,13.11,Performing,High
LOAN0001929,CUST004704,term loan,INR,3297647.63,10.7,Performing,Medium
LOAN0001930,CUST007294,working capital,GBP,8325201.48,11.73,NonPerforming,Low
LOAN0001931,CUST006389,commercial overdraft,GBP,4300854.04,13.46,Watch,Very High
LOAN0001932,CUST004907,credit card,GBP,2192799.3,11.19,Watch,Low
LOAN0001933,CUST004473,credit card,USD,1219994.53,14.25,Performing,Low
LOAN0001934,CUST001061,term loan,INR,8133898.6,8.01,Watch,Very High
LOAN0001935,CUST009952,term loan,USD,8160540.24,9.8,NonPerforming,Very High
LOAN0001936,CUST007051,working capital,USD,5557702.1,14.53,NonPerforming,Medium
LOAN0001937,CUST006054,trade finance,USD,797070.25,17.35,Performing,Low
LOAN0001938,CUST009999,trade finance,USD,4723756.61,5.1,NonPerforming,Medium
LOAN0001939,CUST002445,mortgage,GBP,4217235.94,15.2,NonPerforming,Very High
LOAN0001940,CUST004652,trade finance,USD,8623955.48,10.37,NonPerforming,Low
LOAN0001941,CUST006177,trade finance,USD,1298328.08,15.81,Watch,Very High
LOAN0001942,CUST007514,credit card,USD,7282070.32,8.37,NonPerforming,Medium
LOAN0001943,CUST001888,term loan,INR,7581623.62,8.49,Watch,High
LOAN0001944,CUST002322,trade finance,USD,5546775.69,17.02,Performing,Low
LOAN0001945,CUST002549,credit card,GBP,6463815.36,6.49,NonPerforming,High
LOAN0001946,CUST007560,working capital,USD,1733016.09,10.33,NonPerforming,Very High
LOAN0001947,CUST008462,credit card,USD,2108442.43,17.89,Performing,Low
LOAN0001948,CUST003912,trade finance,USD,5670279.57,14.95,NonPerforming,High
LOAN0001949,CUST002018,working capital,INR,2271326.27,6.16,NonPerforming,Low
LOAN0001950,CUST006327,trade finance,USD,5154590.57,6.01,NonPerforming,Very High
LOAN0001951,CUST005939,term loan,INR,1024738.9,13.67,Watch,Low
LOAN0001952,CUST005204,mortgage,USD,2694996.33,12.06,NonPerforming,High
LOAN0001953,CUST002022,working capital,USD,5163554.53,5.18,NonPerforming,Very High
LOAN0001954,CUST005782,working capital,USD,5725356.0,10.19,NonPerforming,High
LOAN0001955,CUST003153,mortgage,INR,5148155.11,9.61,Watch,Medium
LOAN0001956,CUST001739,credit card,INR,6313126.98,13.95,Watch,Low
LOAN0001957,CUST000831,mortgage,GBP,9001188.25,16.57,NonPerforming,Medium
LOAN0001958,CUST007341,credit card,USD,5202673.6,12.8,Performing,Medium
LOAN0001959,CUST002350,trade finance,GBP,641844.96,5.06,Watch,Very High
LOAN0001960,CUST003094,credit card,GBP,4016751.29,7.45,Watch,Medium
LOAN0001961,CUST007015,credit card,GBP,3500963.19,10.05,Watch,Very High
LOAN0001962,CUST001086,credit card,USD,1220451.97,10.5,Watch,Low
LOAN0001963,CUST000315,commercial overdraft,INR,6754631.71,16.43,NonPerforming,Very High
LOAN0001964,CUST008594,commercial overdraft,INR,7928696.1,12.51,NonPerforming,Low
LOAN0001965,CUST004410,mortgage,INR,2810499.4,14.22,NonPerforming,Very High
LOAN0001966,CUST000407,trade finance,USD,5676919.02,11.64,Performing,Medium
LOAN0001967,CUST000012,mortgage,INR,3455843.3,10.58,NonPerforming,High
LOAN0001968,CUST008612,mortgage,GBP,3069833.49,7.95,Watch,Very High
LOAN0001969,CUST008393,working capital,USD,8250310.63,9.48,NonPerforming,Low
LOAN0001970,CUST000563,working capital,USD,664499.43,13.57,Watch,High
LOAN0001971,CUST008731,trade finance,GBP,9887835.85,11.54,NonPerforming,Medium
LOAN0001972,CUST008137,credit card,INR,7266455.71,6.7,NonPerforming,High
LOAN0001973,CUST007042,trade finance,GBP,8433707.38,8.53,Performing,High
LOAN0001974,CUST001569,term loan,USD,6167442.15,15.18,NonPerforming,Medium
LOAN0001975,CUST005278,mortgage,INR,7511187.97,11.14,Watch,Very High
LOAN0001976,CUST001128,credit card,INR,8689569.36,9.21,Performing,Very High
LOAN0001977,CUST003046,commercial overdraft,INR,5642384.76,14.75,Watch,Very High
LOAN0001978,CUST006294,working capital,USD,4328711.68,7.62,NonPerforming,Very High
LOAN0001979,CUST008740,working capital,INR,1012299.47,12.47,NonPerforming,Very High
LOAN0001980,CUST001503,commercial overdraft,GBP,4058316.49,17.54,Performing,High
LOAN0001981,CUST009481,trade finance,USD,9318661.88,17.77,Watch,Medium
LOAN0001982,CUST004909,trade finance,GBP,7568367.09,12.49,NonPerforming,Medium
LOAN0001983,CUST009272,trade finance,USD,3533631.41,12.78,Watch,Very High
LOAN0001984,CUST002437,credit card,INR,9818918.5,12.13,NonPerforming,Low
LOAN0001985,CUST000800,trade finance,GBP,2494889.18,7.46,NonPerforming,Very High
LOAN0001986,CUST002570,term loan,USD,4326777.64,10.84,Performing,Very High
LOAN0001987,CUST007150,working capital,INR,1711983.58,16.59,Performing,Medium
LOAN0001988,CUST003971,mortgage,INR,4241154.15,5.55,Watch,Medium
LOAN0001989,CUST008997,working capital,INR,2568220.72,12.52,Performing,Very High
LOAN0001990,CUST003533,mortgage,INR,9974555.99,8.96,Watch,Medium
LOAN0001991,CUST007105,term loan,GBP,4082066.64,16.03,NonPerforming,High
LOAN0001992,CUST005302,working capital,GBP,8031730.25,12.09,Performing,High
LOAN0001993,CUST004487,commercial overdraft,GBP,8098819.44,16.01,NonPerforming,Low
LOAN0001994,CUST000461,commercial overdraft,USD,8926753.21,13.31,Performing,Medium
LOAN0001995,CUST000673,mortgage,INR,7596453.72,6.73,Watch,Medium
LOAN0001996,CUST001305,trade finance,USD,1079820.34,14.94,Performing,Low
LOAN0001997,CUST007997,working capital,INR,8145579.66,15.14,Watch,Very High
LOAN0001998,CUST000279,trade finance,INR,5104535.87,10.49,Watch,Low
LOAN0001999,CUST001062,working capital,INR,9986114.79,15.99,Watch,High
LOAN0002000,CUST009715,commercial overdraft,GBP,9658593.54,10.75,NonPerforming,High
LOAN0002001,CUST000179,trade finance,USD,9335890.46,16.58,NonPerforming,Very High
LOAN0002002,CUST000729,trade finance,INR,8498106.47,14.5,Performing,Very High
LOAN0002003,CUST000136,trade finance,USD,4507467.58,14.75,NonPerforming,Low
LOAN0002004,CUST003610,working capital,GBP,9781931.86,16.49,Watch,High
LOAN0002005,CUST008330,commercial overdraft,INR,1731704.99,16.11,Watch,Medium
LOAN0002006,CUST003909,mortgage,GBP,463971.71,16.71,NonPerforming,High
LOAN0002007,CUST003431,term loan,USD,597300.51,6.7,NonPerforming,Very High
LOAN0002008,CUST005502,working capital,USD,7707537.23,16.91,NonPerforming,Low
LOAN0002009,CUST003075,commercial overdraft,INR,281356.1,9.02,Watch,High
LOAN0002010,CUST002326,trade finance,INR,3587535.91,15.46,Performing,Low
LOAN0002011,CUST000488,working capital,INR,1717750.91,15.42,Performing,Low
LOAN0002012,CUST007434,credit card,USD,1087867.17,10.59,NonPerforming,Very High
LOAN0002013,CUST009005,mortgage,INR,5018501.71,15.81,Watch,Low
LOAN0002014,CUST007552,trade finance,USD,1832564.79,13.82,Performing,Low
LOAN0002015,CUST009992,credit card,INR,1909968.91,15.29,NonPerforming,Medium
LOAN0002016,CUST008910,mortgage,GBP,7726601.15,8.71,Watch,Very High
LOAN0002017,CUST004094,working capital,USD,3636083.79,5.81,NonPerforming,Medium
LOAN0002018,CUST000468,working capital,GBP,3048189.72,8.37,NonPerforming,Very High
LOAN0002019,CUST006733,trade finance,INR,5406016.05,9.55,Watch,Very High
LOAN0002020,CUST008046,term loan,INR,1281091.73,7.71,Performing,Medium
LOAN0002021,CUST003507,term loan,INR,591827.23,17.33,Watch,Very High
LOAN0002022,CUST005005,mortgage,GBP,4955419.12,11.11,NonPerforming,Very High
LOAN0002023,CUST000902,trade finance,USD,6274595.68,13.21,NonPerforming,High
LOAN0002024,CUST000830,commercial overdraft,INR,2090648.6,13.92,NonPerforming,High
LOAN0002025,CUST002218,term loan,USD,5049473.05,16.73,NonPerforming,High
LOAN0002026,CUST003396,mortgage,INR,3067603.8,5.26,Watch,Medium
LOAN0002027,CUST002706,working capital,USD,8214390.91,14.47,Performing,High
LOAN0002028,CUST000872,commercial overdraft,INR,9790735.54,9.46,Watch,Medium
LOAN0002029,CUST006628,trade finance,USD,4970262.4,8.44,Watch,Medium
LOAN0002030,CUST007952,term loan,INR,9206073.22,16.91,Performing,High
LOAN0002031,CUST006380,credit card,USD,2456577.77,9.86,Watch,High
LOAN0002032,CUST003641,trade finance,INR,8217000.23,14.77,Performing,Low
LOAN0002033,CUST007544,mortgage,GBP,7909004.66,11.91,NonPerforming,Low
LOAN0002034,CUST002162,working capital,INR,8972518.81,11.11,Performing,High
LOAN0002035,CUST001180,mortgage,GBP,4778509.48,8.47,NonPerforming,Low
LOAN0002036,CUST007047,commercial overdraft,GBP,3279379.49,9.96,Watch,Medium
LOAN0002037,CUST008119,term loan,GBP,8821873.86,7.94,Watch,High
LOAN0002038,CUST002248,credit card,INR,8327776.72,13.39,Performing,Low
LOAN0002039,CUST002895,term loan,GBP,5773379.57,17.3,Performing,Very High
LOAN0002040,CUST006747,mortgage,GBP,3791537.23,7.31,NonPerforming,Low
LOAN0002041,CUST001247,commercial overdraft,GBP,9014504.18,5.76,NonPerforming,High
LOAN0002042,CUST004067,credit card,INR,8367158.38,7.16,Performing,High
LOAN0002043,CUST004639,trade finance,USD,8017285.23,7.17,Performing,Low
LOAN0002044,CUST000929,term loan,USD,69560.25,8.06,NonPerforming,Low
LOAN0002045,CUST007299,mortgage,GBP,5940072.37,9.89,Performing,Very High
LOAN0002046,CUST006135,mortgage,USD,7315850.93,10.12,Watch,Medium
LOAN0002047,CUST002118,term loan,USD,2379690.47,6.84,Watch,Low
LOAN0002048,CUST009117,trade finance,INR,9338632.38,5.64,NonPerforming,Medium
LOAN0002049,CUST005743,mortgage,GBP,9173209.31,7.03,NonPerforming,Medium
LOAN0002050,CUST004474,credit card,GBP,3254830.26,10.69,NonPerforming,Medium
LOAN0002051,CUST002936,term loan,USD,1922481.68,12.87,Performing,Very High
LOAN0002052,CUST004236,credit card,GBP,9855669.57,6.95,Watch,Very High
LOAN0002053,CUST002343,trade finance,GBP,2263099.83,5.28,NonPerforming,Low
LOAN0002054,CUST001573,credit card,GBP,1704227.84,16.69,NonPerforming,Very High
LOAN0002055,CUST002295,term loan,GBP,7566933.29,11.65,NonPerforming,High
LOAN0002056,CUST004909,working capital,USD,2390297.59,13.67,Watch,Very High
LOAN0002057,CUST008466,mortgage,USD,3702383.44,17.77,Performing,Very High
LOAN0002058,CUST003220,working capital,GBP,9690390.51,17.79,NonPerforming,Very High
LOAN0002059,CUST003832,trade finance,GBP,6977124.53,14.1,NonPerforming,Low
LOAN0002060,CUST002307,trade finance,USD,4663562.5,7.86,Watch,Low
LOAN0002061,CUST006409,credit card,INR,9950054.4,7.54,Watch,Medium
LOAN0002062,CUST008536,mortgage,USD,3995709.91,7.89,Performing,Medium
LOAN0002063,CUST005013,trade finance,USD,4996955.55,13.2,Watch,High
LOAN0002064,CUST000067,working capital,USD,9280761.82,16.78,NonPerforming,High
LOAN0002065,CUST003353,commercial overdraft,INR,5037795.8,16.68,Performing,High
LOAN0002066,CUST002430,mortgage,USD,8756543.44,16.45,NonPerforming,Very High
LOAN0002067,CUST005047,working capital,INR,7158210.26,17.74,Performing,Medium
LOAN0002068,CUST003507,mortgage,GBP,143649.7,5.94,Watch,Medium
LOAN0002069,CUST001761,working capital,INR,4897918.85,17.92,Watch,Low
LOAN0002070,CUST007054,trade finance,USD,5579001.5,5.6,Watch,Very High
LOAN0002071,CUST006708,mortgage,GBP,3792411.4,10.33,Performing,Medium
LOAN0002072,CUST001335,term loan,USD,167895.07,6.7,NonPerforming,Medium
LOAN0002073,CUST008419,working capital,INR,5473209.77,17.45,Performing,Medium
LOAN0002074,CUST006451,mortgage,GBP,4370278.17,8.06,Watch,Very High
LOAN0002075,CUST009049,term loan,INR,1726591.83,10.22,NonPerforming,Low
LOAN0002076,CUST000775,trade finance,USD,5454931.71,6.93,Watch,Low
LOAN0002077,CUST004305,commercial overdraft,INR,2387220.28,15.46,Performing,High
LOAN0002078,CUST007587,trade finance,GBP,4842899.88,17.81,NonPerforming,High
LOAN0002079,CUST005666,mortgage,USD,4426432.39,10.77,Watch,Very High
LOAN0002080,CUST006344,mortgage,INR,7539856.02,13.04,Performing,Low
LOAN0002081,CUST004178,mortgage,GBP,4533459.07,12.66,Watch,Very High
LOAN0002082,CUST000800,working capital,USD,3007895.9,14.64,Performing,Medium
LOAN0002083,CUST007193,commercial overdraft,USD,1188927.8,6.36,Watch,Very High
LOAN0002084,CUST004150,working capital,USD,2522842.09,5.21,Watch,Medium
LOAN0002085,CUST005719,trade finance,INR,1289357.26,14.03,Watch,Low
LOAN0002086,CUST002172,term loan,USD,2348986.27,12.13,NonPerforming,Medium
LOAN0002087,CUST000821,commercial overdraft,INR,4479194.06,10.71,Performing,High
LOAN0002088,CUST000546,working capital,USD,6733904.29,7.52,Performing,Very High
LOAN0002089,CUST000335,mortgage,USD,8676316.56,7.26,Performing,High
LOAN0002090,CUST003927,mortgage,INR,4390654.9,12.25,Watch,Medium
LOAN0002091,CUST005489,mortgage,INR,7957387.42,13.19,Watch,Medium
LOAN0002092,CUST003680,trade finance,INR,3971232.24,5.61,Performing,Very High
LOAN0002093,CUST007128,commercial overdraft,GBP,4266473.08,5.27,Performing,Low
LOAN0002094,CUST007759,mortgage,GBP,1879225.11,10.17,Watch,Very High
LOAN0002095,CUST009063,credit card,GBP,488364.91,17.96,Watch,Low
LOAN0002096,CUST000712,term loan,USD,5492937.0,12.56,Performing,Very High
LOAN0002097,CUST001649,working capital,GBP,1052766.6,16.06,NonPerforming,Low
LOAN0002098,CUST009415,commercial overdraft,GBP,7330148.37,12.14,Watch,Very High
LOAN0002099,CUST006832,term loan,INR,5069935.07,8.95,NonPerforming,High
LOAN0002100,CUST009416,working capital,GBP,9134988.79,8.39,Watch,Medium
LOAN0002101,CUST004588,mortgage,USD,7781411.44,17.01,NonPerforming,Medium
LOAN0002102,CUST002922,credit card,USD,9724982.8,13.02,Performing,Very High
LOAN0002103,CUST003796,commercial overdraft,INR,6179092.76,5.76,Watch,High
LOAN0002104,CUST007040,trade finance,GBP,5830286.56,10.57,Watch,Very High
LOAN0002105,CUST009317,trade finance,USD,6429855.86,16.12,NonPerforming,Medium
LOAN0002106,CUST008753,credit card,INR,7084821.43,13.8,NonPerforming,Medium
LOAN0002107,CUST006874,trade finance,GBP,5999388.9,6.78,Performing,Low
LOAN0002108,CUST007305,commercial overdraft,GBP,8598357.83,14.33,NonPerforming,Very High
LOAN0002109,CUST003392,credit card,INR,9288671.77,13.64,NonPerforming,Very High
LOAN0002110,CUST004145,trade finance,GBP,2802223.66,14.53,Watch,High
LOAN0002111,CUST006915,working capital,USD,3012545.04,15.91,Watch,Very High
LOAN0002112,CUST007627,credit card,GBP,6256486.67,10.06,Watch,Low
LOAN0002113,CUST005237,working capital,INR,2039696.87,12.79,Performing,Medium
LOAN0002114,CUST009921,commercial overdraft,USD,981384.41,15.43,Performing,Very High
LOAN0002115,CUST009643,working capital,GBP,5460258.99,9.94,Watch,High
LOAN0002116,CUST008523,term loan,GBP,3681945.24,5.07,Watch,Very High
LOAN0002117,CUST007244,commercial overdraft,GBP,3350752.93,15.14,Performing,Low
LOAN0002118,CUST004290,credit card,USD,7607868.6,5.43,Watch,Medium
LOAN0002119,CUST006456,trade finance,INR,8083981.11,11.5,Watch,Low
LOAN0002120,CUST007874,trade finance,GBP,239910.58,13.23,Watch,High
LOAN0002121,CUST000663,mortgage,INR,4140749.06,17.03,Performing,Very High
LOAN0002122,CUST008657,commercial overdraft,INR,1695230.09,13.91,Performing,High
LOAN0002123,CUST008428,term loan,USD,4916745.32,16.72,Performing,High
LOAN0002124,CUST009238,trade finance,GBP,5879186.13,14.15,Performing,Medium
LOAN0002125,CUST006693,working capital,INR,8741048.25,6.3,Watch,High
LOAN0002126,CUST001640,credit card,USD,1849581.72,7.25,Watch,High
LOAN0002127,CUST007527,term loan,GBP,8458821.52,13.01,Watch,Low
LOAN0002128,CUST000543,mortgage,GBP,9576891.82,8.91,Watch,Low
LOAN0002129,CUST006445,mortgage,INR,9809456.18,13.41,Performing,Low
LOAN0002130,CUST009747,credit card,INR,8808576.35,11.73,Performing,Very High
LOAN0002131,CUST009283,mortgage,INR,6562621.9,9.86,Performing,High
LOAN0002132,CUST008744,credit card,USD,5924360.71,10.23,Watch,Very High
LOAN0002133,CUST005565,term loan,USD,9514858.81,10.4,Performing,Low
LOAN0002134,CUST005437,credit card,GBP,2372275.47,15.23,Watch,High
LOAN0002135,CUST003854,working capital,INR,6860646.41,15.56,Performing,Low
LOAN0002136,CUST004255,trade finance,USD,4351129.91,11.5,NonPerforming,Medium
LOAN0002137,CUST009551,commercial overdraft,INR,1685489.9,14.37,Performing,Medium
LOAN0002138,CUST009561,working capital,USD,5542201.98,7.95,Performing,Very High
LOAN0002139,CUST001713,working capital,USD,3969420.02,12.95,Watch,High
LOAN0002140,CUST006668,trade finance,GBP,1295221.21,15.87,NonPerforming,Low
LOAN0002141,CUST009638,mortgage,GBP,7065167.81,16.07,Watch,High
LOAN0002142,CUST006784,trade finance,USD,7781467.4,14.06,NonPerforming,Medium
LOAN0002143,CUST006760,commercial overdraft,USD,8127866.19,16.17,NonPerforming,High
LOAN0002144,CUST004004,working capital,GBP,8160960.11,10.09,NonPerforming,Very High
LOAN0002145,CUST003756,commercial overdraft,GBP,373011.6,14.01,NonPerforming,Low
LOAN0002146,CUST009500,trade finance,GBP,6232731.42,11.39,Performing,Very High
LOAN0002147,CUST003943,commercial overdraft,USD,9889441.8,17.15,Performing,Low
LOAN0002148,CUST004292,mortgage,INR,5074547.0,11.8,NonPerforming,Medium
LOAN0002149,CUST009159,mortgage,GBP,2955551.37,9.52,NonPerforming,Very High
LOAN0002150,CUST002817,commercial overdraft,USD,6879096.07,12.59,Performing,High
LOAN0002151,CUST000253,mortgage,USD,4150385.54,7.94,NonPerforming,Low
LOAN0002152,CUST004274,trade finance,USD,9207847.41,6.02,Performing,Very High
LOAN0002153,CUST003320,credit card,INR,4737761.87,8.24,Watch,Low
LOAN0002154,CUST001431,trade finance,INR,6807533.34,15.98,NonPerforming,Very High
LOAN0002155,CUST001424,working capital,USD,9701229.25,13.96,Performing,High
LOAN0002156,CUST008460,working capital,INR,9125677.77,11.16,Watch,Medium
LOAN0002157,CUST004728,credit card,INR,4556798.3,5.32,NonPerforming,Very High
LOAN0002158,CUST003561,term loan,INR,3130767.21,12.59,Performing,Low
LOAN0002159,CUST007108,credit card,GBP,1763928.84,11.2,Watch,Very High
LOAN0002160,CUST005334,mortgage,INR,6583091.47,9.54,NonPerforming,Medium
LOAN0002161,CUST004175,credit card,INR,9896641.82,7.04,NonPerforming,Medium
LOAN0002162,CUST005217,working capital,USD,9716522.93,14.07,Performing,Medium
LOAN0002163,CUST007046,term loan,INR,2309451.29,12.43,NonPerforming,Low
LOAN0002164,CUST003626,mortgage,USD,7660240.86,9.17,NonPerforming,Very High
LOAN0002165,CUST000771,working capital,INR,5327547.8,7.34,Watch,Medium
LOAN0002166,CUST009880,commercial overdraft,USD,3867311.22,5.42,Watch,Medium
LOAN0002167,CUST005873,trade finance,USD,5758332.95,10.9,Watch,High
LOAN0002168,CUST002154,credit card,USD,9711539.05,8.37,Watch,Low
LOAN0002169,CUST004893,commercial overdraft,USD,7356133.74,8.7,Watch,Very High
LOAN0002170,CUST009060,working capital,INR,3923371.47,16.06,Performing,Low
LOAN0002171,CUST009185,mortgage,INR,9677719.84,16.48,Watch,Medium
LOAN0002172,CUST004663,commercial overdraft,USD,6322066.68,11.32,NonPerforming,Low
LOAN0002173,CUST005809,working capital,USD,730126.93,9.21,Watch,Low
LOAN0002174,CUST003260,mortgage,USD,6750750.11,11.78,NonPerforming,Low
LOAN0002175,CUST002543,mortgage,INR,9704246.38,14.36,Performing,Very High
LOAN0002176,CUST004454,mortgage,GBP,542882.25,16.05,Performing,Low
LOAN0002177,CUST009630,commercial overdraft,INR,7093241.9,10.91,Watch,Medium
LOAN0002178,CUST008267,working capital,INR,2485303.39,13.17,NonPerforming,Low
LOAN0002179,CUST003236,working capital,USD,7898581.92,11.15,NonPerforming,Very High
LOAN0002180,CUST007186,working capital,USD,6502249.03,16.83,Watch,Low
LOAN0002181,CUST006557,trade finance,USD,2408980.27,11.25,NonPerforming,Low
LOAN0002182,CUST009171,mortgage,INR,7679053.83,16.15,NonPerforming,Medium
LOAN0002183,CUST006186,credit card,INR,741218.03,14.54,Watch,Low
LOAN0002184,CUST003101,commercial overdraft,INR,70938.04,10.84,Performing,High
LOAN0002185,CUST002227,working capital,USD,1268847.92,11.29,Watch,Low
LOAN0002186,CUST006982,working capital,INR,3897007.45,11.58,NonPerforming,Low
LOAN0002187,CUST006597,working capital,USD,4794277.72,12.54,NonPerforming,Medium
LOAN0002188,CUST003495,trade finance,INR,3006090.84,5.33,Watch,Medium
LOAN0002189,CUST000577,trade finance,INR,812827.8,5.08,Performing,Medium
LOAN0002190,CUST001558,term loan,GBP,4117659.39,16.75,Watch,Very High
LOAN0002191,CUST003842,mortgage,INR,2591444.24,9.28,NonPerforming,Very High
LOAN0002192,CUST002727,term loan,USD,4302390.54,6.45,NonPerforming,Low
LOAN0002193,CUST002077,credit card,INR,9731426.95,15.26,NonPerforming,Very High
LOAN0002194,CUST009496,working capital,USD,7376253.04,16.33,Performing,High
LOAN0002195,CUST006070,commercial overdraft,USD,1434092.15,5.77,Performing,High
LOAN0002196,CUST008118,commercial overdraft,GBP,6680631.54,5.7,Watch,High
LOAN0002197,CUST002445,term loan,USD,9340059.03,5.59,Watch,Medium
LOAN0002198,CUST003882,working capital,USD,3789624.25,12.22,Performing,Medium
LOAN0002199,CUST007304,term loan,GBP,2797116.7,11.37,NonPerforming,High
LOAN0002200,CUST002045,working capital,GBP,4922479.78,11.99,NonPerforming,Very High
LOAN0002201,CUST004872,mortgage,USD,5985103.93,14.82,NonPerforming,Very High
LOAN0002202,CUST001269,commercial overdraft,USD,3211197.18,9.48,Performing,High
LOAN0002203,CUST003698,term loan,GBP,7947365.91,12.69,Performing,Low
LOAN0002204,CUST000092,term loan,INR,934913.05,8.6,Performing,High
LOAN0002205,CUST008682,working capital,GBP,6922773.19,11.78,Performing,High
LOAN0002206,CUST008376,credit card,USD,331088.65,17.91,Performing,Low
LOAN0002207,CUST002633,term loan,INR,7199130.01,6.95,NonPerforming,High
LOAN0002208,CUST005368,term loan,GBP,3618420.79,11.61,Watch,Low
LOAN0002209,CUST009917,working capital,INR,4984030.87,5.45,Watch,Very High
LOAN0002210,CUST003593,term loan,INR,1866056.32,12.56,Watch,Low
LOAN0002211,CUST005334,credit card,INR,9953231.69,9.46,Watch,Very High
LOAN0002212,CUST001462,trade finance,USD,4538153.89,6.14,NonPerforming,High
LOAN0002213,CUST003318,trade finance,USD,5720042.3,12.22,Performing,Medium
LOAN0002214,CUST005114,term loan,INR,6353426.9,10.43,Performing,Very High
LOAN0002215,CUST005938,trade finance,INR,6958204.32,6.13,Watch,Medium
LOAN0002216,CUST004266,trade finance,USD,2613414.78,12.98,NonPerforming,Very High
LOAN0002217,CUST001184,commercial overdraft,INR,834013.02,12.12,Watch,Medium
LOAN0002218,CUST001668,credit card,USD,1835699.32,6.76,Watch,Very High
LOAN0002219,CUST000862,mortgage,INR,9101550.15,9.48,Performing,Very High
LOAN0002220,CUST005875,mortgage,USD,3899462.97,5.8,Performing,Very High
LOAN0002221,CUST007274,trade finance,USD,4368459.15,10.06,NonPerforming,Very High
LOAN0002222,CUST004709,trade finance,GBP,4184722.28,17.64,NonPerforming,Very High
LOAN0002223,CUST001394,commercial overdraft,USD,3798379.42,8.91,Performing,Low
LOAN0002224,CUST001539,mortgage,GBP,9070004.54,7.28,NonPerforming,Low
LOAN0002225,CUST009209,term loan,INR,1343422.75,11.7,Watch,Very High
LOAN0002226,CUST000219,trade finance,USD,2702448.91,11.35,Performing,High
LOAN0002227,CUST000514,term loan,USD,5488376.19,10.56,Watch,Low
LOAN0002228,CUST006688,mortgage,GBP,1439278.75,16.64,Watch,Medium
LOAN0002229,CUST003706,commercial overdraft,GBP,9115910.01,9.18,Performing,Low
LOAN0002230,CUST009121,mortgage,GBP,2601878.57,6.0,NonPerforming,High
LOAN0002231,CUST000769,trade finance,GBP,4394068.58,11.76,Performing,Low
LOAN0002232,CUST009643,commercial overdraft,USD,5922183.69,8.98,Watch,Medium
LOAN0002233,CUST008119,commercial overdraft,USD,1807777.05,12.8,NonPerforming,High
LOAN0002234,CUST001222,term loan,GBP,6243835.09,10.46,Performing,High
LOAN0002235,CUST002669,commercial overdraft,USD,667532.5,7.82,NonPerforming,Low
LOAN0002236,CUST006279,mortgage,USD,2669489.58,7.66,Performing,Low
LOAN0002237,CUST000551,credit card,USD,9117457.22,14.35,Watch,Medium
LOAN0002238,CUST009513,commercial overdraft,GBP,8927021.51,7.52,Performing,Low
LOAN0002239,CUST006661,commercial overdraft,INR,7394001.24,10.46,Watch,High
LOAN0002240,CUST009317,trade finance,INR,2985764.32,6.62,NonPerforming,Very High
LOAN0002241,CUST005210,trade finance,INR,8015232.44,7.97,Performing,High
LOAN0002242,CUST003050,working capital,USD,5262453.86,7.28,Performing,Low
LOAN0002243,CUST000647,credit card,GBP,495420.28,14.76,NonPerforming,Medium
LOAN0002244,CUST002401,working capital,GBP,1269279.12,14.96,Watch,Medium
LOAN0002245,CUST005746,commercial overdraft,GBP,53762.01,14.41,Performing,Medium
LOAN0002246,CUST006790,mortgage,GBP,2515057.45,15.95,Performing,Medium
LOAN0002247,CUST005908,credit card,GBP,3645709.38,7.1,Watch,Very High
LOAN0002248,CUST008571,trade finance,USD,1824965.28,7.03,NonPerforming,High
LOAN0002249,CUST006699,trade finance,INR,6633117.82,14.41,Watch,Low
LOAN0002250,CUST004767,mortgage,INR,6186965.63,11.82,Watch,High
LOAN0002251,CUST008078,mortgage,GBP,1480976.09,16.53,NonPerforming,High
LOAN0002252,CUST004171,term loan,INR,3871131.31,9.52,NonPerforming,High
LOAN0002253,CUST004161,mortgage,INR,2318949.08,9.75,Watch,Medium
LOAN0002254,CUST009269,credit card,GBP,6906252.19,8.02,Watch,High
LOAN0002255,CUST000300,mortgage,INR,4264427.73,15.22,NonPerforming,Medium
LOAN0002256,CUST000766,mortgage,INR,1304335.16,8.4,Performing,Low
LOAN0002257,CUST001927,term loan,USD,268004.74,5.58,NonPerforming,Low
LOAN0002258,CUST009939,working capital,INR,8434858.26,8.21,Watch,Medium
LOAN0002259,CUST000553,working capital,USD,8437041.62,5.76,Watch,Very High
LOAN0002260,CUST006961,trade finance,USD,6005021.33,11.48,Watch,Very High
LOAN0002261,CUST007966,term loan,GBP,3389568.75,8.55,Performing,Very High
LOAN0002262,CUST008117,trade finance,USD,6646683.64,16.3,NonPerforming,Very High
LOAN0002263,CUST002433,trade finance,INR,820066.01,8.24,Watch,Low
LOAN0002264,CUST009323,trade finance,INR,4643491.27,17.38,Watch,High
LOAN0002265,CUST004500,trade finance,GBP,4467138.39,17.95,NonPerforming,Low
LOAN0002266,CUST007068,commercial overdraft,GBP,8054797.41,7.32,Performing,High
LOAN0002267,CUST008971,trade finance,USD,121559.98,11.79,Performing,Medium
LOAN0002268,CUST009475,mortgage,USD,2217028.61,6.77,Watch,Very High
LOAN0002269,CUST003443,term loan,USD,1098988.62,6.61,NonPerforming,Very High
LOAN0002270,CUST008107,trade finance,GBP,4864420.53,10.93,NonPerforming,Very High
LOAN0002271,CUST009931,trade finance,GBP,83048.41,8.93,Watch,Medium
LOAN0002272,CUST000706,term loan,INR,657684.75,14.17,Watch,High
LOAN0002273,CUST009091,working capital,INR,2538819.96,10.19,NonPerforming,High
LOAN0002274,CUST002307,mortgage,GBP,8288960.54,6.69,NonPerforming,Low
LOAN0002275,CUST006198,credit card,GBP,9538650.41,12.25,NonPerforming,High
LOAN0002276,CUST008895,trade finance,INR,4493997.07,17.55,Watch,Low
LOAN0002277,CUST002299,commercial overdraft,USD,6360329.76,13.66,Watch,Medium
LOAN0002278,CUST007365,term loan,GBP,1678969.26,9.45,Performing,Medium
LOAN0002279,CUST002497,commercial overdraft,USD,3453959.99,12.88,Performing,Very High
LOAN0002280,CUST007427,trade finance,GBP,1925179.51,17.79,NonPerforming,High
LOAN0002281,CUST005232,commercial overdraft,INR,8351097.26,17.09,NonPerforming,Very High
LOAN0002282,CUST007729,term loan,INR,6945441.68,17.59,NonPerforming,High
LOAN0002283,CUST006852,trade finance,GBP,492676.63,17.16,Watch,Medium
LOAN0002284,CUST005398,working capital,USD,3483920.45,16.94,Performing,Low
LOAN0002285,CUST003126,trade finance,USD,3881360.12,9.33,Watch,Low
LOAN0002286,CUST003915,mortgage,USD,2741567.57,16.82,Watch,Low
LOAN0002287,CUST004636,working capital,INR,1202225.13,9.97,NonPerforming,Low
LOAN0002288,CUST008306,credit card,USD,1045467.87,5.56,Watch,Medium
LOAN0002289,CUST008106,term loan,USD,9305901.43,16.13,Performing,High
LOAN0002290,CUST008033,credit card,INR,3802727.02,6.6,NonPerforming,Medium
LOAN0002291,CUST004003,mortgage,USD,8871781.13,14.35,Performing,High
LOAN0002292,CUST003473,mortgage,GBP,2604404.63,10.78,Watch,High
LOAN0002293,CUST009601,working capital,INR,6595557.11,13.27,Watch,Low
LOAN0002294,CUST005975,mortgage,USD,1593656.09,10.29,NonPerforming,Medium
LOAN0002295,CUST007248,trade finance,GBP,7339441.22,8.51,Performing,High
LOAN0002296,CUST009264,mortgage,INR,7327232.53,16.54,Watch,Very High
LOAN0002297,CUST006081,commercial overdraft,GBP,8362133.11,15.91,NonPerforming,High
LOAN0002298,CUST000752,commercial overdraft,USD,3611114.03,13.76,Watch,Low
LOAN0002299,CUST002372,trade finance,INR,6966096.88,12.49,Performing,Very High
LOAN0002300,CUST008453,credit card,USD,2200254.68,8.2,NonPerforming,Medium
LOAN0002301,CUST005456,working capital,GBP,4802518.38,17.71,NonPerforming,Medium
LOAN0002302,CUST007284,term loan,GBP,830971.2,6.46,NonPerforming,Low
LOAN0002303,CUST002324,credit card,USD,7325723.15,8.54,NonPerforming,Low
LOAN0002304,CUST001233,term loan,INR,2019802.07,7.65,Watch,Medium
LOAN0002305,CUST000667,mortgage,USD,4709309.7,16.81,Watch,Medium
LOAN0002306,CUST009847,commercial overdraft,INR,3844862.55,16.99,Performing,Very High
LOAN0002307,CUST002215,trade finance,GBP,8802198.74,15.78,Performing,High
LOAN0002308,CUST009395,credit card,GBP,695202.13,11.49,Watch,High
LOAN0002309,CUST006896,term loan,INR,2892430.56,11.11,Watch,Medium
LOAN0002310,CUST005247,credit card,USD,9243372.51,7.64,NonPerforming,Low
LOAN0002311,CUST000057,mortgage,GBP,1876269.87,5.17,NonPerforming,High
LOAN0002312,CUST000538,working capital,GBP,125026.23,11.02,NonPerforming,Medium
LOAN0002313,CUST002367,term loan,GBP,1174462.13,8.34,Watch,Medium
LOAN0002314,CUST005510,credit card,INR,8692125.04,9.12,NonPerforming,Medium
LOAN0002315,CUST000602,term loan,GBP,3793275.93,17.47,NonPerforming,Medium
LOAN0002316,CUST009721,credit card,INR,2024226.97,14.9,Performing,Medium
LOAN0002317,CUST001595,term loan,GBP,4212843.98,11.09,NonPerforming,High
LOAN0002318,CUST002798,mortgage,INR,9793856.38,12.38,Watch,Very High
LOAN0002319,CUST008251,term loan,GBP,3958871.89,17.58,Performing,Very High
LOAN0002320,CUST007552,mortgage,USD,7927835.37,17.99,NonPerforming,High
LOAN0002321,CUST007298,mortgage,USD,8855023.09,10.56,Performing,Medium
LOAN0002322,CUST004091,working capital,INR,8610024.79,5.48,Performing,High
LOAN0002323,CUST006456,term loan,INR,1349983.44,15.22,Watch,Very High
LOAN0002324,CUST000538,working capital,USD,4105592.51,5.66,Watch,High
LOAN0002325,CUST005053,trade finance,GBP,8062377.98,16.23,Performing,Low
LOAN0002326,CUST006267,term loan,USD,1009034.24,11.3,Watch,High
LOAN0002327,CUST004520,working capital,GBP,1441699.8,11.49,Performing,Medium
LOAN0002328,CUST007911,credit card,INR,9492359.62,16.12,NonPerforming,Low
LOAN0002329,CUST007805,working capital,GBP,2342268.56,10.9,Performing,High
LOAN0002330,CUST000096,trade finance,INR,434749.39,10.85,Watch,Medium
LOAN0002331,CUST009565,commercial overdraft,INR,8117395.76,10.42,Watch,Very High
LOAN0002332,CUST006522,term loan,GBP,4459672.33,17.74,Watch,Very High
LOAN0002333,CUST008949,working capital,GBP,7918043.02,12.8,Performing,High
LOAN0002334,CUST003401,trade finance,GBP,712366.08,12.96,Performing,Low
LOAN0002335,CUST001499,term loan,USD,23489.22,16.4,Watch,High
LOAN0002336,CUST007854,credit card,INR,3661034.61,8.22,Performing,Medium
LOAN0002337,CUST007202,credit card,GBP,2882676.83,15.09,Watch,Medium
LOAN0002338,CUST009914,working capital,GBP,858749.49,15.96,NonPerforming,Very High
LOAN0002339,CUST002636,trade finance,USD,4648588.11,12.53,Performing,High
LOAN0002340,CUST006565,working capital,GBP,3607642.62,14.09,Performing,High
LOAN0002341,CUST005517,working capital,INR,8721205.13,15.24,Watch,Medium
LOAN0002342,CUST005036,trade finance,GBP,573265.86,7.34,Watch,Medium
LOAN0002343,CUST006954,term loan,INR,1055576.14,5.19,NonPerforming,High
LOAN0002344,CUST004325,trade finance,USD,7736358.32,15.84,Watch,Very High
LOAN0002345,CUST002941,credit card,USD,4951898.4,12.3,Watch,Low
LOAN0002346,CUST006523,commercial overdraft,INR,2414956.31,17.57,Watch,High
LOAN0002347,CUST002063,working capital,INR,7852383.5,8.21,Watch,Very High
LOAN0002348,CUST008462,credit card,GBP,678750.57,8.87,Watch,Medium
LOAN0002349,CUST001466,mortgage,INR,9783893.17,11.73,Performing,Very High
LOAN0002350,CUST005686,working capital,GBP,187941.38,5.18,NonPerforming,Low
LOAN0002351,CUST007393,term loan,USD,8142817.2,9.43,NonPerforming,High
LOAN0002352,CUST007797,term loan,INR,711357.21,9.57,NonPerforming,Medium
LOAN0002353,CUST004674,credit card,INR,9004333.3,5.84,Watch,Low
LOAN0002354,CUST006905,commercial overdraft,GBP,2960602.02,12.98,NonPerforming,Low
LOAN0002355,CUST006207,credit card,USD,9081150.68,13.81,Watch,High
LOAN0002356,CUST004252,working capital,USD,6986622.56,7.25,Watch,Very High
LOAN0002357,CUST008941,trade finance,USD,3222738.12,14.4,Watch,Low
LOAN0002358,CUST002159,term loan,GBP,9121815.65,13.58,NonPerforming,High
LOAN0002359,CUST007094,commercial overdraft,GBP,3204014.53,17.46,Performing,High
LOAN0002360,CUST002293,term loan,GBP,1369911.67,7.75,Performing,Low
LOAN0002361,CUST000468,trade finance,USD,4782678.76,14.96,NonPerforming,Medium
LOAN0002362,CUST004622,term loan,USD,3998091.8,16.64,Performing,Medium
LOAN0002363,CUST000983,credit card,GBP,9628047.73,11.19,NonPerforming,Medium
LOAN0002364,CUST009558,term loan,GBP,4646540.29,16.88,Performing,High
LOAN0002365,CUST005069,trade finance,GBP,9048558.96,8.87,Performing,Medium
LOAN0002366,CUST003111,commercial overdraft,GBP,3924118.42,9.12,NonPerforming,Medium
LOAN0002367,CUST009091,term loan,INR,3288120.03,15.64,Watch,Medium
LOAN0002368,CUST004267,working capital,GBP,5885824.87,12.26,Watch,High
LOAN0002369,CUST000123,commercial overdraft,INR,9743720.81,17.15,Performing,High
LOAN0002370,CUST005483,credit card,USD,3782678.4,16.84,Performing,High
LOAN0002371,CUST000177,credit card,INR,4316456.64,13.91,Watch,Low
LOAN0002372,CUST009859,mortgage,GBP,3285411.91,16.75,NonPerforming,Very High
LOAN0002373,CUST005076,mortgage,GBP,8826149.69,10.73,Performing,Low
LOAN0002374,CUST006310,commercial overdraft,GBP,5588755.47,6.85,Watch,Medium
LOAN0002375,CUST005897,mortgage,INR,7751224.42,10.26,Watch,Low
LOAN0002376,CUST008684,mortgage,GBP,1454899.7,10.81,Watch,Very High
LOAN0002377,CUST001450,mortgage,USD,1473405.35,16.23,NonPerforming,Low
LOAN0002378,CUST002484,credit card,INR,7870740.48,12.08,Performing,Low
LOAN0002379,CUST000253,working capital,GBP,4616031.11,13.18,Watch,High
LOAN0002380,CUST009072,credit card,INR,8395574.29,12.75,NonPerforming,High
LOAN0002381,CUST004564,term loan,INR,8093577.28,9.23,NonPerforming,Low
LOAN0002382,CUST002912,trade finance,USD,6630113.01,9.89,Performing,Medium
LOAN0002383,CUST009334,credit card,INR,965530.59,11.76,NonPerforming,Medium
LOAN0002384,CUST000078,working capital,GBP,2853932.0,14.44,NonPerforming,Very High
LOAN0002385,CUST008906,mortgage,INR,671546.71,10.11,Watch,Low
LOAN0002386,CUST000269,working capital,USD,8626488.58,11.02,Performing,Low
LOAN0002387,CUST000386,commercial overdraft,GBP,4260615.84,5.92,Watch,Low
LOAN0002388,CUST009201,working capital,USD,7195298.44,16.55,Watch,Low
LOAN0002389,CUST002048,commercial overdraft,GBP,9750888.48,8.02,Performing,Medium
LOAN0002390,CUST003682,commercial overdraft,INR,4198715.36,7.64,NonPerforming,High
LOAN0002391,CUST009407,mortgage,INR,6316432.95,9.23,Performing,High
LOAN0002392,CUST006218,working capital,GBP,4127440.71,13.11,NonPerforming,Medium
LOAN0002393,CUST007205,working capital,USD,7163616.81,17.92,Performing,Very High
LOAN0002394,CUST002718,trade finance,INR,9052698.02,7.23,Watch,Medium
LOAN0002395,CUST002358,term loan,GBP,4629030.41,16.26,Watch,Low
LOAN0002396,CUST002507,commercial overdraft,GBP,4539405.41,7.49,NonPerforming,Very High
LOAN0002397,CUST009867,term loan,USD,2690298.69,15.25,Performing,High
LOAN0002398,CUST000947,working capital,GBP,844973.26,10.99,Watch,High
LOAN0002399,CUST003566,term loan,GBP,5088319.78,10.78,Performing,Very High
LOAN0002400,CUST001442,mortgage,GBP,6371269.42,9.8,Watch,Medium
LOAN0002401,CUST005888,working capital,USD,5216291.75,5.04,NonPerforming,Low
LOAN0002402,CUST000878,commercial overdraft,GBP,756902.51,5.59,NonPerforming,Medium
LOAN0002403,CUST007477,working capital,USD,2196541.23,8.02,NonPerforming,Low
LOAN0002404,CUST009958,mortgage,USD,8169248.18,9.44,Watch,Medium
LOAN0002405,CUST002984,mortgage,INR,4917020.73,17.7,Performing,Very High
LOAN0002406,CUST007461,mortgage,INR,3924801.83,5.15,Watch,High
LOAN0002407,CUST009696,commercial overdraft,USD,7492413.58,11.77,Watch,Very High
LOAN0002408,CUST008431,trade finance,GBP,6233409.12,6.38,Watch,Medium
LOAN0002409,CUST000611,credit card,INR,7952708.87,14.69,Watch,Low
LOAN0002410,CUST009630,working capital,INR,409669.34,13.8,NonPerforming,Low
LOAN0002411,CUST008158,commercial overdraft,USD,7658066.48,7.42,Watch,High
LOAN0002412,CUST006982,mortgage,USD,1208967.62,5.9,Performing,High
LOAN0002413,CUST005066,mortgage,INR,9419897.12,13.98,Performing,Low
LOAN0002414,CUST006817,term loan,INR,7879091.28,10.66,NonPerforming,Medium
LOAN0002415,CUST000131,term loan,INR,2377111.32,10.84,Performing,Low
LOAN0002416,CUST003899,term loan,GBP,4240045.6,10.49,Performing,High
LOAN0002417,CUST008614,term loan,INR,8855790.3,11.04,Performing,Low
LOAN0002418,CUST005656,trade finance,GBP,2661120.58,7.62,Performing,Low
LOAN0002419,CUST002583,term loan,USD,2749654.17,11.52,Watch,High
LOAN0002420,CUST009982,credit card,GBP,202169.88,8.92,Performing,High
LOAN0002421,CUST005465,credit card,GBP,2071879.85,6.85,Watch,High
LOAN0002422,CUST004166,credit card,INR,8752740.29,12.03,Watch,Low
LOAN0002423,CUST003198,mortgage,INR,3226163.24,11.47,Watch,Very High
LOAN0002424,CUST002448,credit card,GBP,7062029.95,12.65,Watch,Very High
LOAN0002425,CUST006210,credit card,USD,6304195.22,8.82,Performing,Medium
LOAN0002426,CUST003560,term loan,INR,6151825.01,6.32,NonPerforming,High
LOAN0002427,CUST000287,commercial overdraft,GBP,1369457.66,12.02,Watch,High
LOAN0002428,CUST006403,working capital,INR,1793962.54,14.95,Watch,Medium
LOAN0002429,CUST005445,credit card,USD,3934489.37,7.07,Performing,High
LOAN0002430,CUST002060,term loan,INR,325501.9,11.87,NonPerforming,Low
LOAN0002431,CUST006850,trade finance,INR,8808747.27,11.71,Watch,Very High
LOAN0002432,CUST004432,mortgage,GBP,7912124.93,6.23,Watch,Medium
LOAN0002433,CUST008982,credit card,INR,1787556.42,12.57,Performing,Very High
LOAN0002434,CUST006875,mortgage,GBP,1741059.42,13.32,Watch,Medium
LOAN0002435,CUST005946,trade finance,GBP,7418843.02,11.13,NonPerforming,Low
LOAN0002436,CUST002257,term loan,INR,3995125.99,7.68,Watch,Very High
LOAN0002437,CUST002846,working capital,INR,6075200.55,14.13,NonPerforming,Low
LOAN0002438,CUST008188,working capital,INR,486706.04,5.84,Watch,Very High
LOAN0002439,CUST007487,term loan,GBP,2207599.41,16.45,NonPerforming,High
LOAN0002440,CUST004436,credit card,GBP,8520358.22,17.42,Watch,Very High
LOAN0002441,CUST003426,trade finance,INR,5098242.57,7.93,NonPerforming,High
LOAN0002442,CUST008903,term loan,USD,5527259.3,6.6,Performing,Low
LOAN0002443,CUST006781,mortgage,INR,9628896.96,16.51,Performing,Low
LOAN0002444,CUST002165,mortgage,GBP,6678927.25,6.19,Watch,Low
LOAN0002445,CUST003269,commercial overdraft,GBP,4828014.1,5.23,Watch,High
LOAN0002446,CUST006249,trade finance,INR,3029329.7,16.48,Performing,Low
LOAN0002447,CUST003996,working capital,USD,8138340.12,13.61,NonPerforming,Low
LOAN0002448,CUST003687,term loan,GBP,6333851.9,13.24,Watch,Medium
LOAN0002449,CUST005259,credit card,USD,6938292.54,9.5,NonPerforming,Low
LOAN0002450,CUST007046,credit card,GBP,3296253.7,9.95,NonPerforming,Low
LOAN0002451,CUST009229,working capital,USD,9787742.66,13.86,NonPerforming,Very High
LOAN0002452,CUST007717,credit card,USD,3160670.28,10.95,NonPerforming,High
LOAN0002453,CUST002649,term loan,INR,2858187.2,15.09,Performing,Low
LOAN0002454,CUST002813,trade finance,INR,167474.65,10.41,Watch,Very High
LOAN0002455,CUST009949,trade finance,GBP,2004672.45,13.31,Watch,High
LOAN0002456,CUST003455,term loan,GBP,8815288.32,15.56,Watch,Medium
LOAN0002457,CUST002782,mortgage,INR,4704846.91,14.88,NonPerforming,Low
LOAN0002458,CUST009829,working capital,GBP,7528167.12,11.65,Performing,Low
LOAN0002459,CUST006960,mortgage,GBP,7844635.91,6.76,Performing,Medium
LOAN0002460,CUST000322,working capital,USD,5842036.85,9.5,NonPerforming,Low
LOAN0002461,CUST002739,commercial overdraft,INR,3070701.38,13.64,Watch,High
LOAN0002462,CUST004766,term loan,GBP,7071608.79,9.52,NonPerforming,Medium
LOAN0002463,CUST008409,term loan,GBP,3396390.88,7.09,Watch,Very High
LOAN0002464,CUST000325,term loan,INR,1815948.99,12.19,Performing,Medium
LOAN0002465,CUST009092,working capital,INR,3058800.57,15.86,Performing,Very High
LOAN0002466,CUST005985,working capital,INR,4927828.34,9.52,NonPerforming,High
LOAN0002467,CUST003186,working capital,USD,1323132.13,13.13,NonPerforming,Medium
LOAN0002468,CUST001902,mortgage,USD,7595876.54,7.4,NonPerforming,Low
LOAN0002469,CUST001467,term loan,USD,7295030.44,14.37,Watch,Very High
LOAN0002470,CUST008820,working capital,USD,1203794.71,17.37,NonPerforming,Low
LOAN0002471,CUST003801,commercial overdraft,GBP,6174380.99,10.81,Watch,High
LOAN0002472,CUST006034,mortgage,INR,7400114.93,16.59,Watch,High
LOAN0002473,CUST009091,term loan,INR,1726210.88,17.27,Watch,Medium
LOAN0002474,CUST009464,credit card,USD,2009837.65,8.84,Performing,Very High
LOAN0002475,CUST000810,credit card,USD,1392083.3,6.88,NonPerforming,High
LOAN0002476,CUST008693,term loan,GBP,1984108.98,16.55,Performing,Very High
LOAN0002477,CUST004566,working capital,GBP,4157037.11,6.58,Performing,Low
LOAN0002478,CUST007092,commercial overdraft,USD,4162179.98,15.91,Watch,Very High
LOAN0002479,CUST007123,mortgage,GBP,3378902.4,12.31,Performing,High
LOAN0002480,CUST001672,mortgage,GBP,7595422.89,11.17,Watch,High
LOAN0002481,CUST005662,credit card,GBP,1799538.22,13.41,NonPerforming,Medium
LOAN0002482,CUST007096,mortgage,USD,8710660.83,12.64,NonPerforming,High
LOAN0002483,CUST006106,mortgage,INR,1634030.57,8.3,Watch,High
LOAN0002484,CUST000351,working capital,USD,9287772.62,7.62,NonPerforming,Low
LOAN0002485,CUST002487,mortgage,GBP,1472652.06,17.14,Performing,Medium
LOAN0002486,CUST002604,commercial overdraft,USD,8110068.39,7.7,Performing,Very High
LOAN0002487,CUST002767,commercial overdraft,GBP,4690278.62,7.97,Performing,High
LOAN0002488,CUST006980,commercial overdraft,USD,4383416.01,6.3,Watch,High
LOAN0002489,CUST005658,term loan,INR,5795069.38,10.38,Watch,Medium
LOAN0002490,CUST001808,credit card,USD,8010365.58,5.42,Performing,High
LOAN0002491,CUST008156,term loan,USD,6082529.72,8.41,Performing,Medium
LOAN0002492,CUST003666,mortgage,INR,7112165.84,10.67,Watch,Very High
LOAN0002493,CUST008859,trade finance,INR,7375872.68,14.6,NonPerforming,Medium
LOAN0002494,CUST008831,credit card,INR,1143379.54,10.32,Performing,High
LOAN0002495,CUST004631,mortgage,GBP,7733143.22,7.49,Watch,Medium
LOAN0002496,CUST009976,mortgage,USD,310172.75,13.47,Performing,Very High
LOAN0002497,CUST007175,commercial overdraft,INR,5670571.45,11.75,Performing,Low
LOAN0002498,CUST009156,term loan,GBP,3186196.98,10.33,Watch,Very High
LOAN0002499,CUST001003,working capital,USD,7804699.96,13.99,Performing,Low
LOAN0002500,CUST007854,commercial overdraft,GBP,4287731.72,7.96,Watch,Very High
LOAN0002501,CUST003682,credit card,GBP,1165534.76,6.44,Watch,Medium
LOAN0002502,CUST009911,credit card,USD,8938445.18,7.39,Performing,Very High
LOAN0002503,CUST009323,credit card,GBP,9456394.93,15.61,Watch,Very High
LOAN0002504,CUST003323,commercial overdraft,USD,8542350.14,8.51,NonPerforming,Medium
LOAN0002505,CUST003459,mortgage,INR,7842238.74,6.2,Performing,High
LOAN0002506,CUST006840,term loan,USD,4473462.64,14.28,Watch,Low
LOAN0002507,CUST003698,commercial overdraft,INR,8770268.27,17.46,NonPerforming,Low
LOAN0002508,CUST006783,working capital,GBP,3963314.74,12.15,Performing,Medium
LOAN0002509,CUST009977,trade finance,GBP,6782614.4,12.88,Watch,Very High
LOAN0002510,CUST006384,commercial overdraft,INR,3289027.77,12.58,Performing,High
LOAN0002511,CUST000646,working capital,USD,2049189.85,13.26,Performing,Low
LOAN0002512,CUST005800,trade finance,INR,7775731.74,5.42,Watch,Low
LOAN0002513,CUST009407,term loan,GBP,1083251.09,12.79,NonPerforming,Medium
LOAN0002514,CUST005316,trade finance,INR,2611949.77,14.78,Watch,Very High
LOAN0002515,CUST005483,trade finance,GBP,8746776.85,9.19,Performing,Medium
LOAN0002516,CUST006918,commercial overdraft,INR,2993208.8,17.08,Performing,Medium
LOAN0002517,CUST006607,commercial overdraft,GBP,8089398.57,8.06,Watch,Medium
LOAN0002518,CUST000717,commercial overdraft,GBP,6168826.16,16.76,NonPerforming,Low
LOAN0002519,CUST004501,term loan,INR,1482353.27,15.78,NonPerforming,Very High
LOAN0002520,CUST006897,credit card,INR,2359799.08,7.16,NonPerforming,Medium
LOAN0002521,CUST005568,mortgage,GBP,3136113.47,5.56,Watch,High
LOAN0002522,CUST000128,working capital,USD,5250100.9,7.0,Performing,High
LOAN0002523,CUST001033,mortgage,USD,9416280.99,12.13,Watch,Low
LOAN0002524,CUST002193,trade finance,USD,2607504.21,10.64,NonPerforming,Medium
LOAN0002525,CUST009889,term loan,USD,9574448.78,13.25,NonPerforming,Medium
LOAN0002526,CUST002552,commercial overdraft,INR,8915804.87,17.01,Watch,Low
LOAN0002527,CUST002193,credit card,USD,4472078.7,15.62,Performing,Medium
LOAN0002528,CUST002311,commercial overdraft,INR,6338808.54,7.61,Performing,High
LOAN0002529,CUST000108,commercial overdraft,GBP,2752025.2,10.95,NonPerforming,Very High
LOAN0002530,CUST008573,mortgage,USD,8431711.92,14.72,Watch,Very High
LOAN0002531,CUST002203,trade finance,USD,14653.16,10.2,Performing,Medium
LOAN0002532,CUST006628,working capital,INR,1205227.55,6.12,Performing,Medium
LOAN0002533,CUST006258,trade finance,USD,8719549.61,12.53,Watch,Very High
LOAN0002534,CUST007086,trade finance,USD,5269196.26,8.17,NonPerforming,Low
LOAN0002535,CUST005812,commercial overdraft,INR,7913090.29,15.87,Watch,Very High
LOAN0002536,CUST002898,commercial overdraft,INR,7173419.92,13.57,Performing,Medium
LOAN0002537,CUST009429,trade finance,USD,2571325.42,13.77,Performing,High
LOAN0002538,CUST007437,commercial overdraft,INR,4153383.11,10.35,Watch,Low
LOAN0002539,CUST005506,working capital,USD,3084620.48,15.86,NonPerforming,High
LOAN0002540,CUST001361,trade finance,USD,5914192.18,16.04,Watch,Very High
LOAN0002541,CUST005645,commercial overdraft,GBP,1139302.9,11.85,Performing,Medium
LOAN0002542,CUST009701,mortgage,GBP,7511725.65,9.81,Watch,Low
LOAN0002543,CUST004127,working capital,GBP,177550.28,5.97,Performing,Very High
LOAN0002544,CUST004589,working capital,GBP,3484967.2,17.52,NonPerforming,High
LOAN0002545,CUST007522,trade finance,GBP,8391845.82,17.53,Performing,Low
LOAN0002546,CUST007907,trade finance,GBP,3294003.73,12.6,Watch,Very High
LOAN0002547,CUST004095,term loan,INR,2340079.7,7.87,Performing,High
LOAN0002548,CUST004019,trade finance,INR,5428212.99,10.33,NonPerforming,High
LOAN0002549,CUST007856,mortgage,USD,4241968.83,7.74,NonPerforming,High
LOAN0002550,CUST007304,term loan,INR,2921039.86,11.62,NonPerforming,Very High
LOAN0002551,CUST002100,credit card,INR,5494813.54,7.07,Performing,Very High
LOAN0002552,CUST001868,trade finance,USD,4291471.27,8.27,Watch,Medium
LOAN0002553,CUST005492,mortgage,GBP,3418789.95,8.91,NonPerforming,Medium
LOAN0002554,CUST004288,trade finance,GBP,5702839.85,17.91,NonPerforming,Very High
LOAN0002555,CUST004909,commercial overdraft,INR,1949459.84,8.48,Performing,High
LOAN0002556,CUST002502,trade finance,GBP,1317674.69,7.58,Performing,Very High
LOAN0002557,CUST004533,commercial overdraft,INR,3220497.45,8.53,NonPerforming,Very High
LOAN0002558,CUST009231,trade finance,GBP,1037913.12,14.27,Watch,Very High
LOAN0002559,CUST006368,working capital,GBP,8365827.18,15.21,NonPerforming,Medium
LOAN0002560,CUST005611,commercial overdraft,USD,4714014.69,13.92,Performing,Low
LOAN0002561,CUST008201,term loan,GBP,1225661.26,13.56,NonPerforming,Low
LOAN0002562,CUST002520,credit card,GBP,142949.34,9.56,NonPerforming,Medium
LOAN0002563,CUST006158,working capital,INR,6414478.68,13.7,NonPerforming,Low
LOAN0002564,CUST002372,term loan,INR,4690520.22,6.61,Watch,Low
LOAN0002565,CUST009816,mortgage,USD,4648158.91,14.07,Watch,Very High
LOAN0002566,CUST004426,term loan,GBP,3543042.41,7.67,Watch,High
LOAN0002567,CUST000641,working capital,INR,603127.24,8.77,Watch,Medium
LOAN0002568,CUST007402,term loan,USD,2097336.04,17.15,Watch,Very High
LOAN0002569,CUST003076,mortgage,GBP,9466697.87,7.34,Watch,Medium
LOAN0002570,CUST008230,term loan,INR,3908985.28,17.02,Watch,Very High
LOAN0002571,CUST000999,credit card,USD,5264875.83,11.87,Performing,Very High
LOAN0002572,CUST009046,term loan,INR,6615871.43,10.28,Watch,Low
LOAN0002573,CUST003959,credit card,GBP,5877392.6,15.91,Performing,High
LOAN0002574,CUST007795,working capital,GBP,6479694.13,17.52,Watch,High
LOAN0002575,CUST000014,mortgage,GBP,4141569.52,13.57,Performing,Low
LOAN0002576,CUST000082,commercial overdraft,USD,5647994.12,12.08,Performing,High
LOAN0002577,CUST007487,credit card,GBP,7600350.25,16.75,Watch,High
LOAN0002578,CUST001635,mortgage,INR,5582388.52,13.09,Performing,Medium
LOAN0002579,CUST009377,working capital,USD,7481776.22,15.99,Watch,High
LOAN0002580,CUST005428,mortgage,GBP,8293249.7,5.29,NonPerforming,Very High
LOAN0002581,CUST001715,trade finance,INR,226140.02,15.95,Performing,Very High
LOAN0002582,CUST002278,trade finance,GBP,455897.59,11.74,NonPerforming,Very High
LOAN0002583,CUST000144,credit card,INR,1012605.75,7.81,Performing,Medium
LOAN0002584,CUST000189,commercial overdraft,USD,3146194.12,11.81,Watch,High
LOAN0002585,CUST007443,working capital,INR,7233511.3,17.26,NonPerforming,Very High
LOAN0002586,CUST003488,credit card,GBP,7848880.62,5.74,Watch,Low
LOAN0002587,CUST004829,mortgage,INR,1054804.95,16.57,NonPerforming,Low
LOAN0002588,CUST005230,commercial overdraft,USD,5833787.42,6.4,Watch,Very High
LOAN0002589,CUST009962,term loan,USD,9277082.56,6.88,Performing,Low
LOAN0002590,CUST004642,credit card,USD,3801583.67,8.03,NonPerforming,High
LOAN0002591,CUST008605,term loan,USD,8179288.42,10.3,Watch,Medium
LOAN0002592,CUST005782,mortgage,INR,1831377.51,11.33,Watch,High
LOAN0002593,CUST006763,working capital,USD,1628726.52,14.14,Watch,Low
LOAN0002594,CUST000779,term loan,INR,1217565.13,16.45,NonPerforming,Medium
LOAN0002595,CUST002851,term loan,INR,4462322.06,9.2,NonPerforming,Very High
LOAN0002596,CUST005217,term loan,USD,2255394.48,10.85,Watch,Very High
LOAN0002597,CUST001968,commercial overdraft,GBP,1412855.08,15.42,Performing,Low
LOAN0002598,CUST001253,commercial overdraft,INR,6955779.39,5.05,Watch,Low
LOAN0002599,CUST005007,commercial overdraft,USD,882945.58,11.61,Watch,Medium
LOAN0002600,CUST003081,mortgage,USD,8513099.93,12.0,Watch,High
LOAN0002601,CUST000453,term loan,INR,2859966.03,5.82,NonPerforming,Medium
LOAN0002602,CUST004381,commercial overdraft,GBP,6001150.19,10.6,Watch,Medium
LOAN0002603,CUST004220,mortgage,INR,8088582.74,9.24,NonPerforming,Very High
LOAN0002604,CUST005039,working capital,USD,8490515.54,15.95,Watch,High
LOAN0002605,CUST007871,term loan,INR,4949812.63,16.24,Watch,High
LOAN0002606,CUST009039,term loan,INR,7736857.83,14.33,NonPerforming,Low
LOAN0002607,CUST003698,trade finance,INR,7726828.64,8.78,NonPerforming,Very High
LOAN0002608,CUST008708,mortgage,GBP,2806451.82,12.66,Watch,Low
LOAN0002609,CUST001116,mortgage,GBP,3843162.82,10.89,Watch,High
LOAN0002610,CUST006898,commercial overdraft,INR,3092030.29,8.78,Performing,Medium
LOAN0002611,CUST000210,working capital,INR,3100695.15,13.94,NonPerforming,High
LOAN0002612,CUST002615,working capital,GBP,1897023.74,5.33,NonPerforming,High
LOAN0002613,CUST001106,commercial overdraft,GBP,7397818.77,9.7,Performing,Medium
LOAN0002614,CUST008923,commercial overdraft,GBP,2846606.83,11.25,NonPerforming,Very High
LOAN0002615,CUST005405,trade finance,INR,1950528.67,15.04,Watch,High
LOAN0002616,CUST001928,trade finance,GBP,364190.19,13.32,NonPerforming,Medium
LOAN0002617,CUST003122,trade finance,GBP,9871278.3,15.06,NonPerforming,Very High
LOAN0002618,CUST007450,mortgage,GBP,2174068.93,6.8,Performing,Very High
LOAN0002619,CUST009063,working capital,INR,4347339.53,9.22,Watch,Medium
LOAN0002620,CUST005260,trade finance,USD,6486859.3,5.88,Performing,Low
LOAN0002621,CUST006174,mortgage,INR,1347560.01,7.77,Performing,Low
LOAN0002622,CUST003159,commercial overdraft,INR,5323662.49,7.93,Watch,Medium
LOAN0002623,CUST003692,trade finance,INR,1784106.47,13.67,Performing,Low
LOAN0002624,CUST000644,term loan,INR,1873377.5,6.77,NonPerforming,Medium
LOAN0002625,CUST005384,commercial overdraft,GBP,5513108.64,7.32,NonPerforming,Low
LOAN0002626,CUST001475,mortgage,INR,6892841.82,11.27,Watch,Low
LOAN0002627,CUST000216,mortgage,USD,3665634.79,7.89,Watch,High
LOAN0002628,CUST007456,credit card,USD,3885209.89,12.25,Watch,Low
LOAN0002629,CUST002435,term loan,USD,8527559.64,6.32,Performing,Low
LOAN0002630,CUST000095,mortgage,USD,563446.62,14.84,NonPerforming,Medium
LOAN0002631,CUST004384,commercial overdraft,USD,9910920.92,15.05,Watch,Low
LOAN0002632,CUST001270,commercial overdraft,GBP,2543007.55,15.57,NonPerforming,High
LOAN0002633,CUST000190,credit card,GBP,9867825.88,17.27,Performing,High
LOAN0002634,CUST004506,working capital,USD,3786837.1,7.55,Performing,Low
LOAN0002635,CUST000018,commercial overdraft,INR,5220059.89,11.94,Performing,Very High
LOAN0002636,CUST006589,term loan,USD,9580731.07,12.66,NonPerforming,Low
LOAN0002637,CUST002321,trade finance,GBP,6934924.86,12.59,NonPerforming,Medium
LOAN0002638,CUST001068,credit card,USD,222509.3,9.81,Performing,Medium
LOAN0002639,CUST004651,working capital,GBP,7677247.73,17.53,Performing,Very High
LOAN0002640,CUST001812,term loan,INR,2340465.09,17.12,Performing,Very High
LOAN0002641,CUST008011,commercial overdraft,USD,5828927.26,17.33,Performing,Very High
LOAN0002642,CUST005538,term loan,GBP,1985712.99,11.49,NonPerforming,Medium
LOAN0002643,CUST000686,mortgage,GBP,3665682.64,6.43,NonPerforming,Medium
LOAN0002644,CUST009772,working capital,INR,899612.44,9.46,NonPerforming,Very High
LOAN0002645,CUST009990,credit card,USD,8558343.17,8.89,Watch,Medium
LOAN0002646,CUST003517,working capital,GBP,5109326.66,12.19,Watch,Medium
LOAN0002647,CUST002225,commercial overdraft,INR,6404411.49,7.78,NonPerforming,Medium
LOAN0002648,CUST008966,mortgage,INR,6666761.2,7.44,NonPerforming,Low
LOAN0002649,CUST007303,mortgage,GBP,8240795.92,14.55,Watch,Medium
LOAN0002650,CUST003265,commercial overdraft,INR,2761874.71,16.05,Performing,Medium
LOAN0002651,CUST000330,mortgage,USD,160562.57,14.72,Performing,Medium
LOAN0002652,CUST006701,mortgage,GBP,484505.65,12.99,Performing,Medium
LOAN0002653,CUST006896,commercial overdraft,USD,7808162.63,7.0,Watch,Medium
LOAN0002654,CUST004150,mortgage,INR,4413577.91,16.33,NonPerforming,Low
LOAN0002655,CUST006127,credit card,INR,8652797.52,9.37,NonPerforming,Very High
LOAN0002656,CUST001448,trade finance,GBP,3297961.41,17.14,NonPerforming,Low
LOAN0002657,CUST001972,mortgage,INR,6332092.66,5.46,Performing,Medium
LOAN0002658,CUST007512,mortgage,INR,6528720.82,17.03,NonPerforming,Medium
LOAN0002659,CUST005115,commercial overdraft,GBP,6944678.47,11.91,Watch,Medium
LOAN0002660,CUST006034,term loan,INR,8282451.17,15.82,Performing,High
LOAN0002661,CUST009077,credit card,INR,7053311.23,16.47,Performing,Very High
LOAN0002662,CUST008279,commercial overdraft,GBP,3352123.84,17.65,NonPerforming,Medium
LOAN0002663,CUST001422,credit card,INR,556040.54,12.69,NonPerforming,Medium
LOAN0002664,CUST008467,term loan,INR,8290739.45,6.5,Watch,High
LOAN0002665,CUST000755,credit card,INR,2914483.15,11.56,Performing,Low
LOAN0002666,CUST004556,trade finance,GBP,1203378.59,14.05,Performing,High
LOAN0002667,CUST002448,commercial overdraft,USD,8457759.37,15.15,NonPerforming,High
LOAN0002668,CUST008791,trade finance,INR,7023396.56,6.01,Performing,Low
LOAN0002669,CUST006044,commercial overdraft,USD,6612332.32,15.59,Performing,High
LOAN0002670,CUST002107,term loan,USD,2986013.37,5.26,Watch,Medium
LOAN0002671,CUST008663,working capital,USD,5610738.56,8.16,Watch,Low
LOAN0002672,CUST009443,trade finance,GBP,8364374.44,9.4,NonPerforming,Medium
LOAN0002673,CUST003374,working capital,USD,1911537.46,14.28,NonPerforming,High
LOAN0002674,CUST006981,commercial overdraft,USD,2504896.55,8.17,Watch,Very High
LOAN0002675,CUST000168,trade finance,USD,49886.93,7.84,NonPerforming,Very High
LOAN0002676,CUST007370,commercial overdraft,INR,1574554.09,14.99,Performing,Low
LOAN0002677,CUST001187,term loan,USD,7345579.93,5.71,Watch,High
LOAN0002678,CUST007764,trade finance,GBP,7153084.86,7.33,NonPerforming,Very High
LOAN0002679,CUST005610,commercial overdraft,INR,6615670.5,15.56,Watch,High
LOAN0002680,CUST002673,term loan,USD,1968581.98,5.05,Watch,Medium
LOAN0002681,CUST005712,trade finance,INR,6858943.1,16.93,Watch,Very High
LOAN0002682,CUST002560,mortgage,GBP,9215728.02,17.01,NonPerforming,Medium
LOAN0002683,CUST007150,term loan,GBP,7857839.35,14.53,Watch,Very High
LOAN0002684,CUST004908,working capital,GBP,190893.29,17.51,Performing,Medium
LOAN0002685,CUST003175,commercial overdraft,USD,1743566.55,13.69,Watch,Very High
LOAN0002686,CUST005637,commercial overdraft,GBP,2254360.78,16.22,Watch,High
LOAN0002687,CUST009570,working capital,INR,3286843.15,16.85,Watch,Medium
LOAN0002688,CUST009347,trade finance,USD,8982162.72,10.34,Watch,Low
LOAN0002689,CUST007452,working capital,INR,6967946.13,11.96,NonPerforming,Low
LOAN0002690,CUST005034,term loan,GBP,4792629.96,8.44,Watch,High
LOAN0002691,CUST003323,working capital,GBP,6430788.56,5.82,Performing,High
LOAN0002692,CUST009020,mortgage,INR,7439476.64,6.18,Watch,Medium
LOAN0002693,CUST004280,commercial overdraft,INR,9449664.43,11.84,Performing,Very High
LOAN0002694,CUST003818,term loan,GBP,6596244.41,8.21,Performing,Medium
LOAN0002695,CUST007131,trade finance,INR,5243999.24,7.22,Watch,Medium
LOAN0002696,CUST007098,working capital,USD,3390444.28,6.96,NonPerforming,Low
LOAN0002697,CUST004417,credit card,USD,514970.88,15.35,Watch,Low
LOAN0002698,CUST009865,credit card,GBP,5357020.48,6.09,Watch,Very High
LOAN0002699,CUST006451,commercial overdraft,USD,9960955.44,16.76,Watch,Low
LOAN0002700,CUST008706,credit card,USD,1671577.48,11.99,Performing,Medium
LOAN0002701,CUST003514,trade finance,USD,2888617.72,14.31,NonPerforming,Low
LOAN0002702,CUST008440,mortgage,INR,6431925.84,15.27,Watch,Low
LOAN0002703,CUST002818,credit card,INR,8670297.18,6.07,NonPerforming,Low
LOAN0002704,CUST009906,working capital,INR,5320618.67,14.13,Watch,Low
LOAN0002705,CUST003557,credit card,USD,3305679.57,8.0,Watch,Medium
LOAN0002706,CUST006136,commercial overdraft,USD,5793926.84,10.35,Watch,Very High
LOAN0002707,CUST005021,mortgage,INR,276307.58,9.86,NonPerforming,Very High
LOAN0002708,CUST004902,credit card,INR,9181427.92,6.23,NonPerforming,Medium
LOAN0002709,CUST005629,working capital,USD,7139137.51,5.1,NonPerforming,High
LOAN0002710,CUST008910,mortgage,INR,5099917.72,9.41,Watch,Low
LOAN0002711,CUST004503,working capital,USD,3243003.9,8.9,Watch,Very High
LOAN0002712,CUST007639,working capital,USD,6255987.62,14.62,Watch,Very High
LOAN0002713,CUST006886,credit card,USD,7321315.4,6.35,NonPerforming,Very High
LOAN0002714,CUST007106,working capital,USD,3530712.32,17.34,NonPerforming,Medium
LOAN0002715,CUST002353,term loan,GBP,5836346.99,11.12,Watch,Very High
LOAN0002716,CUST003301,working capital,USD,2556497.15,17.91,Watch,High
LOAN0002717,CUST002072,commercial overdraft,GBP,5207491.96,11.25,Watch,High
LOAN0002718,CUST002471,term loan,INR,6368551.41,5.31,Watch,Very High
LOAN0002719,CUST005093,term loan,USD,9526212.58,10.9,NonPerforming,Low
LOAN0002720,CUST003288,credit card,USD,7979640.48,17.08,Performing,Low
LOAN0002721,CUST000738,term loan,INR,9115545.57,11.44,NonPerforming,Low
LOAN0002722,CUST003079,credit card,INR,7754398.2,12.8,NonPerforming,High
LOAN0002723,CUST009093,trade finance,INR,644810.48,5.45,NonPerforming,Low
LOAN0002724,CUST002665,commercial overdraft,INR,4101171.66,12.64,Performing,High
LOAN0002725,CUST006912,trade finance,INR,688126.23,7.17,NonPerforming,Medium
LOAN0002726,CUST002247,working capital,GBP,7884203.58,7.56,Watch,Low
LOAN0002727,CUST000293,mortgage,INR,6683470.93,7.49,Performing,Very High
LOAN0002728,CUST009258,commercial overdraft,USD,5930181.09,5.39,NonPerforming,High
LOAN0002729,CUST006149,mortgage,GBP,7189704.16,12.51,Watch,High
LOAN0002730,CUST003771,term loan,INR,9065653.95,7.0,Watch,Very High
LOAN0002731,CUST008745,working capital,GBP,6347234.67,17.83,Watch,Medium
LOAN0002732,CUST001941,mortgage,GBP,4176053.81,14.66,NonPerforming,Medium
LOAN0002733,CUST008194,mortgage,INR,4555881.88,14.94,NonPerforming,Medium
LOAN0002734,CUST005714,working capital,GBP,5146218.44,14.15,NonPerforming,High
LOAN0002735,CUST006985,term loan,INR,6067665.92,17.73,NonPerforming,Medium
LOAN0002736,CUST007892,trade finance,USD,8833272.65,15.16,Performing,Medium
LOAN0002737,CUST000004,commercial overdraft,USD,4259248.84,15.33,Watch,Very High
LOAN0002738,CUST008950,credit card,GBP,6755251.55,17.19,Performing,Very High
LOAN0002739,CUST008956,term loan,GBP,2302855.14,10.79,Performing,Very High
LOAN0002740,CUST008407,commercial overdraft,USD,4406971.37,16.62,NonPerforming,Very High
LOAN0002741,CUST007718,commercial overdraft,INR,7525805.14,11.74,NonPerforming,High
LOAN0002742,CUST004099,credit card,GBP,1654030.01,15.94,Performing,Very High
LOAN0002743,CUST001773,mortgage,GBP,4288078.56,6.42,NonPerforming,Medium
LOAN0002744,CUST007273,credit card,USD,3548601.79,5.74,Performing,Low
LOAN0002745,CUST006335,term loan,INR,7222023.14,9.23,Watch,Low
LOAN0002746,CUST001726,credit card,USD,7229013.53,17.14,Performing,Medium
LOAN0002747,CUST004612,mortgage,GBP,1793124.48,5.21,Performing,Medium
LOAN0002748,CUST009434,mortgage,USD,5356442.83,7.41,NonPerforming,Low
LOAN0002749,CUST001306,credit card,GBP,2330865.42,12.52,Performing,High
LOAN0002750,CUST002358,commercial overdraft,GBP,355228.58,10.3,NonPerforming,Very High
LOAN0002751,CUST001058,mortgage,INR,2073229.63,16.55,Performing,Low
LOAN0002752,CUST004587,working capital,INR,2699183.52,9.44,NonPerforming,Medium
LOAN0002753,CUST004031,commercial overdraft,GBP,6520122.95,7.27,Watch,Medium
LOAN0002754,CUST002669,term loan,INR,2203584.08,5.86,Performing,Medium
LOAN0002755,CUST004981,working capital,USD,5572356.59,15.44,Watch,Low
LOAN0002756,CUST005070,working capital,GBP,6195589.25,7.47,NonPerforming,High
LOAN0002757,CUST000980,commercial overdraft,USD,2590659.06,6.12,Watch,Low
LOAN0002758,CUST009934,mortgage,GBP,1300465.95,5.7,NonPerforming,Medium
LOAN0002759,CUST006184,commercial overdraft,GBP,9558713.03,13.8,Performing,Very High
LOAN0002760,CUST005620,credit card,USD,1779359.08,5.69,Performing,High
LOAN0002761,CUST003158,working capital,INR,9414852.49,8.87,NonPerforming,High
LOAN0002762,CUST001198,working capital,GBP,5600291.18,8.58,Performing,High
LOAN0002763,CUST000647,working capital,USD,1271385.85,9.36,Watch,Very High
LOAN0002764,CUST000619,term loan,INR,336379.04,14.85,NonPerforming,High
LOAN0002765,CUST001229,commercial overdraft,INR,5081541.66,12.94,NonPerforming,Low
LOAN0002766,CUST009571,term loan,USD,5872531.4,15.45,Performing,Medium
LOAN0002767,CUST006836,trade finance,USD,1829289.41,8.35,Watch,Medium
LOAN0002768,CUST001433,credit card,GBP,4320709.97,13.89,Performing,Very High
LOAN0002769,CUST001589,credit card,USD,5978268.6,13.05,NonPerforming,High
LOAN0002770,CUST003269,commercial overdraft,INR,6560305.81,10.66,Performing,Medium
LOAN0002771,CUST005294,working capital,GBP,956973.05,11.99,Performing,Very High
LOAN0002772,CUST009328,mortgage,USD,9304776.0,15.43,NonPerforming,Medium
LOAN0002773,CUST007945,trade finance,USD,8346138.93,9.27,NonPerforming,Low
LOAN0002774,CUST006600,trade finance,INR,4112204.68,5.82,Watch,Low
LOAN0002775,CUST004955,trade finance,USD,248608.75,10.18,Performing,Medium
LOAN0002776,CUST008674,working capital,INR,3994050.9,8.72,NonPerforming,Low
LOAN0002777,CUST005016,commercial overdraft,INR,4083671.09,12.3,NonPerforming,High
LOAN0002778,CUST005714,commercial overdraft,INR,8264198.24,6.33,Performing,Low
LOAN0002779,CUST005835,term loan,GBP,5549285.13,12.68,NonPerforming,Very High
LOAN0002780,CUST000410,trade finance,INR,4588531.94,8.27,Watch,Medium
LOAN0002781,CUST009580,commercial overdraft,USD,2445101.96,13.38,NonPerforming,Low
LOAN0002782,CUST000816,trade finance,INR,8128286.09,8.61,NonPerforming,Very High
LOAN0002783,CUST005563,trade finance,USD,3879363.5,6.25,Watch,Low
LOAN0002784,CUST004218,term loan,INR,1706824.57,7.35,NonPerforming,Medium
LOAN0002785,CUST003289,commercial overdraft,USD,1817748.02,7.31,Watch,Very High
LOAN0002786,CUST000410,term loan,USD,5864904.96,7.86,Watch,High
LOAN0002787,CUST004155,mortgage,USD,9608279.86,7.41,Watch,Low
LOAN0002788,CUST006403,working capital,GBP,5693080.12,7.42,NonPerforming,Low
LOAN0002789,CUST005459,credit card,INR,6763609.43,5.51,Watch,Very High
LOAN0002790,CUST003423,mortgage,INR,1782126.16,9.59,Performing,Low
LOAN0002791,CUST001713,trade finance,GBP,763937.52,8.68,Watch,Very High
LOAN0002792,CUST006444,trade finance,INR,9591899.55,13.82,Watch,Medium
LOAN0002793,CUST004360,mortgage,INR,8020032.02,7.22,Watch,Medium
LOAN0002794,CUST006164,trade finance,INR,5298407.09,8.29,Performing,Very High
LOAN0002795,CUST002560,credit card,USD,6930188.01,17.91,Performing,High
LOAN0002796,CUST005408,trade finance,GBP,1728363.97,6.2,Watch,Very High
LOAN0002797,CUST000598,mortgage,INR,767197.97,7.12,Watch,High
LOAN0002798,CUST004163,working capital,USD,780567.57,12.77,Performing,Low
LOAN0002799,CUST009841,term loan,GBP,3357547.63,10.59,Watch,Very High
LOAN0002800,CUST006532,term loan,GBP,181762.97,5.61,NonPerforming,Medium
LOAN0002801,CUST002994,credit card,INR,9595571.36,7.45,Watch,Medium
LOAN0002802,CUST006128,working capital,GBP,5217491.42,13.03,Performing,Very High
LOAN0002803,CUST004487,term loan,USD,2305166.71,9.93,NonPerforming,Very High
LOAN0002804,CUST001537,credit card,INR,8273844.98,12.42,Performing,High
LOAN0002805,CUST000331,mortgage,GBP,14632.96,8.75,Watch,Very High
LOAN0002806,CUST000303,credit card,INR,3274976.26,10.37,NonPerforming,Very High
LOAN0002807,CUST005281,term loan,USD,3459265.54,13.08,Watch,High
LOAN0002808,CUST005857,credit card,INR,1452341.71,7.63,Watch,Low
LOAN0002809,CUST002461,mortgage,INR,1384808.88,12.77,NonPerforming,Low
LOAN0002810,CUST009294,mortgage,USD,2423294.55,12.2,Watch,Low
LOAN0002811,CUST004474,mortgage,INR,2107769.41,12.52,Performing,Low
LOAN0002812,CUST001393,trade finance,INR,9421262.62,7.3,NonPerforming,Very High
LOAN0002813,CUST003315,commercial overdraft,USD,4230414.59,15.32,Watch,Medium
LOAN0002814,CUST009931,credit card,USD,7384329.9,9.72,Watch,Low
LOAN0002815,CUST005545,mortgage,USD,4277334.15,15.89,Performing,Very High
LOAN0002816,CUST000936,working capital,GBP,8441645.26,14.04,Watch,Very High
LOAN0002817,CUST006931,commercial overdraft,USD,8035598.36,16.37,Watch,Very High
LOAN0002818,CUST002567,working capital,GBP,4123073.86,11.16,Watch,Very High
LOAN0002819,CUST006666,mortgage,USD,3138434.15,17.38,Watch,Very High
LOAN0002820,CUST009505,trade finance,USD,8040139.46,15.88,Performing,Very High
LOAN0002821,CUST006421,mortgage,GBP,3835510.66,16.42,Performing,Low
LOAN0002822,CUST005450,term loan,GBP,4094828.75,15.94,Watch,Medium
LOAN0002823,CUST008218,term loan,USD,5383123.35,5.2,Performing,Very High
LOAN0002824,CUST009673,term loan,GBP,7552896.7,16.02,Watch,High
LOAN0002825,CUST000874,working capital,INR,9416988.88,7.18,Performing,Medium
LOAN0002826,CUST002429,credit card,INR,1443057.52,9.29,Performing,Low
LOAN0002827,CUST002161,mortgage,INR,7422613.46,9.62,Watch,Medium
LOAN0002828,CUST009515,mortgage,USD,5242166.77,17.86,NonPerforming,Low
LOAN0002829,CUST002273,mortgage,INR,8400461.55,7.73,Performing,Medium
LOAN0002830,CUST001152,commercial overdraft,USD,9441896.58,17.59,Watch,Very High
LOAN0002831,CUST008081,trade finance,GBP,8184080.93,11.54,Performing,Low
LOAN0002832,CUST002916,working capital,USD,1672700.26,6.1,Performing,Low
LOAN0002833,CUST004431,credit card,GBP,5315075.23,14.3,Watch,Low
LOAN0002834,CUST006065,credit card,GBP,7679227.55,17.63,Performing,Very High
LOAN0002835,CUST008232,working capital,USD,1825569.64,13.38,Performing,Medium
LOAN0002836,CUST003138,credit card,INR,3422677.46,7.36,Performing,Medium
LOAN0002837,CUST003388,working capital,USD,4275252.6,14.05,Performing,Very High
LOAN0002838,CUST004805,working capital,GBP,4989767.49,5.99,Watch,Low
LOAN0002839,CUST003074,mortgage,INR,1799778.43,16.56,NonPerforming,Low
LOAN0002840,CUST009230,term loan,USD,2703775.65,16.47,NonPerforming,Low
LOAN0002841,CUST007372,mortgage,INR,4338560.9,9.29,Performing,Low
LOAN0002842,CUST001687,mortgage,INR,8634290.08,7.0,Watch,High
LOAN0002843,CUST004161,term loan,GBP,1577208.92,12.3,Watch,Medium
LOAN0002844,CUST004333,mortgage,INR,4722376.59,10.6,NonPerforming,High
LOAN0002845,CUST007579,commercial overdraft,INR,8984774.59,6.3,Watch,High
LOAN0002846,CUST009387,working capital,USD,9922495.82,12.4,NonPerforming,Medium
LOAN0002847,CUST006564,mortgage,INR,4687469.01,9.18,Watch,Medium
LOAN0002848,CUST004172,commercial overdraft,GBP,5340741.13,10.49,Performing,Medium
LOAN0002849,CUST008414,commercial overdraft,GBP,6738729.89,8.08,NonPerforming,Very High
LOAN0002850,CUST005384,commercial overdraft,GBP,1312651.44,6.96,NonPerforming,Medium
LOAN0002851,CUST003209,working capital,GBP,7955887.14,13.21,Watch,High
LOAN0002852,CUST002797,term loan,GBP,4480785.6,7.93,Performing,Low
LOAN0002853,CUST007382,working capital,USD,7090946.24,7.68,Performing,High
LOAN0002854,CUST003605,working capital,INR,3884430.78,12.06,NonPerforming,Medium
LOAN0002855,CUST005991,working capital,INR,2043022.09,14.8,Performing,High
LOAN0002856,CUST006420,trade finance,USD,7115707.75,10.04,Watch,Low
LOAN0002857,CUST009697,term loan,INR,7966378.29,12.54,NonPerforming,Very High
LOAN0002858,CUST001762,mortgage,USD,5858049.93,9.7,Performing,Very High
LOAN0002859,CUST002549,trade finance,GBP,6101226.78,5.79,Performing,Low
LOAN0002860,CUST000752,trade finance,USD,3392334.53,13.43,NonPerforming,High
LOAN0002861,CUST006453,term loan,GBP,4923917.44,7.25,NonPerforming,Medium
LOAN0002862,CUST004122,term loan,GBP,4779977.24,11.77,Performing,Low
LOAN0002863,CUST009098,credit card,INR,4070129.08,12.87,Performing,Very High
LOAN0002864,CUST007849,mortgage,GBP,8571518.85,11.22,Watch,Very High
LOAN0002865,CUST007951,credit card,USD,5945415.52,14.91,NonPerforming,Very High
LOAN0002866,CUST007400,credit card,GBP,5314440.53,5.83,Performing,Medium
LOAN0002867,CUST007007,credit card,INR,5235639.48,16.33,Watch,High
LOAN0002868,CUST005927,mortgage,GBP,2236921.33,11.03,NonPerforming,Very High
LOAN0002869,CUST004232,term loan,INR,3824963.59,10.18,NonPerforming,Medium
LOAN0002870,CUST005162,term loan,USD,8085150.04,10.94,NonPerforming,Low
LOAN0002871,CUST005500,commercial overdraft,GBP,6621069.78,15.84,Watch,Very High
LOAN0002872,CUST005376,mortgage,USD,9141784.75,16.1,NonPerforming,Medium
LOAN0002873,CUST009228,term loan,GBP,8996407.93,6.79,Performing,High
LOAN0002874,CUST009001,working capital,USD,562744.81,17.61,Performing,Low
LOAN0002875,CUST005569,working capital,INR,3001280.23,11.76,NonPerforming,High
LOAN0002876,CUST004392,mortgage,GBP,814520.52,9.33,Performing,Very High
LOAN0002877,CUST006407,credit card,INR,5944799.62,10.0,NonPerforming,Medium
LOAN0002878,CUST008472,mortgage,INR,9544116.5,5.78,NonPerforming,Low
LOAN0002879,CUST007348,working capital,USD,3971132.57,8.49,NonPerforming,Very High
LOAN0002880,CUST009371,term loan,USD,1404624.14,13.84,NonPerforming,Low
LOAN0002881,CUST004416,working capital,INR,9921842.91,17.16,Performing,High
LOAN0002882,CUST008838,commercial overdraft,USD,6105045.7,15.15,NonPerforming,Medium
LOAN0002883,CUST004419,credit card,GBP,1481179.11,9.36,Watch,Very High
LOAN0002884,CUST005291,working capital,USD,858828.63,15.94,Performing,Very High
LOAN0002885,CUST009697,working capital,INR,5162931.75,11.48,NonPerforming,Very High
LOAN0002886,CUST000856,term loan,INR,5054918.08,13.49,NonPerforming,High
LOAN0002887,CUST006639,term loan,USD,585453.38,10.32,Performing,Very High
LOAN0002888,CUST000878,mortgage,USD,9244667.93,16.33,NonPerforming,Medium
LOAN0002889,CUST006532,mortgage,GBP,5898084.96,9.32,NonPerforming,High
LOAN0002890,CUST008982,credit card,GBP,8625657.77,11.42,Watch,Low
LOAN0002891,CUST001927,term loan,GBP,5146286.38,7.71,Watch,High
LOAN0002892,CUST009498,credit card,INR,1056059.14,9.67,Performing,Low
LOAN0002893,CUST004780,trade finance,INR,5498947.89,12.94,Performing,High
LOAN0002894,CUST003271,mortgage,GBP,1277861.86,9.58,NonPerforming,High
LOAN0002895,CUST004848,trade finance,INR,4193687.14,8.04,NonPerforming,Very High
LOAN0002896,CUST001235,working capital,USD,4096739.82,14.29,Performing,Very High
LOAN0002897,CUST003334,mortgage,INR,1609352.58,5.39,Performing,High
LOAN0002898,CUST003272,trade finance,INR,9837447.4,16.9,Performing,High
LOAN0002899,CUST002277,credit card,GBP,612043.96,17.28,NonPerforming,Low
LOAN0002900,CUST007886,mortgage,USD,1713787.32,5.21,Watch,High
LOAN0002901,CUST002156,term loan,INR,6385990.21,17.34,NonPerforming,Low
LOAN0002902,CUST000562,credit card,GBP,9131202.72,15.89,Performing,Very High
LOAN0002903,CUST004779,credit card,GBP,1099831.59,14.84,Watch,Very High
LOAN0002904,CUST008142,working capital,INR,3567549.45,7.24,Performing,Medium
LOAN0002905,CUST003757,trade finance,INR,5403946.49,8.1,Performing,Low
LOAN0002906,CUST007815,mortgage,USD,5828329.19,15.61,Watch,Low
LOAN0002907,CUST007667,commercial overdraft,USD,5564096.25,13.98,NonPerforming,Very High
LOAN0002908,CUST002463,commercial overdraft,INR,8920559.32,17.88,Watch,Very High
LOAN0002909,CUST000215,credit card,GBP,470171.49,7.32,Performing,Very High
LOAN0002910,CUST001365,commercial overdraft,GBP,1424164.76,9.93,Performing,Very High
LOAN0002911,CUST007255,mortgage,USD,6739400.98,8.86,NonPerforming,Very High
LOAN0002912,CUST006877,commercial overdraft,GBP,8742841.83,8.68,Watch,Very High
LOAN0002913,CUST004032,term loan,GBP,4031892.22,16.48,NonPerforming,Low
LOAN0002914,CUST001160,commercial overdraft,INR,1165158.74,6.56,Performing,Very High
LOAN0002915,CUST004506,credit card,GBP,947423.46,10.26,NonPerforming,Medium
LOAN0002916,CUST009110,term loan,USD,3931914.95,14.79,Performing,Low
LOAN0002917,CUST003357,working capital,USD,7033995.64,7.7,Watch,Medium
LOAN0002918,CUST007776,credit card,INR,6027992.84,15.68,NonPerforming,Medium
LOAN0002919,CUST001049,trade finance,INR,3892459.18,5.38,Performing,Medium
LOAN0002920,CUST009812,commercial overdraft,GBP,8299445.65,15.47,Watch,High
LOAN0002921,CUST007829,term loan,GBP,5654105.89,9.41,Watch,Low
LOAN0002922,CUST009313,term loan,USD,1455672.48,8.19,NonPerforming,Medium
LOAN0002923,CUST001655,credit card,GBP,8522904.94,17.98,NonPerforming,Low
LOAN0002924,CUST003089,working capital,GBP,3605397.98,7.88,Watch,Low
LOAN0002925,CUST009948,mortgage,GBP,5310367.46,17.01,NonPerforming,High
LOAN0002926,CUST007884,credit card,USD,1476968.66,11.18,Performing,Low
LOAN0002927,CUST001308,trade finance,USD,9115321.37,5.93,Watch,Low
LOAN0002928,CUST007568,term loan,USD,2362011.11,13.88,NonPerforming,Very High
LOAN0002929,CUST001070,commercial overdraft,USD,7849114.15,11.74,Performing,Medium
LOAN0002930,CUST004152,commercial overdraft,GBP,1138909.92,5.94,Watch,Very High
LOAN0002931,CUST001176,credit card,USD,7252741.06,8.84,Watch,Medium
LOAN0002932,CUST002902,commercial overdraft,GBP,853440.22,6.65,Performing,High
LOAN0002933,CUST000069,commercial overdraft,GBP,4532661.7,10.22,NonPerforming,High
LOAN0002934,CUST008269,credit card,GBP,5345872.71,10.65,NonPerforming,Low
LOAN0002935,CUST009015,term loan,USD,4463255.85,13.1,NonPerforming,Very High
LOAN0002936,CUST001617,term loan,INR,9496771.52,10.39,NonPerforming,Very High
LOAN0002937,CUST000082,trade finance,USD,4326780.56,5.89,Performing,Very High
LOAN0002938,CUST003352,term loan,GBP,4818015.88,13.93,NonPerforming,Very High
LOAN0002939,CUST000763,working capital,USD,9549079.89,14.32,Watch,Low
LOAN0002940,CUST006076,working capital,GBP,2198775.03,10.41,Performing,High
LOAN0002941,CUST009241,commercial overdraft,INR,1646677.9,15.96,NonPerforming,Very High
LOAN0002942,CUST001965,trade finance,INR,7246927.91,16.84,NonPerforming,Very High
LOAN0002943,CUST000971,mortgage,INR,3564988.17,15.91,Performing,Medium
LOAN0002944,CUST003125,trade finance,INR,8542964.64,8.37,Performing,Medium
LOAN0002945,CUST003418,commercial overdraft,INR,3487825.24,10.46,NonPerforming,Low
LOAN0002946,CUST002404,mortgage,GBP,7988909.05,12.69,Watch,Medium
LOAN0002947,CUST001025,trade finance,INR,2782665.45,12.51,NonPerforming,Very High
LOAN0002948,CUST006045,mortgage,GBP,4663483.6,13.98,NonPerforming,Low
LOAN0002949,CUST009670,credit card,USD,3991782.64,13.82,Watch,Low
LOAN0002950,CUST004702,trade finance,GBP,1572257.14,16.19,Performing,Low
LOAN0002951,CUST001371,working capital,INR,9839297.73,11.47,NonPerforming,Medium
LOAN0002952,CUST007925,working capital,INR,1325326.19,14.94,NonPerforming,Low
LOAN0002953,CUST003226,trade finance,GBP,2893477.93,7.5,Watch,Medium
LOAN0002954,CUST001186,commercial overdraft,INR,6648969.01,9.85,NonPerforming,High
LOAN0002955,CUST006986,commercial overdraft,INR,1757942.4,13.26,NonPerforming,High
LOAN0002956,CUST003625,term loan,INR,2890245.6,17.06,Watch,Very High
LOAN0002957,CUST002300,trade finance,USD,167682.97,14.83,NonPerforming,Medium
LOAN0002958,CUST001870,trade finance,GBP,4406820.51,16.89,Performing,Very High
LOAN0002959,CUST001862,mortgage,INR,9287299.78,10.31,NonPerforming,Low
LOAN0002960,CUST002131,trade finance,GBP,1413010.74,16.77,NonPerforming,High
LOAN0002961,CUST009419,term loan,INR,7119110.84,10.29,Performing,Very High
LOAN0002962,CUST008792,trade finance,INR,6789988.04,5.3,Watch,High
LOAN0002963,CUST001997,mortgage,USD,6603846.55,6.48,Watch,Very High
LOAN0002964,CUST002200,working capital,USD,2695076.28,14.14,NonPerforming,Low
LOAN0002965,CUST001544,term loan,USD,5710969.99,16.7,NonPerforming,High
LOAN0002966,CUST001648,working capital,INR,6900612.6,14.37,Performing,High
LOAN0002967,CUST007701,commercial overdraft,USD,7704617.57,13.41,Performing,Medium
LOAN0002968,CUST005347,commercial overdraft,GBP,1948820.13,12.19,NonPerforming,Low
LOAN0002969,CUST004182,term loan,GBP,3304067.84,9.81,NonPerforming,High
LOAN0002970,CUST000184,working capital,GBP,1541217.06,13.23,NonPerforming,High
LOAN0002971,CUST009334,credit card,GBP,5160722.68,11.79,NonPerforming,High
LOAN0002972,CUST007388,credit card,USD,1161744.33,16.43,NonPerforming,Medium
LOAN0002973,CUST002063,trade finance,INR,2240470.73,6.45,NonPerforming,Medium
LOAN0002974,CUST005811,credit card,INR,9397132.47,12.45,NonPerforming,High
LOAN0002975,CUST004042,working capital,INR,6316435.59,15.45,Watch,Low
LOAN0002976,CUST003210,term loan,GBP,8428043.42,16.49,Watch,Low
LOAN0002977,CUST007687,working capital,GBP,5392750.36,16.58,Watch,High
LOAN0002978,CUST006749,working capital,INR,488767.22,7.49,Performing,Very High
LOAN0002979,CUST004576,working capital,INR,8627975.54,13.49,Performing,Very High
LOAN0002980,CUST006497,commercial overdraft,INR,8387502.35,6.19,Watch,High
LOAN0002981,CUST009396,credit card,INR,3660362.31,17.34,NonPerforming,Very High
LOAN0002982,CUST003078,commercial overdraft,INR,9821768.13,7.44,Watch,Medium
LOAN0002983,CUST001810,trade finance,INR,1656361.05,15.42,Watch,Very High
LOAN0002984,CUST005983,credit card,USD,6130730.62,5.44,Performing,Low
LOAN0002985,CUST008216,mortgage,INR,6897721.28,13.62,Watch,Medium
LOAN0002986,CUST004364,working capital,INR,1434042.99,12.49,Watch,High
LOAN0002987,CUST007571,commercial overdraft,INR,649784.54,13.14,Watch,Very High
LOAN0002988,CUST005618,trade finance,GBP,59825.53,11.94,Performing,Very High
LOAN0002989,CUST009365,term loan,USD,2096443.28,12.33,NonPerforming,High
LOAN0002990,CUST007516,trade finance,USD,8789840.91,14.78,NonPerforming,High
LOAN0002991,CUST007539,mortgage,INR,5134470.92,12.66,Performing,Low
LOAN0002992,CUST009609,working capital,INR,6379456.18,6.27,Performing,Low
LOAN0002993,CUST007172,commercial overdraft,INR,1281842.89,11.79,Performing,Very High
LOAN0002994,CUST008473,commercial overdraft,INR,3020156.14,16.2,Performing,Low
LOAN0002995,CUST001397,trade finance,GBP,1385902.89,6.67,Watch,Medium
LOAN0002996,CUST007603,commercial overdraft,USD,8369903.06,6.13,Watch,High
LOAN0002997,CUST000995,credit card,GBP,5675608.47,13.44,Performing,Very High
LOAN0002998,CUST002371,trade finance,GBP,7170049.71,13.26,Performing,Low
LOAN0002999,CUST007483,term loan,GBP,9702654.89,5.37,Performing,High
LOAN0003000,CUST002307,trade finance,GBP,6199350.49,14.52,NonPerforming,High
LOAN0003001,CUST007951,commercial overdraft,GBP,5202328.08,6.62,Watch,Low
LOAN0003002,CUST009260,working capital,INR,9627706.53,17.55,Performing,Very High
LOAN0003003,CUST006769,credit card,USD,8468363.18,9.79,Performing,Very High
LOAN0003004,CUST000815,trade finance,GBP,7198667.21,7.55,Watch,Very High
LOAN0003005,CUST006043,trade finance,GBP,964566.2,5.68,NonPerforming,Medium
LOAN0003006,CUST001872,credit card,INR,1884729.92,9.13,Watch,Very High
LOAN0003007,CUST007585,term loan,GBP,5920645.68,6.79,Performing,Very High
LOAN0003008,CUST009843,term loan,USD,2343369.89,9.28,NonPerforming,Low
LOAN0003009,CUST009013,credit card,INR,5155620.5,15.49,Performing,Low
LOAN0003010,CUST006347,term loan,GBP,3681851.12,8.87,NonPerforming,Very High
LOAN0003011,CUST002472,credit card,GBP,5173684.6,13.38,Performing,Very High
LOAN0003012,CUST005829,trade finance,INR,553165.26,9.19,Performing,High
LOAN0003013,CUST008071,credit card,INR,1697543.78,10.18,Performing,High
LOAN0003014,CUST008686,term loan,INR,2354885.26,11.25,Watch,Low
LOAN0003015,CUST003470,mortgage,GBP,1827921.88,11.38,Watch,Low
LOAN0003016,CUST007148,commercial overdraft,USD,9971383.26,9.95,Watch,Medium
LOAN0003017,CUST002242,term loan,USD,2081956.21,6.55,Watch,Medium
LOAN0003018,CUST001079,commercial overdraft,GBP,898330.57,15.95,Performing,Medium
LOAN0003019,CUST000109,working capital,GBP,7808621.94,14.98,NonPerforming,Low
LOAN0003020,CUST000356,mortgage,INR,7858010.5,15.31,Watch,Medium
LOAN0003021,CUST009242,commercial overdraft,GBP,9397873.54,15.26,Watch,Very High
LOAN0003022,CUST004311,working capital,INR,6596471.13,14.43,Watch,High
LOAN0003023,CUST007705,credit card,INR,907946.87,15.28,Watch,Medium
LOAN0003024,CUST003920,commercial overdraft,INR,8845814.66,10.45,Watch,Very High
LOAN0003025,CUST008765,term loan,INR,9129065.87,7.62,Performing,Medium
LOAN0003026,CUST000056,trade finance,INR,9457469.45,6.52,Watch,Low
LOAN0003027,CUST009868,term loan,INR,81141.71,13.34,Watch,Very High
LOAN0003028,CUST009321,credit card,GBP,1931640.08,10.19,Performing,Very High
LOAN0003029,CUST007072,mortgage,USD,1921483.1,15.89,Watch,Very High
LOAN0003030,CUST006519,commercial overdraft,INR,5759393.39,16.57,NonPerforming,High
LOAN0003031,CUST005775,working capital,INR,1103056.95,10.92,Performing,Medium
LOAN0003032,CUST007085,trade finance,USD,7688786.08,8.9,Watch,Medium
LOAN0003033,CUST007489,working capital,USD,2863446.46,7.71,Watch,Low
LOAN0003034,CUST002184,trade finance,GBP,7050327.08,17.06,Watch,High
LOAN0003035,CUST001428,term loan,USD,7226654.78,15.21,NonPerforming,Low
LOAN0003036,CUST002936,commercial overdraft,GBP,4160139.19,12.53,NonPerforming,Low
LOAN0003037,CUST003012,trade finance,INR,696174.48,5.86,Watch,High
LOAN0003038,CUST001066,mortgage,INR,9026834.04,7.83,NonPerforming,Low
LOAN0003039,CUST002542,mortgage,INR,5740386.56,8.88,Watch,Very High
LOAN0003040,CUST005175,trade finance,INR,2755244.25,6.06,NonPerforming,Low
LOAN0003041,CUST009210,credit card,INR,6188113.37,6.58,Watch,Medium
LOAN0003042,CUST003853,term loan,INR,9220007.77,14.24,Watch,Low
LOAN0003043,CUST004067,term loan,GBP,333248.02,11.07,NonPerforming,Low
LOAN0003044,CUST002028,commercial overdraft,INR,1327878.8,10.7,Watch,Medium
LOAN0003045,CUST003613,trade finance,GBP,8575959.33,17.22,NonPerforming,Very High
LOAN0003046,CUST003796,credit card,USD,5041252.2,9.4,Performing,High
LOAN0003047,CUST003051,mortgage,INR,3335068.2,11.82,Watch,Low
LOAN0003048,CUST000326,mortgage,GBP,2699798.6,12.36,Performing,Low
LOAN0003049,CUST003021,commercial overdraft,USD,3409348.5,14.32,NonPerforming,Very High
LOAN0003050,CUST008717,term loan,USD,219707.51,17.93,Watch,High
LOAN0003051,CUST005928,mortgage,INR,3044629.11,11.76,Watch,Medium
LOAN0003052,CUST002876,credit card,INR,4849878.1,6.02,Watch,Medium
LOAN0003053,CUST009150,mortgage,USD,1855407.22,15.51,Performing,Very High
LOAN0003054,CUST005872,commercial overdraft,INR,7837710.93,9.17,Performing,Medium
LOAN0003055,CUST002437,trade finance,INR,7729480.76,17.92,Performing,High
LOAN0003056,CUST005579,working capital,INR,6604454.52,9.29,NonPerforming,Medium
LOAN0003057,CUST001121,mortgage,GBP,6071182.74,10.21,NonPerforming,Medium
LOAN0003058,CUST000783,mortgage,USD,9606373.98,11.15,Performing,Low
LOAN0003059,CUST006796,term loan,GBP,9708322.86,7.73,Performing,High
LOAN0003060,CUST009822,term loan,INR,9681687.97,15.31,NonPerforming,Very High
LOAN0003061,CUST008696,working capital,USD,4889362.22,15.74,Watch,Medium
LOAN0003062,CUST000886,term loan,GBP,1701728.25,5.19,Watch,Low
LOAN0003063,CUST005859,mortgage,GBP,3139780.87,9.88,Performing,Very High
LOAN0003064,CUST005788,commercial overdraft,INR,1602309.83,17.02,NonPerforming,Low
LOAN0003065,CUST007192,working capital,GBP,1905304.57,15.1,NonPerforming,Very High
LOAN0003066,CUST001364,term loan,GBP,4686864.38,8.24,Watch,Very High
LOAN0003067,CUST002037,working capital,INR,5827989.66,7.69,Performing,Medium
LOAN0003068,CUST005566,term loan,USD,3556975.42,16.38,Watch,High
LOAN0003069,CUST006424,mortgage,USD,9800515.84,11.26,Performing,Low
LOAN0003070,CUST008130,term loan,USD,4308046.11,14.3,Watch,Medium
LOAN0003071,CUST009486,working capital,USD,6982701.14,13.97,Watch,Very High
LOAN0003072,CUST008697,credit card,INR,5159076.91,8.65,NonPerforming,Medium
LOAN0003073,CUST009197,commercial overdraft,GBP,5025995.81,11.77,Watch,Medium
LOAN0003074,CUST003438,credit card,INR,4237353.23,15.62,NonPerforming,High
LOAN0003075,CUST008473,trade finance,GBP,6039657.14,5.47,NonPerforming,Very High
LOAN0003076,CUST007494,trade finance,GBP,997585.07,8.14,Performing,Low
LOAN0003077,CUST007030,working capital,GBP,9355474.16,6.49,Watch,Medium
LOAN0003078,CUST002025,commercial overdraft,USD,2759407.96,6.05,NonPerforming,Medium
LOAN0003079,CUST001501,commercial overdraft,USD,6400898.68,11.72,Performing,High
LOAN0003080,CUST000100,term loan,INR,7348045.77,9.94,Performing,Medium
LOAN0003081,CUST008992,mortgage,GBP,3012732.22,10.19,Watch,Medium
LOAN0003082,CUST008579,term loan,INR,4032672.19,7.88,NonPerforming,Low
LOAN0003083,CUST006664,commercial overdraft,INR,2520684.96,14.04,Performing,High
LOAN0003084,CUST000190,commercial overdraft,INR,3543174.4,9.05,Watch,Very High
LOAN0003085,CUST005736,trade finance,USD,754162.24,9.26,NonPerforming,Medium
LOAN0003086,CUST002975,credit card,INR,5779198.03,10.86,NonPerforming,Medium
LOAN0003087,CUST004938,credit card,GBP,7003807.16,7.63,Watch,Very High
LOAN0003088,CUST008565,term loan,USD,8412871.51,12.02,Performing,Medium
LOAN0003089,CUST005860,commercial overdraft,GBP,4529170.07,9.73,Performing,Low
LOAN0003090,CUST005698,trade finance,USD,8519016.42,9.87,NonPerforming,Medium
LOAN0003091,CUST000943,mortgage,GBP,2637860.27,16.32,Performing,Very High
LOAN0003092,CUST001966,trade finance,USD,2972619.13,7.75,NonPerforming,High
LOAN0003093,CUST008596,trade finance,USD,9560372.53,15.43,Performing,High
LOAN0003094,CUST005427,working capital,USD,3567735.7,8.28,Watch,Very High
LOAN0003095,CUST005990,working capital,GBP,9389664.12,6.67,NonPerforming,Very High
LOAN0003096,CUST003812,credit card,USD,5953836.8,15.99,Performing,Medium
LOAN0003097,CUST008758,commercial overdraft,GBP,6491156.09,7.29,NonPerforming,Medium
LOAN0003098,CUST005402,working capital,GBP,3648468.54,5.54,NonPerforming,High
LOAN0003099,CUST008832,working capital,USD,9731645.6,17.33,NonPerforming,Very High
LOAN0003100,CUST006679,mortgage,GBP,9265589.28,6.32,Watch,Medium
LOAN0003101,CUST003061,mortgage,USD,9335867.08,9.88,NonPerforming,Very High
LOAN0003102,CUST006890,credit card,GBP,6368368.98,11.44,NonPerforming,Medium
LOAN0003103,CUST006419,term loan,USD,869999.45,15.27,NonPerforming,High
LOAN0003104,CUST006784,term loan,INR,4114051.09,17.31,Performing,High
LOAN0003105,CUST009756,mortgage,GBP,9953674.43,10.32,Performing,Very High
LOAN0003106,CUST002709,trade finance,USD,8160401.16,9.79,Performing,Low
LOAN0003107,CUST004376,term loan,INR,535084.39,8.81,NonPerforming,High
LOAN0003108,CUST003543,term loan,GBP,6694959.54,6.97,Performing,Medium
LOAN0003109,CUST008988,commercial overdraft,GBP,4943431.43,6.9,Performing,Low
LOAN0003110,CUST000594,credit card,INR,5874987.93,7.09,Watch,Very High
LOAN0003111,CUST003290,trade finance,USD,2553845.05,6.48,Watch,Very High
LOAN0003112,CUST000165,credit card,USD,2371223.49,8.68,Performing,Low
LOAN0003113,CUST008820,mortgage,USD,1614161.44,12.52,Watch,Very High
LOAN0003114,CUST007511,term loan,USD,9412799.94,17.02,Watch,Very High
LOAN0003115,CUST002065,term loan,USD,7114317.07,11.3,NonPerforming,Medium
LOAN0003116,CUST005598,commercial overdraft,USD,1217552.69,15.91,NonPerforming,Medium
LOAN0003117,CUST009574,commercial overdraft,INR,168581.15,5.37,NonPerforming,Medium
LOAN0003118,CUST002629,trade finance,USD,2083855.25,15.02,NonPerforming,Low
LOAN0003119,CUST008766,working capital,USD,445315.66,12.73,Watch,Very High
LOAN0003120,CUST001147,credit card,INR,747841.08,16.27,NonPerforming,Low
LOAN0003121,CUST002641,working capital,GBP,5589366.4,9.15,Performing,Very High
LOAN0003122,CUST003605,trade finance,INR,5295770.28,17.83,Performing,Very High
LOAN0003123,CUST008582,credit card,USD,5322422.05,6.2,Watch,Medium
LOAN0003124,CUST002896,working capital,INR,3713031.98,9.07,Watch,Very High
LOAN0003125,CUST009483,mortgage,USD,5174773.59,12.34,NonPerforming,Low
LOAN0003126,CUST008292,mortgage,GBP,2649075.83,9.29,Performing,Low
LOAN0003127,CUST002201,working capital,USD,5455928.58,14.19,Performing,Low
LOAN0003128,CUST008340,term loan,USD,5995620.52,9.69,Performing,High
LOAN0003129,CUST005041,mortgage,INR,8371463.69,15.37,NonPerforming,Low
LOAN0003130,CUST003895,term loan,INR,3846854.56,9.64,Performing,Medium
LOAN0003131,CUST000686,credit card,INR,9698005.86,13.76,NonPerforming,Low
LOAN0003132,CUST005867,mortgage,INR,9045616.69,15.99,Watch,High
LOAN0003133,CUST000681,term loan,USD,215333.81,6.51,Performing,Medium
LOAN0003134,CUST000166,commercial overdraft,GBP,9458735.52,13.21,Performing,Low
LOAN0003135,CUST004361,credit card,GBP,7178480.72,6.84,Watch,High
LOAN0003136,CUST001868,working capital,USD,1037259.26,6.77,Watch,High
LOAN0003137,CUST001137,working capital,USD,3162508.81,11.87,NonPerforming,Low
LOAN0003138,CUST001642,credit card,USD,162622.72,16.0,Watch,Medium
LOAN0003139,CUST007563,working capital,USD,6010965.02,13.36,Watch,Medium
LOAN0003140,CUST009388,term loan,USD,6541530.08,9.09,NonPerforming,Very High
LOAN0003141,CUST001413,credit card,INR,3382924.96,7.93,NonPerforming,High
LOAN0003142,CUST007379,commercial overdraft,GBP,5340686.83,12.25,Watch,High
LOAN0003143,CUST009894,trade finance,INR,1668637.64,5.69,Watch,Medium
LOAN0003144,CUST004484,credit card,USD,903756.84,16.77,NonPerforming,Low
LOAN0003145,CUST001086,trade finance,GBP,2527318.9,7.33,Watch,Very High
LOAN0003146,CUST000146,working capital,USD,9948185.84,12.19,Performing,Medium
LOAN0003147,CUST006434,working capital,INR,4517665.66,16.29,Performing,Very High
LOAN0003148,CUST009384,credit card,GBP,3122499.76,13.46,NonPerforming,Low
LOAN0003149,CUST004344,credit card,GBP,9924959.94,5.16,Performing,Medium
LOAN0003150,CUST009380,working capital,GBP,4632173.09,17.52,NonPerforming,Medium
LOAN0003151,CUST005864,commercial overdraft,GBP,9459046.33,10.52,Performing,High
LOAN0003152,CUST008161,term loan,USD,3182260.13,11.89,Performing,Very High
LOAN0003153,CUST006659,trade finance,GBP,2883995.24,11.51,Performing,High
LOAN0003154,CUST002911,mortgage,USD,1582586.96,7.0,Performing,Very High
LOAN0003155,CUST007342,credit card,USD,6852342.67,13.3,Performing,High
LOAN0003156,CUST001841,trade finance,GBP,8222616.48,12.95,Watch,High
LOAN0003157,CUST001028,mortgage,USD,1158273.74,15.18,NonPerforming,Very High
LOAN0003158,CUST000363,term loan,INR,8528437.36,17.6,NonPerforming,Medium
LOAN0003159,CUST008171,working capital,USD,7883382.03,17.73,NonPerforming,Low
LOAN0003160,CUST004603,working capital,USD,3826466.24,15.85,NonPerforming,Low
LOAN0003161,CUST002177,term loan,GBP,7175260.63,13.62,Watch,Low
LOAN0003162,CUST007825,term loan,GBP,4172323.72,10.43,NonPerforming,Very High
LOAN0003163,CUST003913,mortgage,USD,1530563.04,10.6,Performing,High
LOAN0003164,CUST000945,working capital,USD,6666277.26,16.71,Performing,Very High
LOAN0003165,CUST002489,working capital,GBP,2034560.98,8.84,Performing,Very High
LOAN0003166,CUST004796,term loan,USD,9614246.13,12.93,Watch,High
LOAN0003167,CUST003099,mortgage,USD,1185352.82,13.4,Watch,High
LOAN0003168,CUST002584,trade finance,GBP,8483508.21,16.96,Watch,Low
LOAN0003169,CUST009664,trade finance,INR,4537540.19,15.12,Performing,Low
LOAN0003170,CUST003856,commercial overdraft,INR,5388056.9,13.41,Watch,Medium
LOAN0003171,CUST000101,working capital,GBP,7078123.09,11.6,NonPerforming,High
LOAN0003172,CUST008040,term loan,USD,2946254.84,16.59,Watch,Medium
LOAN0003173,CUST008057,term loan,USD,3900982.0,11.69,Watch,Medium
LOAN0003174,CUST009898,commercial overdraft,USD,1506106.86,17.07,NonPerforming,Low
LOAN0003175,CUST001273,working capital,USD,4340681.26,9.28,Performing,Very High
LOAN0003176,CUST000583,credit card,USD,1676569.49,13.64,NonPerforming,Very High
LOAN0003177,CUST006259,trade finance,GBP,6796693.08,7.34,Watch,Low
LOAN0003178,CUST003240,working capital,INR,3907071.31,6.4,Watch,High
LOAN0003179,CUST003962,commercial overdraft,INR,3413008.58,16.18,Watch,Very High
LOAN0003180,CUST008762,term loan,INR,1060105.86,13.8,NonPerforming,Low
LOAN0003181,CUST009189,commercial overdraft,USD,4684896.16,14.93,NonPerforming,Low
LOAN0003182,CUST003823,commercial overdraft,GBP,2980461.55,6.9,Performing,Medium
LOAN0003183,CUST000802,credit card,INR,1161181.48,11.7,Watch,Very High
LOAN0003184,CUST009189,commercial overdraft,GBP,9534701.88,16.72,Watch,Low
LOAN0003185,CUST007260,commercial overdraft,USD,9395794.53,5.17,Watch,Very High
LOAN0003186,CUST007847,trade finance,INR,694605.35,13.65,Performing,Medium
LOAN0003187,CUST004858,commercial overdraft,INR,6272275.58,6.05,Watch,High
LOAN0003188,CUST005529,mortgage,INR,3713042.02,10.53,NonPerforming,High
LOAN0003189,CUST007220,working capital,INR,3233444.73,8.3,Watch,Medium
LOAN0003190,CUST005284,working capital,USD,6393295.14,18.0,Performing,High
LOAN0003191,CUST007743,mortgage,GBP,1672964.8,8.09,Performing,Low
LOAN0003192,CUST009489,mortgage,USD,5140634.51,5.67,Watch,Very High
LOAN0003193,CUST002216,commercial overdraft,GBP,8795471.97,7.6,NonPerforming,Low
LOAN0003194,CUST009801,term loan,USD,8061560.87,11.24,Watch,Low
LOAN0003195,CUST006108,mortgage,GBP,5805212.97,16.91,NonPerforming,Very High
LOAN0003196,CUST004458,credit card,USD,6744595.17,11.97,Watch,Low
LOAN0003197,CUST005348,commercial overdraft,USD,4560638.09,9.76,Performing,High
LOAN0003198,CUST002879,term loan,USD,3205691.31,15.65,Watch,Low
LOAN0003199,CUST001404,trade finance,INR,5303157.69,11.19,Watch,Very High
LOAN0003200,CUST007258,working capital,GBP,8333018.39,14.38,Watch,Very High
LOAN0003201,CUST007187,trade finance,INR,975467.72,7.83,Watch,High
LOAN0003202,CUST000931,commercial overdraft,INR,3469142.46,7.0,NonPerforming,Low
LOAN0003203,CUST008026,trade finance,GBP,3790417.05,8.9,NonPerforming,Low
LOAN0003204,CUST001753,term loan,INR,6436128.41,9.83,Watch,Medium
LOAN0003205,CUST007461,trade finance,USD,6501902.8,14.22,Performing,Very High
LOAN0003206,CUST005065,working capital,INR,1996421.11,10.41,Performing,Low
LOAN0003207,CUST001863,mortgage,INR,1184814.05,15.16,Watch,Low
LOAN0003208,CUST008878,working capital,USD,9569829.32,12.34,Watch,Very High
LOAN0003209,CUST007856,term loan,USD,1665549.31,16.66,Performing,Very High
LOAN0003210,CUST003806,mortgage,USD,2334347.45,6.42,Watch,Low
LOAN0003211,CUST007626,working capital,GBP,5195732.17,11.57,Performing,High
LOAN0003212,CUST008871,credit card,USD,5676672.95,7.68,Performing,High
LOAN0003213,CUST001215,trade finance,USD,6696064.82,15.65,Watch,Low
LOAN0003214,CUST007001,working capital,GBP,96984.66,8.57,Watch,Very High
LOAN0003215,CUST005227,credit card,GBP,8363363.59,10.42,Performing,Medium
LOAN0003216,CUST007493,commercial overdraft,USD,2256679.38,15.83,NonPerforming,Medium
LOAN0003217,CUST004276,mortgage,INR,9087809.37,7.88,NonPerforming,High
LOAN0003218,CUST007294,mortgage,GBP,7483268.49,15.54,NonPerforming,Low
LOAN0003219,CUST008632,commercial overdraft,INR,57508.39,9.52,Performing,Very High
LOAN0003220,CUST001320,term loan,INR,5398325.44,11.14,NonPerforming,High
LOAN0003221,CUST000539,mortgage,USD,5490166.61,12.37,NonPerforming,Low
LOAN0003222,CUST001658,trade finance,USD,9088784.61,17.29,Performing,High
LOAN0003223,CUST006535,trade finance,GBP,5738559.27,16.7,Performing,Medium
LOAN0003224,CUST005600,trade finance,USD,1302462.97,7.64,Performing,High
LOAN0003225,CUST007828,credit card,USD,2667082.84,16.55,Performing,Medium
LOAN0003226,CUST006190,trade finance,USD,3684416.81,9.63,NonPerforming,High
LOAN0003227,CUST008113,term loan,INR,4389955.16,14.5,Performing,Very High
LOAN0003228,CUST005210,credit card,INR,6391743.91,7.87,Performing,High
LOAN0003229,CUST003805,working capital,USD,6036908.5,9.0,NonPerforming,Very High
LOAN0003230,CUST001399,working capital,USD,658213.5,12.97,Performing,Very High
LOAN0003231,CUST008111,credit card,USD,4891943.06,10.97,Performing,Very High
LOAN0003232,CUST004901,credit card,GBP,2676395.54,7.01,Watch,Low
LOAN0003233,CUST000637,term loan,USD,993065.28,6.85,Performing,Medium
LOAN0003234,CUST008030,credit card,GBP,2185190.83,17.41,NonPerforming,Medium
LOAN0003235,CUST005288,mortgage,GBP,9353776.02,6.42,Watch,High
LOAN0003236,CUST006899,working capital,USD,298790.37,8.09,Performing,Low
LOAN0003237,CUST003764,term loan,INR,119869.05,16.01,Performing,Very High
LOAN0003238,CUST006976,credit card,USD,4026470.33,7.37,NonPerforming,High
LOAN0003239,CUST005150,commercial overdraft,USD,1350658.72,16.98,Performing,Very High
LOAN0003240,CUST007812,trade finance,GBP,648538.64,8.31,NonPerforming,Medium
LOAN0003241,CUST000260,trade finance,USD,3158044.62,15.68,Watch,Medium
LOAN0003242,CUST006459,term loan,INR,2409264.96,15.53,Watch,Medium
LOAN0003243,CUST005555,term loan,GBP,9977590.09,8.27,Watch,Very High
LOAN0003244,CUST001892,mortgage,USD,5797134.08,5.29,Performing,Very High
LOAN0003245,CUST007845,credit card,GBP,3722261.87,9.89,NonPerforming,Very High
LOAN0003246,CUST000897,commercial overdraft,INR,4701242.16,7.15,Watch,High
LOAN0003247,CUST007223,trade finance,USD,290532.24,7.65,NonPerforming,High
LOAN0003248,CUST004260,term loan,INR,4854624.44,7.43,Performing,Low
LOAN0003249,CUST007315,trade finance,INR,5244261.45,15.89,NonPerforming,High
LOAN0003250,CUST009665,working capital,INR,1497422.92,17.37,NonPerforming,Very High
LOAN0003251,CUST009294,credit card,USD,601995.74,11.27,NonPerforming,Very High
LOAN0003252,CUST008680,commercial overdraft,USD,5374266.23,5.12,Watch,Medium
LOAN0003253,CUST001240,term loan,USD,2339121.71,9.69,Watch,Medium
LOAN0003254,CUST003457,mortgage,GBP,2929946.95,16.1,Watch,Medium
LOAN0003255,CUST000647,mortgage,INR,6077538.4,15.12,Watch,Very High
LOAN0003256,CUST003452,working capital,INR,3520659.65,16.74,Performing,High
LOAN0003257,CUST001533,term loan,GBP,8052865.4,16.67,NonPerforming,Low
LOAN0003258,CUST001934,trade finance,INR,5582738.43,5.49,NonPerforming,Very High
LOAN0003259,CUST009801,working capital,GBP,2700018.97,8.72,NonPerforming,Medium
LOAN0003260,CUST008100,credit card,GBP,9531507.49,5.29,Performing,Low
LOAN0003261,CUST009548,working capital,INR,6690594.6,7.23,NonPerforming,Very High
LOAN0003262,CUST006890,credit card,INR,8631003.19,13.67,Performing,Very High
LOAN0003263,CUST009453,credit card,INR,2582889.68,9.74,Watch,Very High
LOAN0003264,CUST007542,credit card,INR,5166057.69,16.42,Watch,Very High
LOAN0003265,CUST004887,commercial overdraft,INR,7605123.35,17.14,Watch,High
LOAN0003266,CUST009176,trade finance,USD,2568419.93,13.36,Watch,Very High
LOAN0003267,CUST009467,commercial overdraft,GBP,2734111.72,5.38,NonPerforming,Medium
LOAN0003268,CUST005014,working capital,GBP,6939743.4,13.98,Watch,Very High
LOAN0003269,CUST000183,commercial overdraft,INR,3640213.78,5.28,Performing,Very High
LOAN0003270,CUST007082,working capital,GBP,8915925.92,15.06,NonPerforming,Low
LOAN0003271,CUST009916,trade finance,USD,7446359.34,5.33,Watch,Low
LOAN0003272,CUST006154,working capital,INR,5760917.15,10.16,NonPerforming,Low
LOAN0003273,CUST001584,credit card,INR,2533373.2,5.58,Performing,Low
LOAN0003274,CUST000326,commercial overdraft,GBP,3207744.64,7.48,Watch,Medium
LOAN0003275,CUST009387,working capital,INR,574812.11,7.12,NonPerforming,High
LOAN0003276,CUST000302,working capital,INR,6679729.55,8.1,Watch,High
LOAN0003277,CUST008006,mortgage,USD,197428.32,15.76,NonPerforming,Very High
LOAN0003278,CUST002476,commercial overdraft,USD,7860089.05,9.21,NonPerforming,High
LOAN0003279,CUST002341,working capital,INR,1298284.04,6.15,Watch,Medium
LOAN0003280,CUST005540,mortgage,GBP,3458641.81,8.03,NonPerforming,Very High
LOAN0003281,CUST005856,trade finance,INR,4332687.28,5.61,NonPerforming,Very High
LOAN0003282,CUST004363,working capital,USD,9539153.76,12.03,Performing,Low
LOAN0003283,CUST002395,trade finance,INR,4926551.55,16.44,Performing,Low
LOAN0003284,CUST001433,mortgage,GBP,6996456.48,13.09,Performing,High
LOAN0003285,CUST001451,working capital,GBP,6149534.67,6.08,NonPerforming,Medium
LOAN0003286,CUST006388,credit card,GBP,3392969.78,16.49,Watch,Very High
LOAN0003287,CUST003623,commercial overdraft,INR,2391712.07,15.63,Watch,Low
LOAN0003288,CUST001742,trade finance,USD,9311081.29,17.85,NonPerforming,Very High
LOAN0003289,CUST006021,mortgage,INR,5843922.72,14.81,Watch,Very High
LOAN0003290,CUST001267,trade finance,INR,2228691.29,8.56,NonPerforming,High
LOAN0003291,CUST006007,commercial overdraft,GBP,682264.8,7.28,Performing,Very High
LOAN0003292,CUST004292,trade finance,INR,2294096.38,14.93,NonPerforming,Low
LOAN0003293,CUST003273,commercial overdraft,GBP,7916332.42,12.65,Performing,High
LOAN0003294,CUST005644,working capital,GBP,8034407.79,8.97,Performing,Medium
LOAN0003295,CUST004989,term loan,USD,217695.27,6.21,NonPerforming,High
LOAN0003296,CUST009853,trade finance,GBP,7886992.54,5.85,Watch,Very High
LOAN0003297,CUST001745,working capital,GBP,9691866.43,14.02,NonPerforming,Very High
LOAN0003298,CUST006976,mortgage,INR,934502.36,14.94,Performing,Very High
LOAN0003299,CUST001721,trade finance,INR,9798125.72,17.2,NonPerforming,Medium
LOAN0003300,CUST007672,trade finance,GBP,6026602.54,9.4,NonPerforming,Very High
LOAN0003301,CUST009499,commercial overdraft,INR,218663.63,8.48,Watch,High
LOAN0003302,CUST002786,mortgage,USD,1659790.77,11.38,Performing,Low
LOAN0003303,CUST002585,working capital,INR,8167636.75,10.71,Watch,Very High
LOAN0003304,CUST002173,working capital,GBP,6941172.12,6.38,NonPerforming,Low
LOAN0003305,CUST006230,mortgage,GBP,5920447.32,8.08,NonPerforming,Medium
LOAN0003306,CUST004828,term loan,INR,4330731.6,10.21,Watch,High
LOAN0003307,CUST004371,commercial overdraft,GBP,1366318.53,17.44,Watch,Low
LOAN0003308,CUST001079,trade finance,GBP,7469220.46,16.35,NonPerforming,High
LOAN0003309,CUST006953,term loan,INR,4551335.87,10.19,Watch,Medium
LOAN0003310,CUST005100,trade finance,USD,1336380.96,15.37,Watch,Low
LOAN0003311,CUST009261,working capital,USD,9733664.17,5.01,Watch,Very High
LOAN0003312,CUST000352,mortgage,INR,3030382.16,8.88,Performing,Medium
LOAN0003313,CUST005221,credit card,INR,6097063.57,14.21,Watch,High
LOAN0003314,CUST009627,working capital,GBP,1224455.74,5.28,NonPerforming,Medium
LOAN0003315,CUST006458,working capital,USD,5156392.36,11.81,Performing,Medium
LOAN0003316,CUST006340,commercial overdraft,USD,810301.44,11.23,Watch,Medium
LOAN0003317,CUST005221,trade finance,INR,1028845.3,11.8,Watch,High
LOAN0003318,CUST004926,credit card,GBP,3256837.72,13.06,Watch,Low
LOAN0003319,CUST008346,term loan,GBP,2648678.25,9.8,Watch,Medium
LOAN0003320,CUST001059,working capital,USD,4273878.01,15.52,NonPerforming,Medium
LOAN0003321,CUST009025,mortgage,GBP,6914194.66,13.83,Performing,High
LOAN0003322,CUST006522,mortgage,INR,1126301.97,15.0,Watch,Medium
LOAN0003323,CUST001950,commercial overdraft,USD,886572.35,8.26,Watch,Medium
LOAN0003324,CUST006262,mortgage,GBP,2056284.58,10.77,NonPerforming,Very High
LOAN0003325,CUST007005,trade finance,GBP,6251965.31,10.51,NonPerforming,Low
LOAN0003326,CUST004225,credit card,INR,3118037.75,14.79,Watch,Medium
LOAN0003327,CUST004555,working capital,INR,6038193.36,9.1,Watch,High
LOAN0003328,CUST007919,working capital,GBP,2406276.07,11.94,Performing,High
LOAN0003329,CUST007422,credit card,USD,1039658.06,16.56,Watch,High
LOAN0003330,CUST000661,trade finance,USD,9250681.21,9.67,NonPerforming,Low
LOAN0003331,CUST001591,working capital,USD,3978114.27,8.58,Performing,Very High
LOAN0003332,CUST009389,commercial overdraft,INR,2835137.3,5.93,Watch,Medium
LOAN0003333,CUST007152,commercial overdraft,USD,7595542.54,16.56,NonPerforming,Very High
LOAN0003334,CUST005301,term loan,INR,4884694.64,13.1,NonPerforming,Very High
LOAN0003335,CUST007309,commercial overdraft,USD,4885036.72,15.75,NonPerforming,High
LOAN0003336,CUST008717,trade finance,INR,9032857.64,17.16,Watch,Low
LOAN0003337,CUST008201,trade finance,GBP,3774466.7,16.3,NonPerforming,Low
LOAN0003338,CUST001615,credit card,INR,8923145.13,16.32,NonPerforming,Medium
LOAN0003339,CUST002782,credit card,INR,5493781.5,7.72,Watch,Medium
LOAN0003340,CUST005120,mortgage,INR,9184653.43,6.23,NonPerforming,Low
LOAN0003341,CUST003036,working capital,USD,1221941.91,11.06,NonPerforming,Medium
LOAN0003342,CUST009311,trade finance,USD,7393617.73,11.84,Performing,Low
LOAN0003343,CUST007547,working capital,GBP,8919740.55,5.98,NonPerforming,Medium
LOAN0003344,CUST009425,term loan,GBP,2881149.59,5.47,Performing,Very High
LOAN0003345,CUST006665,trade finance,USD,6958356.03,15.39,Watch,Medium
LOAN0003346,CUST003963,working capital,INR,2100588.65,12.87,NonPerforming,Medium
LOAN0003347,CUST007572,working capital,GBP,2966272.24,17.19,NonPerforming,Medium
LOAN0003348,CUST006381,mortgage,USD,777587.49,12.2,Watch,High
LOAN0003349,CUST006055,working capital,GBP,8317790.7,17.85,Watch,High
LOAN0003350,CUST004502,term loan,USD,5259237.85,6.47,Watch,Low
LOAN0003351,CUST002673,working capital,USD,3824054.86,14.76,Performing,Low
LOAN0003352,CUST006834,commercial overdraft,GBP,6608689.14,10.92,Performing,Low
LOAN0003353,CUST005904,commercial overdraft,GBP,4357417.87,14.68,Watch,Very High
LOAN0003354,CUST001254,mortgage,INR,7744588.84,17.88,NonPerforming,High
LOAN0003355,CUST000578,working capital,INR,2358341.89,11.96,NonPerforming,Very High
LOAN0003356,CUST001972,trade finance,INR,4819005.75,6.26,NonPerforming,Low
LOAN0003357,CUST009002,trade finance,USD,1120962.97,11.72,Watch,Very High
LOAN0003358,CUST005604,trade finance,USD,6755466.51,16.67,Performing,Very High
LOAN0003359,CUST003137,working capital,INR,4644121.46,12.74,Performing,High
LOAN0003360,CUST008482,trade finance,GBP,111898.85,8.67,NonPerforming,Medium
LOAN0003361,CUST007075,trade finance,USD,9729841.56,15.92,Watch,Very High
LOAN0003362,CUST001790,credit card,GBP,2811327.26,7.22,Performing,Medium
LOAN0003363,CUST002069,term loan,USD,72483.31,6.69,NonPerforming,High
LOAN0003364,CUST007639,mortgage,GBP,3036031.43,14.97,NonPerforming,Low
LOAN0003365,CUST006187,term loan,GBP,5788011.04,15.15,Watch,Medium
LOAN0003366,CUST006789,term loan,GBP,7192210.68,16.18,NonPerforming,Medium
LOAN0003367,CUST001860,credit card,USD,216921.41,9.31,NonPerforming,Low
LOAN0003368,CUST003844,mortgage,GBP,2594945.72,9.19,Watch,Very High
LOAN0003369,CUST007425,term loan,USD,8750067.86,6.75,Performing,High
LOAN0003370,CUST000138,credit card,INR,1108776.7,5.45,Performing,Medium
LOAN0003371,CUST007643,mortgage,INR,7759945.47,9.74,Performing,Medium
LOAN0003372,CUST007014,credit card,USD,3703731.76,9.46,NonPerforming,High
LOAN0003373,CUST004980,term loan,USD,1150375.12,15.61,NonPerforming,High
LOAN0003374,CUST008860,mortgage,GBP,8810544.34,15.23,Performing,Medium
LOAN0003375,CUST005531,credit card,INR,467521.07,7.11,NonPerforming,Low
LOAN0003376,CUST000673,mortgage,INR,2673403.99,10.63,Watch,Very High
LOAN0003377,CUST004159,commercial overdraft,INR,8429400.11,13.28,Watch,High
LOAN0003378,CUST008490,working capital,USD,1164420.33,7.45,Watch,Low
LOAN0003379,CUST007909,credit card,GBP,4652520.84,11.25,Watch,Low
LOAN0003380,CUST008661,commercial overdraft,GBP,4139639.14,10.85,Performing,Medium
LOAN0003381,CUST009800,working capital,USD,2724376.26,17.24,NonPerforming,High
LOAN0003382,CUST007547,trade finance,INR,3514909.59,10.62,Performing,Medium
LOAN0003383,CUST004440,term loan,USD,8014733.69,16.94,NonPerforming,Medium
LOAN0003384,CUST002736,term loan,GBP,4768614.22,14.0,Watch,Low
LOAN0003385,CUST003133,credit card,GBP,3364061.06,8.7,NonPerforming,Medium
LOAN0003386,CUST006425,working capital,INR,1764886.07,17.18,NonPerforming,Low
LOAN0003387,CUST003525,term loan,USD,347666.63,14.19,Watch,Low
LOAN0003388,CUST007805,working capital,INR,9843707.68,16.77,Watch,High
LOAN0003389,CUST000259,credit card,GBP,6969082.71,9.65,Performing,Medium
LOAN0003390,CUST004475,term loan,INR,1093886.01,6.54,Watch,High
LOAN0003391,CUST004321,commercial overdraft,INR,8095597.63,10.16,Watch,Low
LOAN0003392,CUST007728,credit card,GBP,1096801.78,17.54,Watch,Medium
LOAN0003393,CUST005130,mortgage,INR,4205732.08,7.59,NonPerforming,High
LOAN0003394,CUST007350,mortgage,INR,2412978.34,12.01,Watch,High
LOAN0003395,CUST002024,term loan,INR,2771297.52,10.02,NonPerforming,Low
LOAN0003396,CUST004226,credit card,USD,4936490.55,5.5,NonPerforming,Very High
LOAN0003397,CUST003652,credit card,USD,2456983.08,12.12,Performing,Low
LOAN0003398,CUST001474,credit card,GBP,3735796.84,17.52,NonPerforming,High
LOAN0003399,CUST009295,trade finance,GBP,2382047.1,8.61,Performing,High
LOAN0003400,CUST000172,credit card,INR,6185176.02,14.41,Watch,Low
LOAN0003401,CUST007137,commercial overdraft,USD,1152208.39,13.22,Performing,Very High
LOAN0003402,CUST000212,credit card,INR,1412545.29,15.5,Watch,Low
LOAN0003403,CUST004525,credit card,GBP,9012239.29,8.39,Performing,Low
LOAN0003404,CUST003283,mortgage,INR,4648406.83,16.69,Watch,High
LOAN0003405,CUST004282,commercial overdraft,USD,808393.07,13.43,NonPerforming,High
LOAN0003406,CUST008844,working capital,GBP,7379387.78,17.72,Performing,Medium
LOAN0003407,CUST003210,credit card,INR,7982177.01,16.53,NonPerforming,Very High
LOAN0003408,CUST005335,working capital,GBP,7980127.91,13.03,NonPerforming,Medium
LOAN0003409,CUST009459,term loan,INR,1086756.04,8.0,NonPerforming,Low
LOAN0003410,CUST001232,commercial overdraft,INR,1359377.84,6.09,Watch,Very High
LOAN0003411,CUST001074,trade finance,GBP,3544474.03,6.28,NonPerforming,Very High
LOAN0003412,CUST008823,commercial overdraft,INR,5553249.7,16.4,NonPerforming,High
LOAN0003413,CUST008606,mortgage,INR,5449637.55,14.56,Watch,High
LOAN0003414,CUST004116,mortgage,INR,4284105.73,13.89,NonPerforming,High
LOAN0003415,CUST005268,mortgage,GBP,8880673.14,12.21,NonPerforming,Low
LOAN0003416,CUST009173,mortgage,INR,1202994.81,14.96,Watch,Very High
LOAN0003417,CUST008336,trade finance,INR,6815526.77,17.7,Watch,High
LOAN0003418,CUST004593,commercial overdraft,GBP,6975652.81,12.58,Performing,Low
LOAN0003419,CUST001615,commercial overdraft,INR,4084139.56,10.73,Performing,High
LOAN0003420,CUST006725,mortgage,INR,2654323.19,11.64,Watch,High
LOAN0003421,CUST007760,term loan,INR,7850203.81,16.12,NonPerforming,High
LOAN0003422,CUST005334,term loan,USD,6722762.73,14.65,Watch,High
LOAN0003423,CUST006482,mortgage,USD,7424941.38,7.41,NonPerforming,Very High
LOAN0003424,CUST002895,mortgage,GBP,2455414.22,13.29,NonPerforming,Low
LOAN0003425,CUST007687,credit card,GBP,2026067.1,8.13,Watch,Very High
LOAN0003426,CUST007310,trade finance,INR,7309121.38,11.67,NonPerforming,Medium
LOAN0003427,CUST002304,commercial overdraft,USD,5165754.49,5.33,Watch,Very High
LOAN0003428,CUST003680,credit card,USD,7382389.26,13.85,Watch,Very High
LOAN0003429,CUST000711,credit card,INR,4543788.22,17.58,Watch,Medium
LOAN0003430,CUST003064,commercial overdraft,USD,2955062.36,6.35,NonPerforming,Low
LOAN0003431,CUST007140,mortgage,USD,7257743.06,5.83,NonPerforming,Very High
LOAN0003432,CUST007732,commercial overdraft,INR,1762853.04,16.06,Watch,Low
LOAN0003433,CUST004190,mortgage,INR,1695431.83,9.73,NonPerforming,Very High
LOAN0003434,CUST007338,mortgage,GBP,8391631.4,11.07,Watch,Medium
LOAN0003435,CUST003427,trade finance,USD,1098418.06,8.4,NonPerforming,Very High
LOAN0003436,CUST000022,credit card,GBP,1222061.62,9.41,Performing,Very High
LOAN0003437,CUST003353,mortgage,GBP,1867155.44,5.82,Watch,Low
LOAN0003438,CUST001833,credit card,USD,1591170.66,6.87,NonPerforming,Very High
LOAN0003439,CUST008733,term loan,USD,1151220.98,12.89,Performing,High
LOAN0003440,CUST007802,term loan,USD,8053925.35,11.33,Watch,Very High
LOAN0003441,CUST001186,credit card,USD,9660170.27,13.47,Performing,Low
LOAN0003442,CUST001298,working capital,GBP,5868667.59,6.88,Performing,Very High
LOAN0003443,CUST000447,commercial overdraft,GBP,3109091.37,17.96,Watch,Low
LOAN0003444,CUST006010,mortgage,INR,2174843.67,11.55,Watch,High
LOAN0003445,CUST007852,working capital,GBP,7502641.77,7.5,NonPerforming,Medium
LOAN0003446,CUST002942,mortgage,GBP,3758108.21,12.64,Watch,High
LOAN0003447,CUST005908,working capital,USD,1394549.83,8.05,Performing,Very High
LOAN0003448,CUST001578,mortgage,GBP,8990623.36,16.08,Performing,Low
LOAN0003449,CUST003849,working capital,INR,3069571.93,15.46,Watch,Very High
LOAN0003450,CUST000296,term loan,USD,8905140.95,12.95,Watch,Medium
LOAN0003451,CUST001798,working capital,INR,9468096.76,11.0,Watch,Very High
LOAN0003452,CUST001425,mortgage,INR,1969943.42,15.96,Watch,Very High
LOAN0003453,CUST006867,term loan,GBP,6525527.0,11.39,Performing,Low
LOAN0003454,CUST005268,working capital,INR,3081940.16,9.73,Watch,Medium
LOAN0003455,CUST004747,term loan,GBP,3142040.83,15.77,NonPerforming,High
LOAN0003456,CUST007406,term loan,USD,205147.26,9.78,Performing,Medium
LOAN0003457,CUST008504,working capital,USD,5371638.56,8.55,Watch,High
LOAN0003458,CUST001957,mortgage,GBP,1226247.77,9.9,NonPerforming,Low
LOAN0003459,CUST004344,term loan,GBP,1354999.73,15.57,NonPerforming,High
LOAN0003460,CUST007630,credit card,USD,8494667.62,8.27,Watch,Medium
LOAN0003461,CUST009282,term loan,GBP,8434068.55,10.03,NonPerforming,Very High
LOAN0003462,CUST000281,working capital,GBP,1912096.44,12.62,NonPerforming,High
LOAN0003463,CUST004376,trade finance,INR,8540001.54,8.28,NonPerforming,Medium
LOAN0003464,CUST003626,credit card,INR,2483673.85,16.07,NonPerforming,Low
LOAN0003465,CUST000021,trade finance,GBP,1388047.59,6.68,NonPerforming,High
LOAN0003466,CUST006930,trade finance,USD,549994.52,16.37,Performing,Low
LOAN0003467,CUST006427,credit card,USD,1126776.58,5.28,Watch,Medium
LOAN0003468,CUST004795,mortgage,INR,6523254.08,7.9,Watch,Very High
LOAN0003469,CUST001152,credit card,INR,2727077.81,11.3,Watch,High
LOAN0003470,CUST005516,credit card,INR,9116668.6,5.55,Watch,Low
LOAN0003471,CUST008009,trade finance,INR,8905706.36,6.7,Watch,Very High
LOAN0003472,CUST007360,credit card,USD,7621261.14,14.57,NonPerforming,Low
LOAN0003473,CUST007713,working capital,USD,9035471.22,15.57,NonPerforming,Very High
LOAN0003474,CUST007054,trade finance,GBP,5936517.52,13.38,NonPerforming,Very High
LOAN0003475,CUST002268,mortgage,USD,6605490.59,8.14,NonPerforming,Very High
LOAN0003476,CUST003166,credit card,GBP,1718925.38,10.29,Performing,Very High
LOAN0003477,CUST009200,commercial overdraft,USD,1343584.99,10.59,NonPerforming,High
LOAN0003478,CUST003845,term loan,GBP,7801159.42,8.99,NonPerforming,Medium
LOAN0003479,CUST007983,credit card,USD,5975946.39,6.36,Performing,Medium
LOAN0003480,CUST003434,trade finance,USD,9881910.48,7.86,NonPerforming,Medium
LOAN0003481,CUST007045,term loan,GBP,6688889.87,8.22,NonPerforming,High
LOAN0003482,CUST001475,credit card,GBP,4950119.42,10.78,Watch,Very High
LOAN0003483,CUST004634,commercial overdraft,INR,6093737.89,13.28,Performing,Very High
LOAN0003484,CUST005288,term loan,USD,3035956.63,6.26,Performing,High
LOAN0003485,CUST002413,working capital,GBP,8278928.32,5.91,Performing,Low
LOAN0003486,CUST002941,commercial overdraft,INR,8413568.53,5.73,Watch,Very High
LOAN0003487,CUST004008,term loan,INR,3379613.16,7.79,Performing,High
LOAN0003488,CUST001548,working capital,USD,5408899.48,12.74,Watch,Very High
LOAN0003489,CUST002253,term loan,GBP,2588453.95,16.0,NonPerforming,Low
LOAN0003490,CUST003705,mortgage,USD,87935.96,16.49,NonPerforming,High
LOAN0003491,CUST009985,commercial overdraft,GBP,9913182.34,9.27,Watch,Very High
LOAN0003492,CUST002950,trade finance,USD,5511674.01,5.88,NonPerforming,Low
LOAN0003493,CUST007138,working capital,INR,9589649.78,10.45,Watch,Low
LOAN0003494,CUST002347,credit card,GBP,7147621.87,15.95,NonPerforming,Very High
LOAN0003495,CUST005292,working capital,INR,1308002.95,9.89,Performing,High
LOAN0003496,CUST004854,trade finance,USD,8966202.46,11.44,Watch,High
LOAN0003497,CUST005985,trade finance,INR,7035796.89,15.52,Watch,Medium
LOAN0003498,CUST004374,trade finance,INR,4665512.5,17.64,Performing,Medium
LOAN0003499,CUST005166,trade finance,USD,8340732.5,12.61,NonPerforming,Medium
LOAN0003500,CUST003368,working capital,INR,9973598.26,6.48,NonPerforming,Very High
LOAN0003501,CUST004932,mortgage,USD,2105650.67,12.32,Performing,High
LOAN0003502,CUST005147,working capital,USD,3992000.32,9.92,NonPerforming,Medium
LOAN0003503,CUST000854,commercial overdraft,USD,1459585.64,14.96,Performing,High
LOAN0003504,CUST000783,working capital,USD,2140050.43,11.07,Performing,Very High
LOAN0003505,CUST009004,trade finance,INR,755962.45,5.64,Performing,Very High
LOAN0003506,CUST000637,commercial overdraft,GBP,4140878.29,10.93,Performing,Low
LOAN0003507,CUST001300,mortgage,USD,8374611.52,5.73,Watch,Very High
LOAN0003508,CUST003454,working capital,GBP,2674731.29,17.71,Performing,Very High
LOAN0003509,CUST007721,mortgage,USD,5500254.78,8.64,NonPerforming,Low
LOAN0003510,CUST005473,working capital,INR,9672830.0,14.48,NonPerforming,Very High
LOAN0003511,CUST007225,working capital,INR,8055924.0,16.88,Performing,Very High
LOAN0003512,CUST001928,commercial overdraft,GBP,7336391.66,13.0,NonPerforming,Medium
LOAN0003513,CUST003503,trade finance,USD,1494059.2,16.46,NonPerforming,High
LOAN0003514,CUST005091,working capital,GBP,9200384.18,15.03,NonPerforming,Medium
LOAN0003515,CUST009468,mortgage,USD,7947238.57,6.61,Watch,High
LOAN0003516,CUST003532,term loan,INR,3254979.45,12.41,Performing,Very High
LOAN0003517,CUST007132,working capital,INR,5303453.27,12.49,NonPerforming,Medium
LOAN0003518,CUST002177,trade finance,INR,348262.68,11.78,Performing,Medium
LOAN0003519,CUST008518,trade finance,GBP,2388284.41,6.96,Performing,Very High
LOAN0003520,CUST003272,commercial overdraft,USD,4203111.67,12.28,Watch,Very High
LOAN0003521,CUST009780,credit card,GBP,7684717.78,12.21,NonPerforming,High
LOAN0003522,CUST009252,commercial overdraft,GBP,6025396.13,12.87,Watch,Medium
LOAN0003523,CUST007708,credit card,INR,7716649.81,15.73,NonPerforming,Medium
LOAN0003524,CUST000640,trade finance,INR,8905855.42,16.6,NonPerforming,Very High
LOAN0003525,CUST006494,trade finance,INR,6628204.32,11.77,Performing,Low
LOAN0003526,CUST003298,term loan,USD,2950053.28,12.5,Watch,Very High
LOAN0003527,CUST007289,mortgage,INR,9970476.09,13.69,NonPerforming,Very High
LOAN0003528,CUST002240,working capital,INR,4797087.69,5.86,Performing,Very High
LOAN0003529,CUST001248,commercial overdraft,GBP,7488884.62,11.3,NonPerforming,Low
LOAN0003530,CUST004367,commercial overdraft,GBP,9683517.59,14.4,NonPerforming,High
LOAN0003531,CUST004634,term loan,USD,7128807.12,14.97,NonPerforming,Low
LOAN0003532,CUST000745,term loan,USD,4764631.95,12.51,Performing,Medium
LOAN0003533,CUST002475,trade finance,GBP,1371670.34,13.86,Performing,Low
LOAN0003534,CUST005863,trade finance,INR,2785197.59,9.65,Performing,Low
LOAN0003535,CUST004045,commercial overdraft,GBP,1303970.24,5.01,NonPerforming,Low
LOAN0003536,CUST000869,mortgage,USD,2228748.3,14.37,NonPerforming,High
LOAN0003537,CUST009889,credit card,GBP,7310919.5,5.4,NonPerforming,Low
LOAN0003538,CUST007874,commercial overdraft,GBP,2202771.22,16.84,NonPerforming,Medium
LOAN0003539,CUST003285,term loan,INR,2975381.91,15.22,Performing,Very High
LOAN0003540,CUST005186,working capital,INR,3314908.35,13.61,Watch,Low
LOAN0003541,CUST001376,credit card,INR,2178692.68,15.59,Watch,Very High
LOAN0003542,CUST008852,mortgage,INR,5809148.87,11.07,Watch,Medium
LOAN0003543,CUST003908,credit card,USD,759329.32,7.52,NonPerforming,Medium
LOAN0003544,CUST009169,term loan,INR,630087.14,11.8,Performing,Low
LOAN0003545,CUST001501,working capital,INR,8232718.02,17.77,NonPerforming,Very High
LOAN0003546,CUST005125,term loan,USD,134750.37,15.5,Watch,Medium
LOAN0003547,CUST001952,mortgage,USD,5183044.65,11.93,NonPerforming,Low
LOAN0003548,CUST007491,mortgage,USD,4311563.09,17.35,Performing,Low
LOAN0003549,CUST001892,credit card,GBP,5709120.58,14.41,NonPerforming,Low
LOAN0003550,CUST007585,working capital,USD,8743383.79,11.1,Performing,Very High
LOAN0003551,CUST005320,trade finance,GBP,9537281.28,8.13,NonPerforming,Medium
LOAN0003552,CUST007076,credit card,USD,8519907.13,11.88,NonPerforming,High
LOAN0003553,CUST000617,trade finance,GBP,1400072.06,5.97,Watch,High
LOAN0003554,CUST007761,credit card,GBP,1759468.2,11.88,Performing,Low
LOAN0003555,CUST001946,credit card,INR,9589039.04,10.88,Performing,Very High
LOAN0003556,CUST005376,credit card,USD,5438077.22,8.23,NonPerforming,Low
LOAN0003557,CUST004764,term loan,INR,6741790.66,9.63,Performing,High
LOAN0003558,CUST001853,credit card,GBP,8653366.86,9.82,Performing,Medium
LOAN0003559,CUST005050,term loan,INR,514370.54,13.3,NonPerforming,Medium
LOAN0003560,CUST003499,working capital,GBP,1891360.14,12.56,NonPerforming,Medium
LOAN0003561,CUST002511,working capital,USD,3764890.42,11.32,Watch,Medium
LOAN0003562,CUST001498,term loan,INR,3312820.89,11.42,Watch,Very High
LOAN0003563,CUST004320,term loan,GBP,7124934.62,11.61,NonPerforming,Low
LOAN0003564,CUST000386,commercial overdraft,USD,9359422.89,5.18,Watch,Low
LOAN0003565,CUST006710,trade finance,USD,4861450.48,10.56,NonPerforming,Very High
LOAN0003566,CUST009143,mortgage,INR,313337.41,14.75,Watch,High
LOAN0003567,CUST001466,mortgage,GBP,7477849.9,12.15,NonPerforming,Very High
LOAN0003568,CUST005828,term loan,INR,8656095.95,7.19,Performing,High
LOAN0003569,CUST003113,credit card,INR,7299834.03,7.57,Watch,Very High
LOAN0003570,CUST008323,term loan,GBP,8026781.19,17.01,NonPerforming,High
LOAN0003571,CUST000745,working capital,INR,3458943.31,11.23,NonPerforming,Low
LOAN0003572,CUST004642,working capital,GBP,2430154.16,16.49,NonPerforming,High
LOAN0003573,CUST003920,commercial overdraft,GBP,6599697.69,15.81,Watch,High
LOAN0003574,CUST001272,term loan,USD,9556380.0,16.76,Performing,High
LOAN0003575,CUST004436,term loan,USD,5320336.41,11.99,Watch,Very High
LOAN0003576,CUST008834,mortgage,INR,1461995.76,17.76,NonPerforming,Very High
LOAN0003577,CUST005250,working capital,GBP,6961617.43,10.6,Performing,High
LOAN0003578,CUST002397,trade finance,INR,4593252.72,16.61,NonPerforming,Low
LOAN0003579,CUST001322,credit card,INR,6948854.66,13.17,NonPerforming,Low
LOAN0003580,CUST006536,trade finance,USD,4795067.01,16.43,Performing,Medium
LOAN0003581,CUST006793,working capital,USD,6571942.73,12.23,Watch,Low
LOAN0003582,CUST002304,mortgage,GBP,5826871.67,6.28,Watch,Very High
LOAN0003583,CUST000773,commercial overdraft,GBP,5307348.96,6.9,Watch,Low
LOAN0003584,CUST004519,trade finance,INR,8493259.75,8.82,NonPerforming,Very High
LOAN0003585,CUST000690,working capital,USD,1017601.64,5.79,NonPerforming,Medium
LOAN0003586,CUST006556,term loan,GBP,6455100.04,6.46,Watch,Low
LOAN0003587,CUST006232,mortgage,USD,4007455.92,8.26,Performing,Low
LOAN0003588,CUST008807,credit card,INR,7289055.17,7.27,NonPerforming,Medium
LOAN0003589,CUST000122,commercial overdraft,USD,8825037.22,11.06,NonPerforming,Very High
LOAN0003590,CUST006764,working capital,INR,7401523.18,14.01,Performing,Very High
LOAN0003591,CUST008713,term loan,USD,8661294.69,17.46,Performing,Medium
LOAN0003592,CUST008899,term loan,GBP,2307695.24,10.13,NonPerforming,Very High
LOAN0003593,CUST000912,commercial overdraft,USD,3255833.26,5.18,NonPerforming,Low
LOAN0003594,CUST007566,working capital,INR,2992554.06,15.5,Performing,Very High
LOAN0003595,CUST002552,credit card,INR,6565444.47,8.28,Performing,Medium
LOAN0003596,CUST003418,working capital,INR,8298785.66,8.2,Performing,Low
LOAN0003597,CUST007823,working capital,USD,8078818.53,6.21,Watch,Medium
LOAN0003598,CUST008462,working capital,USD,2228616.25,10.66,NonPerforming,Low
LOAN0003599,CUST003060,trade finance,GBP,1385665.45,15.52,Watch,Low
LOAN0003600,CUST005345,mortgage,USD,7060863.28,14.4,Watch,Very High
LOAN0003601,CUST005048,trade finance,INR,1422294.62,6.44,Watch,High
LOAN0003602,CUST005372,term loan,USD,6038367.5,13.02,NonPerforming,Medium
LOAN0003603,CUST002302,term loan,GBP,3371130.38,5.28,Watch,Low
LOAN0003604,CUST009305,credit card,INR,8246400.24,10.97,NonPerforming,High
LOAN0003605,CUST008062,mortgage,USD,8186140.1,11.56,NonPerforming,Low
LOAN0003606,CUST000672,commercial overdraft,USD,6073627.04,7.07,Performing,Very High
LOAN0003607,CUST007404,trade finance,USD,2263239.09,9.37,NonPerforming,High
LOAN0003608,CUST005344,mortgage,USD,6787329.64,5.66,Performing,Very High
LOAN0003609,CUST004740,working capital,INR,1075623.57,7.22,Watch,High
LOAN0003610,CUST009733,mortgage,GBP,7604575.44,5.84,Performing,Low
LOAN0003611,CUST000211,trade finance,GBP,2355736.47,10.98,NonPerforming,Medium
LOAN0003612,CUST007664,working capital,INR,5285645.35,5.42,NonPerforming,Medium
LOAN0003613,CUST002572,trade finance,USD,7109721.35,10.79,Performing,Medium
LOAN0003614,CUST001837,commercial overdraft,INR,5715395.66,13.2,Watch,Low
LOAN0003615,CUST003542,trade finance,USD,2616517.52,8.04,Performing,High
LOAN0003616,CUST004768,term loan,USD,5888957.77,14.15,NonPerforming,Very High
LOAN0003617,CUST003443,working capital,USD,6089805.72,8.46,NonPerforming,Low
LOAN0003618,CUST005970,term loan,INR,5162806.94,5.22,NonPerforming,Low
LOAN0003619,CUST006420,term loan,GBP,3679852.5,17.07,Watch,Low
LOAN0003620,CUST007106,working capital,GBP,2492062.52,11.38,Watch,Low
LOAN0003621,CUST009260,working capital,GBP,4102088.41,9.85,Watch,Medium
LOAN0003622,CUST009574,commercial overdraft,INR,3923346.57,9.65,Watch,Medium
LOAN0003623,CUST007198,trade finance,USD,2198211.54,17.61,Performing,Medium
LOAN0003624,CUST000843,commercial overdraft,INR,5588045.65,16.48,Watch,High
LOAN0003625,CUST000512,term loan,GBP,9933946.25,14.84,Performing,High
LOAN0003626,CUST001770,credit card,USD,3642096.51,12.27,NonPerforming,Medium
LOAN0003627,CUST002024,credit card,USD,2127107.88,6.43,Watch,Low
LOAN0003628,CUST007092,credit card,USD,3314027.63,12.71,Performing,High
LOAN0003629,CUST001420,term loan,GBP,4278810.74,5.48,NonPerforming,Medium
LOAN0003630,CUST006653,trade finance,INR,6454742.66,11.07,Watch,Very High
LOAN0003631,CUST005646,commercial overdraft,INR,5235976.13,6.25,Watch,Very High
LOAN0003632,CUST007274,term loan,INR,6564228.19,8.03,NonPerforming,Low
LOAN0003633,CUST008025,trade finance,INR,962064.19,8.04,Watch,Low
LOAN0003634,CUST007860,credit card,INR,6308752.84,17.17,Performing,Very High
LOAN0003635,CUST006794,trade finance,GBP,2708734.84,8.83,Watch,Very High
LOAN0003636,CUST009887,commercial overdraft,USD,5449977.95,11.81,NonPerforming,Medium
LOAN0003637,CUST003860,term loan,INR,4280187.51,5.33,Performing,Medium
LOAN0003638,CUST008202,commercial overdraft,USD,119459.91,15.78,NonPerforming,Medium
LOAN0003639,CUST004848,commercial overdraft,INR,7521854.4,6.94,Performing,Low
LOAN0003640,CUST004726,mortgage,GBP,3487265.4,10.84,NonPerforming,Low
LOAN0003641,CUST001921,mortgage,GBP,853317.99,13.47,Performing,Low
LOAN0003642,CUST005277,term loan,GBP,836473.82,7.2,Performing,Medium
LOAN0003643,CUST009505,working capital,USD,4645995.39,9.46,Performing,Medium
LOAN0003644,CUST002405,trade finance,USD,3073612.07,10.95,Performing,Medium
LOAN0003645,CUST008612,working capital,GBP,5574314.19,16.76,Performing,Very High
LOAN0003646,CUST006782,commercial overdraft,INR,6848327.62,6.9,Performing,Very High
LOAN0003647,CUST000231,trade finance,USD,5647270.41,17.7,Watch,High
LOAN0003648,CUST001927,term loan,INR,9456716.58,9.91,Performing,Medium
LOAN0003649,CUST004680,credit card,USD,201570.72,15.34,Performing,Medium
LOAN0003650,CUST003652,credit card,INR,9809652.42,5.96,NonPerforming,Medium
LOAN0003651,CUST003408,trade finance,GBP,4224379.53,17.69,Watch,High
LOAN0003652,CUST006015,mortgage,GBP,9676886.42,7.82,Performing,High
LOAN0003653,CUST009448,credit card,INR,7333881.24,10.74,Performing,High
LOAN0003654,CUST009464,commercial overdraft,USD,3926831.07,5.25,Watch,Low
LOAN0003655,CUST008172,credit card,GBP,9532852.63,6.01,Watch,Low
LOAN0003656,CUST009331,credit card,INR,5586637.76,9.61,NonPerforming,Low
LOAN0003657,CUST004875,commercial overdraft,USD,3434280.08,16.31,Performing,Very High
LOAN0003658,CUST009131,term loan,USD,218067.74,16.12,NonPerforming,Medium
LOAN0003659,CUST003797,trade finance,GBP,228401.95,12.41,Performing,Low
LOAN0003660,CUST005101,term loan,GBP,2869751.68,15.29,Performing,Medium
LOAN0003661,CUST000229,working capital,GBP,3998694.35,9.49,NonPerforming,Low
LOAN0003662,CUST009588,mortgage,INR,3143620.43,13.39,NonPerforming,Low
LOAN0003663,CUST009123,trade finance,GBP,9948168.07,7.4,NonPerforming,Very High
LOAN0003664,CUST008178,credit card,GBP,8623463.45,11.76,Performing,High
LOAN0003665,CUST009346,working capital,GBP,407313.4,10.24,NonPerforming,Low
LOAN0003666,CUST003677,credit card,INR,1133859.71,6.05,Performing,High
LOAN0003667,CUST009525,commercial overdraft,USD,123259.0,9.63,NonPerforming,Very High
LOAN0003668,CUST006095,working capital,USD,8548558.98,9.83,NonPerforming,Very High
LOAN0003669,CUST001031,credit card,INR,7525523.36,17.91,Watch,Medium
LOAN0003670,CUST000764,mortgage,USD,7901903.88,9.49,NonPerforming,High
LOAN0003671,CUST006152,trade finance,INR,5541189.1,12.24,Performing,Medium
LOAN0003672,CUST000032,term loan,INR,4128202.24,5.77,Watch,Very High
LOAN0003673,CUST004336,working capital,INR,3520545.72,17.67,NonPerforming,Medium
LOAN0003674,CUST004966,mortgage,GBP,5637947.16,11.28,Watch,High
LOAN0003675,CUST008088,mortgage,GBP,2717984.31,13.82,Performing,Very High
LOAN0003676,CUST009023,term loan,INR,6523306.55,8.94,Watch,Very High
LOAN0003677,CUST003311,working capital,USD,6517553.72,6.14,Watch,Medium
LOAN0003678,CUST008537,trade finance,USD,5271182.93,11.17,Watch,Very High
LOAN0003679,CUST003803,credit card,USD,8915420.77,10.12,Watch,Low
LOAN0003680,CUST008547,term loan,USD,4142692.66,10.03,Watch,High
LOAN0003681,CUST008680,trade finance,USD,7086651.39,16.7,Watch,Medium
LOAN0003682,CUST007576,term loan,USD,4073273.08,9.21,NonPerforming,High
LOAN0003683,CUST004573,credit card,INR,9123942.36,9.57,NonPerforming,Low
LOAN0003684,CUST002533,working capital,INR,3672132.85,10.89,Watch,Medium
LOAN0003685,CUST004711,working capital,INR,5754628.91,17.07,Watch,Low
LOAN0003686,CUST004544,working capital,GBP,1684416.98,11.92,NonPerforming,Medium
LOAN0003687,CUST003206,mortgage,USD,8831050.06,10.87,NonPerforming,Very High
LOAN0003688,CUST005257,trade finance,GBP,408334.37,9.58,NonPerforming,Medium
LOAN0003689,CUST005299,term loan,GBP,6122113.57,12.68,Performing,Low
LOAN0003690,CUST008470,trade finance,GBP,7942907.56,16.8,Performing,Very High
LOAN0003691,CUST002861,working capital,GBP,4959260.72,8.7,Watch,Medium
LOAN0003692,CUST007367,mortgage,USD,6769702.53,7.37,Watch,High
LOAN0003693,CUST005789,term loan,INR,2458962.26,11.13,Performing,High
LOAN0003694,CUST003915,mortgage,GBP,7238232.17,17.7,Watch,High
LOAN0003695,CUST005220,mortgage,USD,9610182.84,16.96,Watch,Very High
LOAN0003696,CUST002493,credit card,INR,7466747.35,7.17,Performing,Low
LOAN0003697,CUST008387,working capital,INR,757476.87,15.58,Performing,Medium
LOAN0003698,CUST003021,mortgage,INR,1635757.63,8.26,Performing,High
LOAN0003699,CUST002465,credit card,INR,5319643.0,13.6,Watch,Low
LOAN0003700,CUST006373,trade finance,GBP,187601.03,9.37,Performing,High
LOAN0003701,CUST001604,credit card,INR,6488802.2,9.34,NonPerforming,Very High
LOAN0003702,CUST003882,credit card,GBP,2449315.61,6.23,NonPerforming,Very High
LOAN0003703,CUST002819,term loan,USD,1055130.1,9.98,NonPerforming,High
LOAN0003704,CUST006123,term loan,GBP,3179245.06,9.68,Watch,Very High
LOAN0003705,CUST001206,commercial overdraft,USD,5144558.46,5.43,Performing,Very High
LOAN0003706,CUST005440,working capital,USD,9299568.02,15.83,NonPerforming,Low
LOAN0003707,CUST003044,mortgage,GBP,8820724.97,9.19,Watch,High
LOAN0003708,CUST008389,working capital,USD,8917672.24,7.07,Performing,Low
LOAN0003709,CUST004879,mortgage,INR,4503437.34,13.58,Performing,Very High
LOAN0003710,CUST002267,credit card,USD,1433107.11,7.05,Performing,Low
LOAN0003711,CUST000497,working capital,GBP,2785023.7,17.34,Watch,Medium
LOAN0003712,CUST001818,commercial overdraft,INR,2038335.27,9.29,NonPerforming,High
LOAN0003713,CUST007833,term loan,INR,5614428.96,9.21,NonPerforming,Very High
LOAN0003714,CUST002619,term loan,USD,6979899.2,17.52,Watch,Low
LOAN0003715,CUST001473,working capital,INR,3963961.53,7.46,Performing,High
LOAN0003716,CUST003165,trade finance,GBP,82808.74,14.18,Watch,Very High
LOAN0003717,CUST007811,mortgage,GBP,2133133.31,14.1,NonPerforming,High
LOAN0003718,CUST007412,term loan,GBP,1809069.77,16.78,Watch,Very High
LOAN0003719,CUST001943,working capital,USD,5083459.68,12.03,NonPerforming,High
LOAN0003720,CUST005123,credit card,INR,2242641.3,13.51,NonPerforming,Medium
LOAN0003721,CUST008838,mortgage,GBP,3995930.48,16.6,NonPerforming,High
LOAN0003722,CUST006488,working capital,INR,8613162.35,7.28,NonPerforming,Medium
LOAN0003723,CUST006635,working capital,INR,3678310.75,6.54,Watch,Medium
LOAN0003724,CUST009439,commercial overdraft,USD,3640971.73,8.23,Performing,Very High
LOAN0003725,CUST003919,credit card,USD,4865666.47,15.19,Performing,Very High
LOAN0003726,CUST004817,working capital,INR,9177236.59,9.97,Performing,Medium
LOAN0003727,CUST006888,commercial overdraft,INR,3978449.74,16.09,Watch,Low
LOAN0003728,CUST006884,credit card,GBP,4506807.7,10.29,Watch,High
LOAN0003729,CUST002013,working capital,GBP,6568917.02,7.41,Watch,Low
LOAN0003730,CUST002492,mortgage,USD,6725718.52,6.12,Watch,Very High
LOAN0003731,CUST002132,credit card,GBP,8958160.31,14.87,Performing,Low
LOAN0003732,CUST004898,working capital,GBP,6068503.09,13.65,NonPerforming,Low
LOAN0003733,CUST005792,mortgage,USD,4406383.75,17.17,NonPerforming,High
LOAN0003734,CUST004422,mortgage,INR,2055398.26,9.16,NonPerforming,Very High
LOAN0003735,CUST009712,mortgage,INR,26587.57,16.19,Watch,Medium
LOAN0003736,CUST005902,trade finance,INR,4963897.62,13.89,Watch,High
LOAN0003737,CUST006174,credit card,INR,1890203.71,11.35,NonPerforming,Medium
LOAN0003738,CUST009978,credit card,INR,1633200.61,7.0,Performing,Very High
LOAN0003739,CUST007408,mortgage,GBP,1186163.7,13.66,NonPerforming,Low
LOAN0003740,CUST006040,mortgage,INR,1920236.35,14.63,Watch,High
LOAN0003741,CUST000348,credit card,USD,6079651.07,13.25,Watch,Very High
LOAN0003742,CUST003145,term loan,GBP,6940412.29,15.66,Watch,High
LOAN0003743,CUST005085,term loan,USD,5597895.01,10.65,Watch,High
LOAN0003744,CUST001562,credit card,GBP,7504310.15,11.7,Performing,Low
LOAN0003745,CUST004580,working capital,GBP,6901176.58,5.31,Performing,Medium
LOAN0003746,CUST006772,trade finance,INR,6749396.43,12.71,Performing,Very High
LOAN0003747,CUST000222,credit card,USD,6895790.18,7.85,Watch,Medium
LOAN0003748,CUST000848,trade finance,GBP,1087651.85,15.52,Watch,Low
LOAN0003749,CUST007740,mortgage,INR,2018931.68,9.23,NonPerforming,High
LOAN0003750,CUST006793,working capital,GBP,5073876.43,16.87,Performing,Low
LOAN0003751,CUST006195,mortgage,USD,5950623.0,7.75,Watch,Low
LOAN0003752,CUST002453,mortgage,GBP,2569563.17,14.88,Performing,High
LOAN0003753,CUST001743,commercial overdraft,INR,8321875.03,9.09,NonPerforming,Very High
LOAN0003754,CUST006926,working capital,INR,5594645.09,6.34,NonPerforming,Medium
LOAN0003755,CUST006269,working capital,INR,4700103.51,11.72,NonPerforming,High
LOAN0003756,CUST009522,mortgage,GBP,9704262.97,12.47,Watch,Low
LOAN0003757,CUST003487,commercial overdraft,USD,6163279.68,14.3,Watch,Low
LOAN0003758,CUST006191,trade finance,GBP,9879575.04,11.45,Performing,Low
LOAN0003759,CUST006065,credit card,GBP,2219212.01,12.43,Watch,Very High
LOAN0003760,CUST007324,commercial overdraft,INR,7481718.25,13.93,NonPerforming,Very High
LOAN0003761,CUST006699,mortgage,GBP,8696862.06,10.35,NonPerforming,Medium
LOAN0003762,CUST009711,credit card,INR,2567627.65,10.95,Watch,Low
LOAN0003763,CUST002116,commercial overdraft,INR,9830079.59,12.74,Performing,High
LOAN0003764,CUST005934,working capital,USD,8510021.85,15.66,Performing,Low
LOAN0003765,CUST001683,trade finance,GBP,6645583.21,10.96,NonPerforming,Very High
LOAN0003766,CUST001788,term loan,GBP,9016970.34,9.56,NonPerforming,High
LOAN0003767,CUST009537,credit card,INR,2392401.51,13.53,Watch,Very High
LOAN0003768,CUST009083,credit card,USD,7977451.21,6.36,Performing,Medium
LOAN0003769,CUST009274,credit card,USD,1675236.83,15.17,NonPerforming,Medium
LOAN0003770,CUST009380,mortgage,GBP,7193100.34,7.59,Watch,Very High
LOAN0003771,CUST002342,working capital,INR,5488530.79,6.12,Performing,Very High
LOAN0003772,CUST002397,commercial overdraft,GBP,881002.32,10.35,NonPerforming,Medium
LOAN0003773,CUST009089,credit card,USD,9385841.15,10.01,NonPerforming,Low
LOAN0003774,CUST008292,trade finance,USD,7875835.59,16.3,Watch,Very High
LOAN0003775,CUST008180,credit card,USD,4971570.81,10.25,NonPerforming,Very High
LOAN0003776,CUST007742,commercial overdraft,INR,3261833.65,8.62,NonPerforming,Low
LOAN0003777,CUST007917,mortgage,GBP,1176138.81,16.07,NonPerforming,Medium
LOAN0003778,CUST006610,credit card,GBP,9574346.74,5.72,Watch,Low
LOAN0003779,CUST003143,trade finance,GBP,2744082.88,11.9,Watch,High
LOAN0003780,CUST000155,credit card,USD,3904922.93,7.22,Performing,Low
LOAN0003781,CUST003229,credit card,USD,3662489.38,9.56,Watch,Very High
LOAN0003782,CUST008254,term loan,GBP,3952611.3,9.38,Watch,High
LOAN0003783,CUST002725,trade finance,USD,5430229.55,8.1,Watch,High
LOAN0003784,CUST000302,term loan,GBP,3429472.14,10.19,Watch,Medium
LOAN0003785,CUST009353,mortgage,GBP,6585117.06,10.55,NonPerforming,High
LOAN0003786,CUST002065,credit card,INR,5962290.79,6.67,Watch,High
LOAN0003787,CUST009883,working capital,INR,2514158.87,5.45,Watch,Medium
LOAN0003788,CUST008796,trade finance,USD,7731465.62,15.87,NonPerforming,High
LOAN0003789,CUST009910,trade finance,GBP,6148686.59,10.86,NonPerforming,Very High
LOAN0003790,CUST006334,trade finance,USD,3479906.04,17.29,NonPerforming,Low
LOAN0003791,CUST006752,term loan,INR,7947177.57,6.41,Watch,Low
LOAN0003792,CUST005522,commercial overdraft,GBP,9668008.9,16.54,Watch,Very High
LOAN0003793,CUST003354,mortgage,USD,5844839.43,12.85,NonPerforming,Low
LOAN0003794,CUST004118,working capital,GBP,1094331.84,17.11,Performing,Low
LOAN0003795,CUST001301,term loan,GBP,8344422.03,6.51,Performing,Medium
LOAN0003796,CUST002846,working capital,GBP,1347744.54,17.22,Watch,Low
LOAN0003797,CUST009811,working capital,GBP,58260.26,16.63,Watch,Medium
LOAN0003798,CUST008602,term loan,INR,3075370.61,14.72,Watch,High
LOAN0003799,CUST000060,term loan,USD,9353250.2,9.12,Watch,High
LOAN0003800,CUST007478,mortgage,GBP,9750113.17,8.94,NonPerforming,Low
LOAN0003801,CUST006634,term loan,GBP,4605882.52,10.18,Performing,Medium
LOAN0003802,CUST000024,term loan,INR,1413869.28,6.04,Performing,Medium
LOAN0003803,CUST009344,term loan,GBP,1093586.87,16.27,Watch,High
LOAN0003804,CUST003223,credit card,GBP,3340840.78,11.17,NonPerforming,Low
LOAN0003805,CUST005880,credit card,INR,2171794.64,13.56,Watch,Low
LOAN0003806,CUST002806,commercial overdraft,GBP,9467068.63,13.21,Performing,High
LOAN0003807,CUST008460,credit card,GBP,3086638.82,17.55,Watch,Very High
LOAN0003808,CUST007679,working capital,INR,2003460.08,17.49,Performing,Very High
LOAN0003809,CUST002977,credit card,USD,3581714.0,15.26,Watch,High
LOAN0003810,CUST005021,mortgage,GBP,9419042.6,12.81,NonPerforming,Medium
LOAN0003811,CUST000740,mortgage,USD,2756446.39,9.44,Watch,Low
LOAN0003812,CUST009009,trade finance,USD,2472093.53,10.74,NonPerforming,High
LOAN0003813,CUST000660,working capital,GBP,1819426.26,8.72,Watch,Medium
LOAN0003814,CUST004819,commercial overdraft,USD,8368069.68,12.49,Watch,Medium
LOAN0003815,CUST007188,commercial overdraft,USD,8864304.26,10.87,Performing,Low
LOAN0003816,CUST001399,commercial overdraft,INR,8998084.6,12.07,NonPerforming,Low
LOAN0003817,CUST004497,credit card,INR,9100854.45,8.62,Watch,Very High
LOAN0003818,CUST008065,trade finance,USD,3780254.35,15.54,Watch,High
LOAN0003819,CUST003234,working capital,INR,5827093.74,8.24,Performing,Very High
LOAN0003820,CUST000143,term loan,INR,6319582.76,17.69,Performing,High
LOAN0003821,CUST001371,mortgage,GBP,8903675.84,9.62,NonPerforming,Low
LOAN0003822,CUST006995,mortgage,USD,2866625.77,7.31,Watch,Very High
LOAN0003823,CUST007179,working capital,USD,7567645.21,17.56,Performing,High
LOAN0003824,CUST006610,commercial overdraft,USD,8179896.94,10.23,Watch,High
LOAN0003825,CUST009006,commercial overdraft,INR,3419461.56,14.37,NonPerforming,Low
LOAN0003826,CUST001929,credit card,GBP,1823009.6,16.45,Performing,Very High
LOAN0003827,CUST005334,credit card,INR,4543968.5,12.37,NonPerforming,Medium
LOAN0003828,CUST000134,trade finance,INR,8793279.99,9.81,Watch,High
LOAN0003829,CUST009843,commercial overdraft,USD,2519402.22,7.85,NonPerforming,High
LOAN0003830,CUST009415,trade finance,GBP,8912666.08,16.02,Watch,Medium
LOAN0003831,CUST005527,trade finance,USD,5368004.28,5.74,Watch,Very High
LOAN0003832,CUST004659,commercial overdraft,USD,2709080.21,5.78,Performing,Low
LOAN0003833,CUST003772,working capital,USD,2776475.34,13.62,Performing,Low
LOAN0003834,CUST006138,commercial overdraft,USD,5021005.18,15.15,NonPerforming,Low
LOAN0003835,CUST002654,working capital,USD,5875932.76,5.46,Watch,Medium
LOAN0003836,CUST000843,working capital,USD,7027768.98,9.61,NonPerforming,Very High
LOAN0003837,CUST001564,commercial overdraft,INR,7313684.18,9.35,NonPerforming,High
LOAN0003838,CUST005554,trade finance,USD,3822742.34,12.24,NonPerforming,Low
LOAN0003839,CUST009318,term loan,GBP,6956225.57,7.33,Watch,Low
LOAN0003840,CUST007458,trade finance,USD,6332653.4,11.19,NonPerforming,High
LOAN0003841,CUST003561,commercial overdraft,GBP,5192267.58,6.65,Watch,Low
LOAN0003842,CUST009313,working capital,GBP,6501281.87,16.5,Watch,Low
LOAN0003843,CUST002434,credit card,GBP,6895673.72,10.04,NonPerforming,High
LOAN0003844,CUST001089,trade finance,USD,9814482.16,5.12,NonPerforming,Low
LOAN0003845,CUST008900,mortgage,GBP,5167358.77,8.6,Watch,High
LOAN0003846,CUST000165,credit card,GBP,6817357.1,16.04,Watch,Medium
LOAN0003847,CUST002695,term loan,USD,1038187.06,16.14,Watch,Medium
LOAN0003848,CUST007566,credit card,USD,1737811.45,9.9,NonPerforming,Low
LOAN0003849,CUST006083,working capital,GBP,6633776.7,13.1,Watch,Low
LOAN0003850,CUST000055,commercial overdraft,USD,5284813.66,11.54,Watch,Low
LOAN0003851,CUST004011,commercial overdraft,INR,5478112.11,9.88,Performing,Low
LOAN0003852,CUST001172,mortgage,USD,7680298.97,7.76,NonPerforming,Very High
LOAN0003853,CUST003994,trade finance,INR,7471240.62,5.83,NonPerforming,High
LOAN0003854,CUST007987,credit card,GBP,6325998.84,8.0,Performing,Low
LOAN0003855,CUST000952,credit card,INR,5403040.24,10.21,NonPerforming,Low
LOAN0003856,CUST005818,working capital,GBP,4637606.52,13.6,NonPerforming,Very High
LOAN0003857,CUST008409,trade finance,INR,1630628.24,5.27,Watch,Low
LOAN0003858,CUST008643,working capital,USD,7086665.33,7.68,Watch,Very High
LOAN0003859,CUST008487,credit card,USD,5307422.82,11.37,NonPerforming,Medium
LOAN0003860,CUST004225,credit card,USD,6863641.64,15.92,Watch,Very High
LOAN0003861,CUST005119,credit card,INR,2857951.58,16.65,Watch,High
LOAN0003862,CUST005001,mortgage,GBP,3361436.77,5.89,Performing,Medium
LOAN0003863,CUST006889,term loan,USD,737620.68,7.1,NonPerforming,High
LOAN0003864,CUST006125,trade finance,USD,7151100.91,5.89,Watch,Low
LOAN0003865,CUST003458,credit card,GBP,8828097.01,7.28,Performing,Very High
LOAN0003866,CUST000910,mortgage,INR,2543968.02,6.58,NonPerforming,Low
LOAN0003867,CUST005324,working capital,USD,3351539.95,14.36,Watch,High
LOAN0003868,CUST004945,term loan,INR,2921968.73,8.68,NonPerforming,Medium
LOAN0003869,CUST001959,mortgage,USD,4759210.34,15.09,Performing,Low
LOAN0003870,CUST005327,working capital,USD,7636946.27,5.54,Watch,High
LOAN0003871,CUST004374,commercial overdraft,INR,8179262.2,14.97,NonPerforming,High
LOAN0003872,CUST004605,trade finance,INR,5463029.99,12.32,NonPerforming,Very High
LOAN0003873,CUST003964,commercial overdraft,USD,7990336.42,15.31,Watch,High
LOAN0003874,CUST004116,trade finance,GBP,4310190.4,5.9,Performing,Medium
LOAN0003875,CUST006007,term loan,USD,652665.64,13.42,NonPerforming,Medium
LOAN0003876,CUST002992,working capital,USD,2066399.52,11.02,Performing,Medium
LOAN0003877,CUST006374,term loan,INR,9114367.76,9.06,Performing,High
LOAN0003878,CUST002813,mortgage,GBP,6339313.02,15.93,Watch,Medium
LOAN0003879,CUST002680,mortgage,INR,7519620.88,8.69,NonPerforming,Low
LOAN0003880,CUST007742,mortgage,INR,2537483.75,10.02,Watch,Very High
LOAN0003881,CUST002842,commercial overdraft,GBP,4321711.22,9.91,NonPerforming,Medium
LOAN0003882,CUST006654,mortgage,INR,6300812.95,7.7,NonPerforming,High
LOAN0003883,CUST005845,trade finance,GBP,247777.83,17.05,Performing,High
LOAN0003884,CUST002886,trade finance,INR,1460332.76,15.96,NonPerforming,High
LOAN0003885,CUST005946,credit card,USD,4476778.29,17.33,Watch,Low
LOAN0003886,CUST009489,term loan,INR,9151891.88,10.5,NonPerforming,Low
LOAN0003887,CUST007812,mortgage,INR,933704.81,9.04,NonPerforming,Low
LOAN0003888,CUST002866,term loan,INR,4933584.81,5.23,NonPerforming,Low
LOAN0003889,CUST005551,mortgage,GBP,8831304.71,13.05,Watch,Very High
LOAN0003890,CUST002851,trade finance,USD,7322206.54,16.29,Performing,High
LOAN0003891,CUST008100,term loan,GBP,9989824.59,5.87,Watch,Medium
LOAN0003892,CUST008673,term loan,USD,1904819.12,17.51,NonPerforming,Medium
LOAN0003893,CUST003491,credit card,USD,2094804.29,7.68,NonPerforming,Low
LOAN0003894,CUST001437,commercial overdraft,INR,4304696.82,6.27,Watch,High
LOAN0003895,CUST002178,credit card,INR,839205.79,14.46,Watch,High
LOAN0003896,CUST003872,mortgage,INR,9707028.22,6.91,Watch,High
LOAN0003897,CUST003692,term loan,USD,2925584.23,10.53,Watch,High
LOAN0003898,CUST006454,working capital,GBP,5128348.05,14.99,Watch,Very High
LOAN0003899,CUST009575,commercial overdraft,GBP,2053718.97,12.39,Performing,Very High
LOAN0003900,CUST002060,trade finance,USD,6112009.0,13.62,Performing,High
LOAN0003901,CUST009489,commercial overdraft,GBP,5597486.47,15.35,NonPerforming,Very High
LOAN0003902,CUST000053,working capital,INR,9787618.63,6.46,Watch,Low
LOAN0003903,CUST005508,working capital,GBP,5762077.44,13.3,Performing,Medium
LOAN0003904,CUST003618,mortgage,INR,6468119.77,17.53,Performing,Very High
LOAN0003905,CUST007922,working capital,USD,3816742.35,13.57,NonPerforming,High
LOAN0003906,CUST001348,mortgage,INR,9308258.49,17.01,NonPerforming,Very High
LOAN0003907,CUST006617,term loan,GBP,8786755.13,15.42,Performing,High
LOAN0003908,CUST007476,mortgage,GBP,4160602.73,11.03,NonPerforming,Low
LOAN0003909,CUST003760,mortgage,USD,1363787.46,6.2,Watch,Very High
LOAN0003910,CUST007288,trade finance,USD,7295595.44,7.68,NonPerforming,Medium
LOAN0003911,CUST003886,trade finance,USD,7891980.14,5.37,Performing,High
LOAN0003912,CUST000152,working capital,USD,1870568.69,15.58,Watch,Very High
LOAN0003913,CUST009058,term loan,INR,4489216.73,17.27,Watch,High
LOAN0003914,CUST001709,commercial overdraft,GBP,4156285.92,9.74,Watch,Medium
LOAN0003915,CUST005540,commercial overdraft,USD,9211859.84,13.79,Performing,Very High
LOAN0003916,CUST004215,term loan,INR,1809638.18,9.77,Performing,Very High
LOAN0003917,CUST007087,trade finance,INR,5799934.42,11.14,NonPerforming,Very High
LOAN0003918,CUST006690,term loan,INR,6131041.67,6.16,Performing,Low
LOAN0003919,CUST007392,mortgage,GBP,2881071.17,9.03,NonPerforming,Medium
LOAN0003920,CUST007420,commercial overdraft,GBP,2780460.77,7.38,Performing,Very High
LOAN0003921,CUST002441,working capital,GBP,7659186.83,17.23,NonPerforming,High
LOAN0003922,CUST007475,commercial overdraft,INR,5117019.26,7.67,NonPerforming,Medium
LOAN0003923,CUST006027,term loan,INR,8353562.69,16.68,Performing,High
LOAN0003924,CUST006123,mortgage,GBP,1531704.99,12.25,NonPerforming,Very High
LOAN0003925,CUST000579,term loan,USD,2083801.58,11.84,Watch,Very High
LOAN0003926,CUST008747,credit card,GBP,4470751.01,5.93,Watch,Very High
LOAN0003927,CUST001539,trade finance,USD,3282352.08,8.47,NonPerforming,Medium
LOAN0003928,CUST001511,term loan,GBP,1023790.63,8.28,NonPerforming,Low
LOAN0003929,CUST008790,credit card,USD,8571365.04,5.53,NonPerforming,Very High
LOAN0003930,CUST004520,trade finance,INR,2758624.29,16.07,Watch,Very High
LOAN0003931,CUST008812,term loan,USD,1216168.49,17.51,Watch,Medium
LOAN0003932,CUST004993,trade finance,GBP,769017.25,15.67,Performing,High
LOAN0003933,CUST006467,trade finance,GBP,2647295.59,17.15,Performing,Low
LOAN0003934,CUST007398,credit card,GBP,2554234.27,10.53,Performing,Very High
LOAN0003935,CUST003743,term loan,USD,6371756.88,9.24,Watch,Very High
LOAN0003936,CUST000471,commercial overdraft,USD,8358490.36,13.7,NonPerforming,Very High
LOAN0003937,CUST003859,term loan,USD,3078000.78,9.62,Watch,Very High
LOAN0003938,CUST005867,credit card,GBP,6754822.26,17.45,NonPerforming,High
LOAN0003939,CUST007441,mortgage,GBP,1552451.09,16.46,NonPerforming,High
LOAN0003940,CUST001688,working capital,GBP,6498212.3,10.26,Performing,Very High
LOAN0003941,CUST007365,commercial overdraft,GBP,4846673.67,11.47,Watch,Low
LOAN0003942,CUST001851,credit card,USD,2104383.71,5.87,NonPerforming,High
LOAN0003943,CUST000874,term loan,INR,5875255.37,17.86,Performing,High
LOAN0003944,CUST006036,mortgage,GBP,9612761.44,9.29,Watch,Medium
LOAN0003945,CUST001758,commercial overdraft,INR,6091534.65,6.05,Performing,High
LOAN0003946,CUST002908,credit card,INR,5820760.01,9.92,Watch,High
LOAN0003947,CUST000882,commercial overdraft,GBP,869234.24,17.01,NonPerforming,Medium
LOAN0003948,CUST000207,term loan,USD,7262398.39,8.15,Watch,Medium
LOAN0003949,CUST000048,term loan,USD,843925.83,13.6,Performing,Low
LOAN0003950,CUST004307,trade finance,GBP,6931275.17,5.34,Performing,High
LOAN0003951,CUST003019,trade finance,INR,9431230.06,8.95,Performing,Very High
LOAN0003952,CUST004917,commercial overdraft,GBP,1068468.74,10.26,Watch,Medium
LOAN0003953,CUST002594,commercial overdraft,INR,3421753.43,8.72,Performing,Low
LOAN0003954,CUST000208,commercial overdraft,USD,6170494.61,9.09,Watch,Low
LOAN0003955,CUST006459,term loan,INR,1398582.32,11.88,Watch,Low
LOAN0003956,CUST008033,credit card,GBP,6222940.48,12.61,Performing,Medium
LOAN0003957,CUST007893,term loan,INR,4135245.42,5.61,Performing,Medium
LOAN0003958,CUST000573,term loan,USD,3186911.54,12.17,Watch,Medium
LOAN0003959,CUST003026,trade finance,GBP,6568773.57,7.99,Watch,High
LOAN0003960,CUST007776,term loan,GBP,9983275.98,11.37,NonPerforming,Low
LOAN0003961,CUST005808,credit card,INR,9118219.4,10.21,NonPerforming,Low
LOAN0003962,CUST002663,trade finance,GBP,4520486.5,12.29,Watch,Very High
LOAN0003963,CUST006012,term loan,INR,5665816.7,7.17,NonPerforming,Low
LOAN0003964,CUST009934,mortgage,GBP,4632628.83,12.71,Watch,Low
LOAN0003965,CUST009399,working capital,INR,6428675.71,14.05,Performing,Very High
LOAN0003966,CUST009437,commercial overdraft,USD,7603607.11,13.94,NonPerforming,Low
LOAN0003967,CUST007333,working capital,INR,6028070.74,12.94,NonPerforming,Very High
LOAN0003968,CUST005643,working capital,GBP,6930710.91,10.52,Performing,Low
LOAN0003969,CUST000920,credit card,GBP,2553038.48,17.19,NonPerforming,Low
LOAN0003970,CUST002710,mortgage,INR,7548977.05,8.47,NonPerforming,High
LOAN0003971,CUST006781,commercial overdraft,USD,1794149.44,10.02,NonPerforming,Very High
LOAN0003972,CUST000251,working capital,GBP,3994784.69,11.77,NonPerforming,Very High
LOAN0003973,CUST003656,trade finance,USD,9392539.71,11.87,NonPerforming,High
LOAN0003974,CUST004361,working capital,INR,8958373.28,13.37,Watch,Very High
LOAN0003975,CUST001452,credit card,GBP,3263348.46,14.56,NonPerforming,Medium
LOAN0003976,CUST000019,credit card,INR,582085.85,13.15,Performing,Medium
LOAN0003977,CUST006536,working capital,GBP,1380357.2,8.11,Performing,Very High
LOAN0003978,CUST001545,mortgage,INR,8979936.18,10.33,Watch,Medium
LOAN0003979,CUST006746,term loan,INR,2383477.55,14.51,NonPerforming,High
LOAN0003980,CUST008314,credit card,GBP,5223281.35,15.53,Watch,Very High
LOAN0003981,CUST006840,credit card,GBP,2430741.53,9.45,Watch,High
LOAN0003982,CUST008243,trade finance,INR,91977.72,5.63,Performing,Low
LOAN0003983,CUST004513,credit card,USD,909050.48,13.65,Performing,Medium
LOAN0003984,CUST000077,mortgage,GBP,9712815.87,13.27,NonPerforming,Medium
LOAN0003985,CUST002305,credit card,INR,2082800.9,8.09,Performing,Low
LOAN0003986,CUST009899,commercial overdraft,GBP,2925655.61,8.92,Performing,High
LOAN0003987,CUST007920,trade finance,USD,9995434.4,11.71,Performing,High
LOAN0003988,CUST000725,mortgage,GBP,9763314.3,7.47,Performing,Very High
LOAN0003989,CUST007134,commercial overdraft,USD,1030458.58,14.5,Watch,Medium
LOAN0003990,CUST008068,working capital,USD,9630006.14,13.79,Performing,Medium
LOAN0003991,CUST001922,trade finance,INR,9083033.95,8.72,NonPerforming,Medium
LOAN0003992,CUST003908,term loan,GBP,6498528.91,15.35,Performing,Very High
LOAN0003993,CUST008509,commercial overdraft,INR,5957707.99,6.4,NonPerforming,Medium
LOAN0003994,CUST005088,term loan,GBP,5472083.53,16.44,Watch,Very High
LOAN0003995,CUST000534,trade finance,USD,7338431.85,9.97,Performing,Medium
LOAN0003996,CUST005688,trade finance,GBP,6650553.13,5.52,NonPerforming,Low
LOAN0003997,CUST000731,credit card,INR,538205.82,8.98,NonPerforming,Low
LOAN0003998,CUST008298,working capital,GBP,6937081.81,11.9,Watch,Medium
LOAN0003999,CUST005545,credit card,GBP,4548362.29,14.26,NonPerforming,Very High
LOAN0004000,CUST002112,commercial overdraft,GBP,2046988.49,14.72,Watch,High
LOAN0004001,CUST008267,term loan,INR,4976580.31,7.36,Performing,High
LOAN0004002,CUST008615,commercial overdraft,GBP,1357930.94,12.01,Watch,Low
LOAN0004003,CUST003546,trade finance,INR,8096131.07,15.9,Performing,Low
LOAN0004004,CUST009005,credit card,USD,6467826.21,5.89,NonPerforming,Medium
LOAN0004005,CUST008218,trade finance,USD,1164371.22,6.74,Watch,Very High
LOAN0004006,CUST003206,commercial overdraft,USD,7331124.18,8.54,Performing,High
LOAN0004007,CUST006557,term loan,GBP,6524867.2,14.01,Watch,High
LOAN0004008,CUST003516,credit card,GBP,1923487.43,14.25,NonPerforming,Low
LOAN0004009,CUST006407,trade finance,INR,1726129.82,5.12,NonPerforming,Medium
LOAN0004010,CUST000330,term loan,INR,8996304.4,15.94,Performing,Low
LOAN0004011,CUST004554,commercial overdraft,INR,2663844.92,12.92,Performing,Very High
LOAN0004012,CUST000185,working capital,USD,481726.57,16.73,NonPerforming,Low
LOAN0004013,CUST000795,commercial overdraft,GBP,740185.68,5.41,Performing,Medium
LOAN0004014,CUST007048,trade finance,INR,5105241.54,12.26,Performing,Very High
LOAN0004015,CUST003749,term loan,USD,608406.06,14.06,Performing,High
LOAN0004016,CUST002135,trade finance,USD,6355580.35,12.23,Performing,Medium
LOAN0004017,CUST003457,term loan,GBP,6825512.14,7.38,NonPerforming,Low
LOAN0004018,CUST004270,credit card,INR,2335650.16,14.22,NonPerforming,Very High
LOAN0004019,CUST009911,mortgage,GBP,9664857.5,8.25,NonPerforming,Low
LOAN0004020,CUST005197,term loan,INR,9065063.0,7.71,NonPerforming,High
LOAN0004021,CUST000247,mortgage,INR,1980950.49,5.66,Performing,Very High
LOAN0004022,CUST005460,mortgage,GBP,6443134.04,11.73,Performing,Very High
LOAN0004023,CUST009920,credit card,GBP,5677544.03,12.33,NonPerforming,High
LOAN0004024,CUST000272,commercial overdraft,USD,6994785.14,13.3,Watch,High
LOAN0004025,CUST005210,mortgage,INR,3278897.2,11.44,NonPerforming,High
LOAN0004026,CUST005625,credit card,USD,8174106.41,8.08,Performing,High
LOAN0004027,CUST004719,commercial overdraft,USD,3900261.14,6.87,Watch,Very High
LOAN0004028,CUST006741,trade finance,INR,8546190.18,5.54,NonPerforming,High
LOAN0004029,CUST009584,mortgage,USD,719858.63,5.56,Performing,Very High
LOAN0004030,CUST000730,trade finance,GBP,8849511.18,11.44,Performing,Medium
LOAN0004031,CUST008020,working capital,USD,979012.7,9.96,Watch,Low
LOAN0004032,CUST001404,commercial overdraft,GBP,2209367.46,10.13,Watch,Very High
LOAN0004033,CUST006716,trade finance,USD,1633885.61,13.47,Watch,Low
LOAN0004034,CUST007386,working capital,USD,6992672.09,17.83,NonPerforming,Very High
LOAN0004035,CUST004272,term loan,GBP,8930775.53,7.88,Performing,Low
LOAN0004036,CUST003148,trade finance,GBP,5590892.02,15.79,Performing,Medium
LOAN0004037,CUST003216,term loan,USD,4266571.17,17.09,NonPerforming,Medium
LOAN0004038,CUST006071,working capital,INR,1226884.14,17.94,NonPerforming,Low
LOAN0004039,CUST006348,mortgage,GBP,8427283.88,16.4,Watch,Medium
LOAN0004040,CUST001902,mortgage,INR,6734985.0,11.33,Performing,Low
LOAN0004041,CUST006608,commercial overdraft,GBP,8540515.12,13.87,Performing,Very High
LOAN0004042,CUST003140,commercial overdraft,GBP,802728.05,5.84,Watch,Medium
LOAN0004043,CUST003751,credit card,INR,1438729.21,17.95,Performing,High
LOAN0004044,CUST008248,term loan,INR,7586562.37,16.01,Watch,Medium
LOAN0004045,CUST002425,mortgage,GBP,4100881.29,9.5,Watch,Low
LOAN0004046,CUST001176,mortgage,GBP,6001880.75,8.45,Watch,High
LOAN0004047,CUST004184,term loan,USD,7125646.58,8.2,Performing,Medium
LOAN0004048,CUST006205,trade finance,GBP,8355914.93,6.26,Performing,Medium
LOAN0004049,CUST004714,commercial overdraft,GBP,2761604.28,14.5,NonPerforming,Low
LOAN0004050,CUST005057,term loan,INR,5696522.04,10.86,NonPerforming,Medium
LOAN0004051,CUST008618,commercial overdraft,USD,7844642.81,10.7,Watch,High
LOAN0004052,CUST001059,trade finance,GBP,7370034.62,12.64,NonPerforming,Medium
LOAN0004053,CUST004435,term loan,INR,9332818.36,9.02,Performing,High
LOAN0004054,CUST004190,working capital,GBP,9236827.05,8.65,NonPerforming,Very High
LOAN0004055,CUST004828,trade finance,INR,3248657.37,14.62,NonPerforming,Medium
LOAN0004056,CUST000815,working capital,USD,7771741.48,13.29,NonPerforming,Low
LOAN0004057,CUST008984,commercial overdraft,USD,6179551.64,10.17,NonPerforming,High
LOAN0004058,CUST008351,credit card,INR,8299673.47,8.7,NonPerforming,Very High
LOAN0004059,CUST008658,credit card,USD,153235.85,13.13,Performing,High
LOAN0004060,CUST001539,working capital,INR,479523.98,17.67,Performing,Very High
LOAN0004061,CUST000299,commercial overdraft,USD,4647165.33,14.24,Performing,High
LOAN0004062,CUST003980,mortgage,GBP,3568720.95,14.05,Performing,Very High
LOAN0004063,CUST005624,credit card,GBP,7841062.19,15.26,Watch,Very High
LOAN0004064,CUST003976,working capital,INR,8448898.52,12.04,NonPerforming,Low
LOAN0004065,CUST006741,mortgage,GBP,7251721.34,5.4,Performing,High
LOAN0004066,CUST009774,commercial overdraft,GBP,9553175.16,8.29,NonPerforming,Medium
LOAN0004067,CUST001577,mortgage,GBP,6978974.58,16.08,NonPerforming,Very High
LOAN0004068,CUST001982,commercial overdraft,USD,2618987.2,17.76,Performing,Medium
LOAN0004069,CUST009108,term loan,INR,4102337.84,7.75,Performing,High
LOAN0004070,CUST008268,commercial overdraft,INR,5368375.02,15.27,Watch,High
LOAN0004071,CUST005473,mortgage,INR,7474058.84,9.36,Watch,Low
LOAN0004072,CUST003082,mortgage,INR,2103543.73,15.23,NonPerforming,Low
LOAN0004073,CUST002136,term loan,INR,5788788.86,5.18,Performing,High
LOAN0004074,CUST006376,credit card,USD,3751537.26,6.69,Performing,Medium
LOAN0004075,CUST008627,trade finance,USD,161190.15,10.42,Performing,Low
LOAN0004076,CUST009407,commercial overdraft,GBP,7301691.67,10.3,Watch,Medium
LOAN0004077,CUST009312,working capital,USD,7678133.5,13.15,Performing,Medium
LOAN0004078,CUST001570,term loan,INR,5989846.49,12.34,Performing,High
LOAN0004079,CUST003908,trade finance,INR,9589194.6,5.02,NonPerforming,Low
LOAN0004080,CUST006039,term loan,GBP,3102682.74,9.8,Watch,Medium
LOAN0004081,CUST005988,commercial overdraft,USD,5616751.83,13.24,Performing,High
LOAN0004082,CUST002390,term loan,INR,67027.77,13.81,Watch,High
LOAN0004083,CUST001206,credit card,USD,9383552.71,11.96,NonPerforming,High
LOAN0004084,CUST001437,working capital,INR,8835284.21,13.62,Performing,Medium
LOAN0004085,CUST004372,credit card,USD,6028309.65,6.93,NonPerforming,High
LOAN0004086,CUST002773,term loan,INR,7807561.27,7.15,Performing,Low
LOAN0004087,CUST006021,term loan,GBP,9861357.07,7.2,Performing,High
LOAN0004088,CUST004383,term loan,INR,2136154.7,5.53,NonPerforming,Medium
LOAN0004089,CUST009027,mortgage,USD,8024470.13,10.13,NonPerforming,Low
LOAN0004090,CUST007160,commercial overdraft,USD,5287574.51,14.68,NonPerforming,Medium
LOAN0004091,CUST005670,commercial overdraft,INR,3379309.29,8.1,Watch,Low
LOAN0004092,CUST009390,working capital,GBP,8085026.0,17.49,Performing,Low
LOAN0004093,CUST007949,commercial overdraft,USD,2022311.72,6.87,NonPerforming,Very High
LOAN0004094,CUST006567,commercial overdraft,INR,2163955.46,7.62,Performing,Low
LOAN0004095,CUST006061,trade finance,INR,103304.67,14.85,Performing,Medium
LOAN0004096,CUST008202,working capital,USD,6622962.81,9.96,Watch,Medium
LOAN0004097,CUST001417,commercial overdraft,INR,8886753.9,11.67,Performing,Medium
LOAN0004098,CUST005379,working capital,USD,4288098.65,15.97,Watch,Low
LOAN0004099,CUST005259,credit card,INR,7519268.19,8.26,Watch,Very High
LOAN0004100,CUST003770,credit card,USD,2982652.52,11.79,NonPerforming,Very High
LOAN0004101,CUST007358,commercial overdraft,GBP,9963542.1,14.8,Performing,Medium
LOAN0004102,CUST005937,working capital,GBP,729044.1,12.89,Performing,High
LOAN0004103,CUST004069,commercial overdraft,INR,4057102.98,7.34,Performing,Low
LOAN0004104,CUST004744,trade finance,USD,2275434.97,13.45,NonPerforming,High
LOAN0004105,CUST008624,term loan,INR,9526493.63,13.82,Watch,Medium
LOAN0004106,CUST004527,working capital,GBP,3621727.56,10.56,Watch,Low
LOAN0004107,CUST001746,term loan,USD,3974268.17,12.66,Watch,Very High
LOAN0004108,CUST006629,mortgage,GBP,3725752.21,6.69,Performing,Very High
LOAN0004109,CUST000102,commercial overdraft,USD,3061577.45,8.09,NonPerforming,High
LOAN0004110,CUST008152,mortgage,USD,2825982.12,14.04,Watch,Very High
LOAN0004111,CUST000572,commercial overdraft,USD,3199642.72,17.88,Performing,High
LOAN0004112,CUST006905,credit card,INR,814101.78,17.21,Watch,Low
LOAN0004113,CUST000178,commercial overdraft,USD,259170.52,6.71,Performing,High
LOAN0004114,CUST008832,commercial overdraft,USD,8487072.9,6.28,NonPerforming,High
LOAN0004115,CUST007271,term loan,GBP,5508678.3,12.88,Performing,Low
LOAN0004116,CUST001308,working capital,USD,41491.13,17.81,Watch,Medium
LOAN0004117,CUST006452,working capital,INR,5467389.74,11.63,Performing,Very High
LOAN0004118,CUST000402,working capital,GBP,9580272.84,9.3,NonPerforming,Very High
LOAN0004119,CUST000083,commercial overdraft,INR,7985173.24,16.19,Watch,Very High
LOAN0004120,CUST001690,working capital,GBP,9859676.24,15.69,NonPerforming,Low
LOAN0004121,CUST005365,trade finance,GBP,9992076.98,9.6,Watch,High
LOAN0004122,CUST002171,mortgage,GBP,9954305.78,7.3,NonPerforming,High
LOAN0004123,CUST000573,commercial overdraft,INR,3009251.33,16.23,Watch,Very High
LOAN0004124,CUST006065,trade finance,GBP,9435536.44,5.64,Watch,High
LOAN0004125,CUST007533,term loan,INR,7243134.46,11.82,Performing,Very High
LOAN0004126,CUST002060,term loan,INR,5383061.45,10.69,Performing,Medium
LOAN0004127,CUST006104,trade finance,USD,3983316.47,8.89,Watch,High
LOAN0004128,CUST006260,term loan,INR,4506422.75,11.84,NonPerforming,Very High
LOAN0004129,CUST008877,credit card,USD,8129175.58,12.74,Watch,Very High
LOAN0004130,CUST008455,credit card,USD,559301.56,6.11,Watch,Medium
LOAN0004131,CUST000184,trade finance,GBP,2218447.23,13.43,Performing,High
LOAN0004132,CUST007955,trade finance,GBP,5242039.04,15.55,NonPerforming,Medium
LOAN0004133,CUST007768,trade finance,USD,3243818.76,9.86,Watch,Low
LOAN0004134,CUST003660,trade finance,USD,3655402.29,8.07,Watch,Low
LOAN0004135,CUST006219,trade finance,USD,1826178.6,13.99,NonPerforming,Low
LOAN0004136,CUST000714,trade finance,USD,3696077.66,13.49,NonPerforming,Medium
LOAN0004137,CUST002317,trade finance,INR,2444889.76,7.74,Performing,Very High
LOAN0004138,CUST009001,trade finance,USD,2782557.47,5.73,NonPerforming,Medium
LOAN0004139,CUST002510,credit card,USD,4915328.88,12.58,NonPerforming,High
LOAN0004140,CUST004571,commercial overdraft,INR,1892943.18,9.82,NonPerforming,Low
LOAN0004141,CUST004903,working capital,USD,8208881.34,7.14,NonPerforming,Very High
LOAN0004142,CUST001423,working capital,USD,5271748.57,8.73,NonPerforming,Medium
LOAN0004143,CUST002364,credit card,INR,2392941.87,5.15,Watch,Very High
LOAN0004144,CUST004718,trade finance,INR,104236.32,14.72,NonPerforming,Medium
LOAN0004145,CUST009314,mortgage,GBP,9744695.81,16.12,NonPerforming,Very High
LOAN0004146,CUST002990,trade finance,USD,4213297.85,16.63,Watch,Very High
LOAN0004147,CUST000440,credit card,INR,9767799.52,14.36,NonPerforming,Very High
LOAN0004148,CUST009951,trade finance,GBP,5963012.3,6.06,Performing,Medium
LOAN0004149,CUST009050,credit card,INR,4295136.8,18.0,Watch,Very High
LOAN0004150,CUST006839,credit card,INR,1606838.61,10.2,Performing,Medium
LOAN0004151,CUST007798,term loan,INR,4798030.48,15.04,Performing,Low
LOAN0004152,CUST007173,term loan,GBP,4702636.48,9.22,Watch,Low
LOAN0004153,CUST009522,mortgage,USD,5241924.35,13.8,NonPerforming,Medium
LOAN0004154,CUST009244,mortgage,INR,7498335.99,15.18,Performing,Very High
LOAN0004155,CUST003162,commercial overdraft,GBP,4548276.11,12.09,Watch,High
LOAN0004156,CUST002080,trade finance,INR,1626354.55,15.49,NonPerforming,Low
LOAN0004157,CUST005690,term loan,INR,2130417.56,7.26,Watch,Very High
LOAN0004158,CUST009214,working capital,USD,3097995.37,13.05,Performing,Low
LOAN0004159,CUST009276,working capital,INR,9194316.73,14.0,NonPerforming,Very High
LOAN0004160,CUST004822,term loan,GBP,8658010.16,16.41,NonPerforming,Very High
LOAN0004161,CUST000908,credit card,GBP,1292170.45,6.63,Watch,Medium
LOAN0004162,CUST008409,commercial overdraft,GBP,6250344.08,7.15,NonPerforming,Medium
LOAN0004163,CUST005729,credit card,GBP,6033721.07,11.63,Performing,Low
LOAN0004164,CUST006569,credit card,INR,7143125.81,10.18,Performing,Very High
LOAN0004165,CUST007188,working capital,INR,9453773.22,15.26,Watch,Medium
LOAN0004166,CUST001205,working capital,GBP,9111405.95,16.98,Performing,Low
LOAN0004167,CUST003371,credit card,GBP,5381518.03,6.29,Performing,Medium
LOAN0004168,CUST007053,credit card,INR,1685840.9,17.75,NonPerforming,Medium
LOAN0004169,CUST005393,term loan,USD,5106274.89,16.27,NonPerforming,Medium
LOAN0004170,CUST007132,trade finance,INR,9004479.65,10.35,Performing,Very High
LOAN0004171,CUST001582,mortgage,GBP,5904784.89,16.4,Watch,Very High
LOAN0004172,CUST002777,mortgage,GBP,7855405.51,9.37,Performing,Medium
LOAN0004173,CUST000643,mortgage,USD,5251626.44,14.52,NonPerforming,Low
LOAN0004174,CUST009375,mortgage,GBP,3930893.94,9.79,Performing,Low
LOAN0004175,CUST005609,credit card,USD,4870082.94,11.37,NonPerforming,High
LOAN0004176,CUST003279,commercial overdraft,GBP,7081807.87,15.28,NonPerforming,Very High
LOAN0004177,CUST006207,mortgage,INR,114488.03,5.17,Performing,Very High
LOAN0004178,CUST002596,working capital,INR,7505002.6,5.47,Watch,Very High
LOAN0004179,CUST007948,term loan,GBP,4644590.25,12.37,NonPerforming,Medium
LOAN0004180,CUST006592,trade finance,USD,2864234.9,14.58,Watch,Very High
LOAN0004181,CUST004220,mortgage,USD,4744593.51,14.62,Watch,Low
LOAN0004182,CUST006011,credit card,GBP,2324515.81,10.59,Performing,Medium
LOAN0004183,CUST002608,commercial overdraft,GBP,2262894.18,14.58,Watch,Low
LOAN0004184,CUST007945,mortgage,GBP,1261292.98,15.21,Performing,Medium
LOAN0004185,CUST002744,mortgage,INR,4124827.2,6.23,Performing,Medium
LOAN0004186,CUST000702,credit card,INR,470029.48,14.63,Watch,Low
LOAN0004187,CUST008921,trade finance,GBP,1534348.07,8.56,NonPerforming,Low
LOAN0004188,CUST006297,credit card,USD,8288217.17,16.5,Performing,Low
LOAN0004189,CUST008406,mortgage,INR,4018095.56,9.04,Watch,Medium
LOAN0004190,CUST008500,commercial overdraft,INR,3039815.46,6.66,Watch,Very High
LOAN0004191,CUST003570,credit card,GBP,1301113.68,11.01,NonPerforming,High
LOAN0004192,CUST007371,credit card,INR,8444705.93,9.61,Watch,Low
LOAN0004193,CUST003266,term loan,USD,3636742.24,15.04,Watch,High
LOAN0004194,CUST009651,working capital,INR,3791790.26,9.4,NonPerforming,High
LOAN0004195,CUST008438,mortgage,GBP,6010794.14,5.88,Watch,Low
LOAN0004196,CUST000817,mortgage,GBP,2408304.86,13.96,Performing,High
LOAN0004197,CUST008765,trade finance,USD,1311473.72,11.32,NonPerforming,High
LOAN0004198,CUST002321,mortgage,GBP,5703578.41,15.13,NonPerforming,High
LOAN0004199,CUST009960,working capital,USD,4285556.26,11.15,NonPerforming,Medium
LOAN0004200,CUST003350,commercial overdraft,INR,6184336.75,13.26,Performing,Low
LOAN0004201,CUST000186,working capital,INR,820041.09,12.33,NonPerforming,High
LOAN0004202,CUST004358,credit card,USD,5479615.0,7.99,NonPerforming,High
LOAN0004203,CUST007176,mortgage,USD,4724486.22,14.53,Performing,Low
LOAN0004204,CUST005661,credit card,USD,4963827.79,13.3,Performing,Medium
LOAN0004205,CUST005702,mortgage,USD,2081012.3,12.0,Watch,Very High
LOAN0004206,CUST000746,mortgage,USD,3177883.93,16.69,Performing,Low
LOAN0004207,CUST008225,trade finance,INR,5413587.28,16.68,Watch,Medium
LOAN0004208,CUST004723,credit card,GBP,3926485.26,15.61,Performing,Very High
LOAN0004209,CUST007992,credit card,INR,379277.83,9.01,Performing,High
LOAN0004210,CUST000026,working capital,INR,5111123.51,13.66,Performing,Low
LOAN0004211,CUST000290,term loan,GBP,7750738.57,6.72,NonPerforming,High
LOAN0004212,CUST001870,trade finance,GBP,4320606.24,13.63,NonPerforming,Medium
LOAN0004213,CUST003035,trade finance,INR,6454482.8,17.39,NonPerforming,Very High
LOAN0004214,CUST007521,credit card,INR,8900403.2,10.68,NonPerforming,High
LOAN0004215,CUST009556,trade finance,USD,3429763.05,16.9,Watch,Medium
LOAN0004216,CUST001654,mortgage,INR,3097495.45,13.23,Performing,High
LOAN0004217,CUST008531,commercial overdraft,GBP,905782.26,12.23,Watch,Very High
LOAN0004218,CUST008477,term loan,GBP,1153494.97,17.71,NonPerforming,Very High
LOAN0004219,CUST002747,credit card,USD,606306.66,6.91,Watch,Very High
LOAN0004220,CUST002190,term loan,INR,6651155.65,6.57,Performing,Medium
LOAN0004221,CUST005796,commercial overdraft,INR,6274689.58,12.74,Watch,High
LOAN0004222,CUST004060,credit card,GBP,4221037.05,15.58,Watch,Very High
LOAN0004223,CUST006977,mortgage,INR,92620.89,15.53,NonPerforming,Low
LOAN0004224,CUST000583,commercial overdraft,INR,5615518.34,8.44,Performing,Very High
LOAN0004225,CUST008644,mortgage,GBP,573339.9,11.33,Watch,Low
LOAN0004226,CUST006173,mortgage,USD,5522355.31,14.45,NonPerforming,Low
LOAN0004227,CUST002006,working capital,INR,8600928.22,5.4,Watch,High
LOAN0004228,CUST008252,trade finance,USD,7066328.17,7.9,Watch,Very High
LOAN0004229,CUST003977,mortgage,INR,1884937.29,12.0,NonPerforming,Low
LOAN0004230,CUST008571,term loan,INR,22287.39,15.83,Performing,High
LOAN0004231,CUST004147,commercial overdraft,USD,5032077.18,8.16,Performing,Low
LOAN0004232,CUST002422,commercial overdraft,INR,5655419.31,5.05,Watch,Low
LOAN0004233,CUST006094,commercial overdraft,GBP,2271058.83,6.64,NonPerforming,High
LOAN0004234,CUST001126,commercial overdraft,INR,5370459.96,15.68,Watch,High
LOAN0004235,CUST002611,term loan,USD,4085398.81,11.66,NonPerforming,High
LOAN0004236,CUST001381,working capital,USD,5873374.96,5.84,Watch,Medium
LOAN0004237,CUST002064,commercial overdraft,GBP,3579751.36,12.71,Watch,High
LOAN0004238,CUST009331,mortgage,USD,3748656.38,10.85,Watch,Low
LOAN0004239,CUST008294,term loan,USD,6630119.52,6.24,Performing,Low
LOAN0004240,CUST009373,mortgage,INR,246767.36,9.01,NonPerforming,High
LOAN0004241,CUST003558,term loan,INR,4586070.24,6.99,NonPerforming,Medium
LOAN0004242,CUST003278,commercial overdraft,INR,4209293.63,13.46,Performing,High
LOAN0004243,CUST003354,trade finance,INR,9105556.55,16.68,Watch,Low
LOAN0004244,CUST009117,mortgage,INR,5806051.82,7.94,NonPerforming,High
LOAN0004245,CUST000257,mortgage,GBP,361963.28,14.6,NonPerforming,Low
LOAN0004246,CUST006644,term loan,INR,9141235.22,14.51,NonPerforming,High
LOAN0004247,CUST007811,credit card,INR,8006549.36,11.59,Watch,Low
LOAN0004248,CUST005547,commercial overdraft,GBP,1368533.27,8.11,Performing,Very High
LOAN0004249,CUST003560,working capital,INR,3286382.96,8.99,Watch,Low
LOAN0004250,CUST006044,working capital,GBP,1784368.03,9.34,NonPerforming,Medium
LOAN0004251,CUST007246,mortgage,INR,9109947.76,10.65,Watch,Medium
LOAN0004252,CUST003099,mortgage,USD,6218133.19,10.05,Performing,Medium
LOAN0004253,CUST001296,commercial overdraft,USD,5898957.6,17.28,NonPerforming,Medium
LOAN0004254,CUST002322,credit card,GBP,2725455.84,7.11,Performing,Medium
LOAN0004255,CUST009326,mortgage,GBP,6216871.54,7.5,Watch,High
LOAN0004256,CUST004434,working capital,USD,641842.6,6.49,Performing,Medium
LOAN0004257,CUST001650,term loan,INR,7997531.49,5.56,Performing,High
LOAN0004258,CUST003442,credit card,USD,2719562.93,9.63,NonPerforming,Low
LOAN0004259,CUST008668,term loan,INR,9503132.84,17.25,Watch,Medium
LOAN0004260,CUST009780,mortgage,INR,5597322.34,15.34,Watch,Medium
LOAN0004261,CUST007901,credit card,USD,1880839.92,12.42,NonPerforming,Medium
LOAN0004262,CUST008114,commercial overdraft,GBP,7226730.64,14.64,Watch,Very High
LOAN0004263,CUST002662,working capital,GBP,2795575.79,14.55,Watch,Low
LOAN0004264,CUST006426,mortgage,INR,7499980.28,6.59,NonPerforming,High
LOAN0004265,CUST005296,credit card,USD,7783076.35,6.3,Watch,Medium
LOAN0004266,CUST004447,working capital,USD,9035638.37,15.28,NonPerforming,Low
LOAN0004267,CUST009489,term loan,GBP,7587617.6,10.11,Performing,Very High
LOAN0004268,CUST003442,working capital,INR,1495983.48,16.73,NonPerforming,Medium
LOAN0004269,CUST009013,term loan,INR,2778788.43,6.71,Watch,Medium
LOAN0004270,CUST000602,working capital,INR,1184544.22,16.45,Watch,Low
LOAN0004271,CUST004788,mortgage,USD,3280327.14,15.5,Watch,Very High
LOAN0004272,CUST000574,commercial overdraft,INR,8815586.48,5.35,Performing,Medium
LOAN0004273,CUST004495,term loan,GBP,8695706.6,8.56,NonPerforming,Low
LOAN0004274,CUST009577,mortgage,USD,6712935.89,8.93,Performing,Low
LOAN0004275,CUST006545,working capital,USD,3462227.52,8.06,Performing,Very High
LOAN0004276,CUST003407,commercial overdraft,GBP,2657051.99,10.12,Performing,Medium
LOAN0004277,CUST008680,term loan,USD,4280210.39,12.82,Performing,Medium
LOAN0004278,CUST005615,credit card,INR,5993027.51,14.78,NonPerforming,High
LOAN0004279,CUST004610,working capital,INR,4397582.17,14.28,NonPerforming,High
LOAN0004280,CUST004582,working capital,GBP,5310149.63,6.45,Watch,Low
LOAN0004281,CUST007236,credit card,GBP,9474259.23,14.93,NonPerforming,High
LOAN0004282,CUST007366,working capital,INR,6671622.17,12.47,Performing,High
LOAN0004283,CUST009603,trade finance,GBP,1724014.19,12.54,NonPerforming,High
LOAN0004284,CUST008650,credit card,GBP,9322813.88,11.4,Watch,Medium
LOAN0004285,CUST008242,trade finance,GBP,6748993.58,12.14,NonPerforming,Medium
LOAN0004286,CUST000785,credit card,GBP,2852151.1,8.89,NonPerforming,Low
LOAN0004287,CUST000982,trade finance,INR,5569162.65,12.71,Performing,Very High
LOAN0004288,CUST003768,term loan,INR,9837200.93,16.68,Performing,Low
LOAN0004289,CUST000245,credit card,USD,5274976.95,12.08,NonPerforming,Very High
LOAN0004290,CUST005875,mortgage,USD,6436065.38,14.39,Performing,Low
LOAN0004291,CUST000980,credit card,GBP,8343682.24,15.65,NonPerforming,Very High
LOAN0004292,CUST000089,commercial overdraft,USD,8207709.8,10.58,Watch,Low
LOAN0004293,CUST001091,commercial overdraft,GBP,4823217.28,8.28,Watch,Medium
LOAN0004294,CUST003716,mortgage,GBP,4890483.8,9.29,Watch,High
LOAN0004295,CUST006728,working capital,INR,1694026.44,17.96,NonPerforming,Medium
LOAN0004296,CUST000073,credit card,INR,4273633.07,16.54,Watch,Low
LOAN0004297,CUST003662,mortgage,INR,2637058.52,10.6,Performing,Low
LOAN0004298,CUST001900,working capital,GBP,5107445.79,13.46,NonPerforming,Very High
LOAN0004299,CUST001369,working capital,GBP,4638390.94,7.27,Watch,High
LOAN0004300,CUST005838,working capital,INR,2685913.22,10.42,NonPerforming,Low
LOAN0004301,CUST004752,working capital,GBP,2913584.64,7.35,NonPerforming,High
LOAN0004302,CUST005341,mortgage,USD,7731589.55,10.8,Performing,Very High
LOAN0004303,CUST005426,credit card,INR,7338492.13,14.3,Performing,Medium
LOAN0004304,CUST007805,working capital,USD,2868861.72,7.74,Performing,Low
LOAN0004305,CUST000463,term loan,GBP,5657586.77,11.98,Watch,Low
LOAN0004306,CUST001903,term loan,INR,1723232.87,7.58,Watch,Very High
LOAN0004307,CUST005824,commercial overdraft,USD,1376030.88,9.99,Watch,High
LOAN0004308,CUST000459,commercial overdraft,USD,3160609.49,9.91,NonPerforming,High
LOAN0004309,CUST007707,working capital,INR,8596320.53,5.89,Performing,Very High
LOAN0004310,CUST001717,mortgage,GBP,5483285.47,15.02,Watch,High
LOAN0004311,CUST006660,mortgage,GBP,9796344.55,12.44,Watch,Very High
LOAN0004312,CUST007335,working capital,GBP,54625.26,17.15,Watch,Medium
LOAN0004313,CUST003876,trade finance,GBP,6375822.37,14.2,Performing,Low
LOAN0004314,CUST007602,trade finance,INR,8130264.29,11.26,NonPerforming,Medium
LOAN0004315,CUST000922,commercial overdraft,INR,6668955.16,9.3,Performing,Medium
LOAN0004316,CUST009855,term loan,GBP,7139050.71,16.02,NonPerforming,Very High
LOAN0004317,CUST003441,credit card,GBP,2459608.35,15.38,NonPerforming,Medium
LOAN0004318,CUST007056,working capital,GBP,7612177.5,17.17,Watch,High
LOAN0004319,CUST005051,working capital,INR,1710883.63,10.86,Watch,Very High
LOAN0004320,CUST005306,mortgage,USD,6240100.51,13.28,NonPerforming,Medium
LOAN0004321,CUST002577,term loan,INR,6006147.13,8.63,Watch,High
LOAN0004322,CUST006902,commercial overdraft,INR,7540744.83,16.36,Performing,High
LOAN0004323,CUST001351,term loan,GBP,1996157.26,12.9,NonPerforming,Medium
LOAN0004324,CUST003514,trade finance,USD,4224450.01,17.6,Watch,High
LOAN0004325,CUST000130,working capital,INR,5756864.01,7.32,NonPerforming,Low
LOAN0004326,CUST002738,trade finance,GBP,5019178.2,17.18,Performing,Medium
LOAN0004327,CUST007079,term loan,USD,9531284.93,6.74,Watch,Low
LOAN0004328,CUST003421,trade finance,INR,8517335.14,13.58,NonPerforming,Very High
LOAN0004329,CUST000463,credit card,USD,2585143.32,6.75,Watch,Low
LOAN0004330,CUST005525,trade finance,INR,7821627.88,5.59,Performing,Very High
LOAN0004331,CUST008804,term loan,USD,3216216.06,11.3,Performing,Low
LOAN0004332,CUST008793,term loan,INR,2037451.72,5.93,Watch,Very High
LOAN0004333,CUST003863,mortgage,USD,1707559.66,17.46,Performing,Low
LOAN0004334,CUST000709,commercial overdraft,USD,6818048.58,9.37,Watch,High
LOAN0004335,CUST006376,trade finance,USD,3779689.2,14.22,Watch,High
LOAN0004336,CUST009039,trade finance,GBP,360862.49,8.35,Performing,High
LOAN0004337,CUST008455,term loan,GBP,3684994.87,14.44,Performing,High
LOAN0004338,CUST005627,commercial overdraft,INR,7605982.86,10.16,Watch,Very High
LOAN0004339,CUST004638,trade finance,USD,3634006.68,6.23,NonPerforming,Medium
LOAN0004340,CUST004012,term loan,INR,3286148.46,5.61,NonPerforming,Very High
LOAN0004341,CUST009831,mortgage,INR,5313586.01,10.62,Performing,Low
LOAN0004342,CUST005698,commercial overdraft,INR,9392476.32,6.04,Watch,Very High
LOAN0004343,CUST002249,trade finance,GBP,7346731.75,8.96,Watch,Low
LOAN0004344,CUST006386,commercial overdraft,USD,7417342.63,6.71,Performing,Medium
LOAN0004345,CUST003441,term loan,INR,5762105.71,10.92,NonPerforming,Very High
LOAN0004346,CUST003121,credit card,USD,8724846.09,8.21,Watch,Medium
LOAN0004347,CUST005866,mortgage,GBP,4858984.1,10.19,NonPerforming,Low
LOAN0004348,CUST001613,commercial overdraft,USD,111442.1,6.34,Watch,Very High
LOAN0004349,CUST003935,working capital,INR,2476565.29,8.65,NonPerforming,Low
LOAN0004350,CUST001397,commercial overdraft,INR,5927471.03,9.68,NonPerforming,Very High
LOAN0004351,CUST009830,mortgage,GBP,7598205.0,8.57,Watch,Low
LOAN0004352,CUST008015,mortgage,INR,2239507.68,17.4,NonPerforming,Low
LOAN0004353,CUST001359,commercial overdraft,INR,8475605.99,16.76,Performing,High
LOAN0004354,CUST001118,working capital,INR,6353325.47,15.11,Watch,Low
LOAN0004355,CUST005031,credit card,GBP,4218692.42,9.41,NonPerforming,Medium
LOAN0004356,CUST008182,trade finance,USD,3771834.51,13.34,Performing,High
LOAN0004357,CUST006278,credit card,INR,2267113.63,13.51,Performing,Very High
LOAN0004358,CUST000595,mortgage,USD,3558605.61,6.97,Performing,Low
LOAN0004359,CUST008170,commercial overdraft,USD,878089.05,6.89,NonPerforming,Low
LOAN0004360,CUST000114,commercial overdraft,USD,7200852.66,7.41,Performing,Very High
LOAN0004361,CUST009231,term loan,INR,8028438.8,13.03,NonPerforming,High
LOAN0004362,CUST000042,mortgage,GBP,6162722.71,13.91,NonPerforming,Low
LOAN0004363,CUST008094,trade finance,USD,2386815.21,6.92,NonPerforming,Low
LOAN0004364,CUST007063,trade finance,INR,1211053.73,11.12,Watch,Medium
LOAN0004365,CUST000900,commercial overdraft,USD,6230983.34,14.17,NonPerforming,High
LOAN0004366,CUST000595,credit card,INR,1119824.29,10.25,Watch,High
LOAN0004367,CUST003243,term loan,USD,3018186.97,17.91,NonPerforming,High
LOAN0004368,CUST003317,term loan,INR,9001736.42,15.36,NonPerforming,Low
LOAN0004369,CUST007181,working capital,USD,646124.82,17.83,Watch,Medium
LOAN0004370,CUST007088,mortgage,USD,8078898.64,14.53,Performing,Medium
LOAN0004371,CUST006848,working capital,GBP,3334506.21,11.17,NonPerforming,Medium
LOAN0004372,CUST001562,term loan,INR,2301407.69,14.73,NonPerforming,Very High
LOAN0004373,CUST000828,trade finance,GBP,3497971.9,16.63,Performing,Very High
LOAN0004374,CUST001407,working capital,INR,5670056.32,12.02,Watch,High
LOAN0004375,CUST005493,working capital,USD,4051602.47,13.06,Performing,Low
LOAN0004376,CUST004700,trade finance,GBP,9215677.56,9.67,Watch,Low
LOAN0004377,CUST001104,trade finance,GBP,113126.67,16.04,Watch,Medium
LOAN0004378,CUST009039,mortgage,GBP,8748606.66,16.11,Watch,Low
LOAN0004379,CUST005068,commercial overdraft,USD,7417097.66,10.62,Performing,Very High
LOAN0004380,CUST005450,working capital,USD,4921290.88,16.68,NonPerforming,Low
LOAN0004381,CUST001455,mortgage,GBP,4556577.72,15.07,Watch,Low
LOAN0004382,CUST000753,working capital,INR,5763224.52,17.78,Watch,High
LOAN0004383,CUST002411,term loan,USD,7318536.45,5.6,NonPerforming,High
LOAN0004384,CUST006612,working capital,USD,9571555.22,6.22,Performing,High
LOAN0004385,CUST005236,working capital,GBP,5551753.99,17.57,Performing,Very High
LOAN0004386,CUST002978,working capital,USD,6292705.7,10.25,NonPerforming,Very High
LOAN0004387,CUST007477,mortgage,INR,1927468.5,16.26,Watch,Very High
LOAN0004388,CUST005840,working capital,USD,8839355.87,12.57,NonPerforming,Low
LOAN0004389,CUST001643,working capital,INR,8603953.25,17.82,Performing,Very High
LOAN0004390,CUST007908,mortgage,GBP,4806249.5,9.91,Watch,Very High
LOAN0004391,CUST007048,trade finance,USD,263690.43,16.69,Performing,High
LOAN0004392,CUST005833,credit card,GBP,1713076.25,15.28,Watch,High
LOAN0004393,CUST008823,mortgage,INR,1754756.69,13.09,NonPerforming,Medium
LOAN0004394,CUST002208,term loan,GBP,1713994.9,16.18,NonPerforming,High
LOAN0004395,CUST000773,term loan,INR,5590143.25,14.74,Watch,Low
LOAN0004396,CUST001547,commercial overdraft,INR,3748847.38,13.62,Watch,Medium
LOAN0004397,CUST000852,term loan,INR,5689171.95,6.68,Performing,Low
LOAN0004398,CUST001861,term loan,INR,6455949.81,9.58,NonPerforming,Low
LOAN0004399,CUST009666,trade finance,GBP,7165160.24,6.7,NonPerforming,Low
LOAN0004400,CUST005594,trade finance,INR,3691149.01,15.94,NonPerforming,Very High
LOAN0004401,CUST008741,working capital,INR,1045168.36,13.97,Watch,High
LOAN0004402,CUST001807,term loan,USD,7533803.37,13.32,Performing,High
LOAN0004403,CUST002502,working capital,USD,5747396.37,5.57,NonPerforming,Medium
LOAN0004404,CUST004384,trade finance,GBP,3048495.05,17.25,Performing,Medium
LOAN0004405,CUST008048,working capital,GBP,14209.18,17.33,Performing,High
LOAN0004406,CUST005926,commercial overdraft,USD,5496301.67,7.34,Performing,Very High
LOAN0004407,CUST005080,mortgage,INR,4076738.33,10.79,Watch,Medium
LOAN0004408,CUST004636,term loan,USD,8526897.14,9.74,NonPerforming,High
LOAN0004409,CUST001642,working capital,USD,4640581.79,14.99,Performing,Low
LOAN0004410,CUST003864,commercial overdraft,USD,303657.89,9.46,NonPerforming,Very High
LOAN0004411,CUST008288,trade finance,GBP,6665755.61,12.65,Performing,Low
LOAN0004412,CUST009365,trade finance,GBP,6063270.33,16.08,Watch,Very High
LOAN0004413,CUST001865,working capital,GBP,400992.43,8.92,NonPerforming,Low
LOAN0004414,CUST008910,mortgage,GBP,4430097.62,13.59,Performing,Medium
LOAN0004415,CUST009473,term loan,GBP,1315498.96,17.97,Watch,Low
LOAN0004416,CUST001959,mortgage,USD,7669295.39,10.96,NonPerforming,High
LOAN0004417,CUST007503,mortgage,INR,6854547.44,11.67,Watch,Medium
LOAN0004418,CUST004371,working capital,USD,5546256.88,11.46,Watch,Very High
LOAN0004419,CUST004593,trade finance,GBP,930920.71,14.21,NonPerforming,Very High
LOAN0004420,CUST006565,trade finance,INR,6665038.09,15.76,NonPerforming,Low
LOAN0004421,CUST000637,term loan,INR,7375909.72,13.72,NonPerforming,High
LOAN0004422,CUST002073,term loan,INR,3167309.48,14.0,Watch,High
LOAN0004423,CUST004279,trade finance,GBP,1119110.79,16.08,Performing,Very High
LOAN0004424,CUST009386,term loan,GBP,5151684.27,14.97,Watch,Medium
LOAN0004425,CUST007305,trade finance,INR,2448071.81,16.35,Watch,Medium
LOAN0004426,CUST009115,term loan,INR,6395165.37,14.84,Performing,Low
LOAN0004427,CUST008578,working capital,INR,4061615.74,7.44,Watch,Very High
LOAN0004428,CUST004477,working capital,INR,14239.28,10.01,Watch,Very High
LOAN0004429,CUST005595,mortgage,GBP,9814241.83,16.32,NonPerforming,Low
LOAN0004430,CUST006185,credit card,INR,7553130.76,15.64,Performing,Medium
LOAN0004431,CUST008352,credit card,USD,7691028.92,11.18,Watch,Very High
LOAN0004432,CUST008042,commercial overdraft,GBP,6662422.11,12.84,Performing,High
LOAN0004433,CUST000130,term loan,GBP,8235224.45,6.81,Performing,Very High
LOAN0004434,CUST003372,mortgage,INR,2139884.9,12.83,Watch,Medium
LOAN0004435,CUST006483,credit card,INR,4960141.4,10.2,NonPerforming,Medium
LOAN0004436,CUST000255,commercial overdraft,GBP,1160841.18,15.93,NonPerforming,Low
LOAN0004437,CUST001535,trade finance,GBP,6991391.34,11.35,NonPerforming,High
LOAN0004438,CUST007782,commercial overdraft,INR,2608374.47,6.22,Performing,Very High
LOAN0004439,CUST007542,working capital,INR,4761318.09,9.95,Performing,Low
LOAN0004440,CUST004821,working capital,GBP,233718.22,8.48,Watch,Low
LOAN0004441,CUST009614,trade finance,USD,9876797.83,12.29,Performing,Very High
LOAN0004442,CUST009731,working capital,USD,7006177.96,17.26,NonPerforming,Medium
LOAN0004443,CUST002144,trade finance,INR,4550776.57,9.26,NonPerforming,High
LOAN0004444,CUST005243,working capital,INR,9417594.52,6.06,Performing,High
LOAN0004445,CUST006031,commercial overdraft,USD,6604276.43,11.68,Performing,Low
LOAN0004446,CUST003171,working capital,GBP,9338847.31,15.39,Watch,High
LOAN0004447,CUST004792,mortgage,INR,9789677.85,6.97,NonPerforming,Medium
LOAN0004448,CUST005641,mortgage,USD,7257648.62,17.78,NonPerforming,Very High
LOAN0004449,CUST009258,credit card,INR,2563359.55,13.71,Watch,Low
LOAN0004450,CUST001792,term loan,INR,4984090.17,11.92,NonPerforming,Very High
LOAN0004451,CUST001020,commercial overdraft,INR,3139687.07,7.88,NonPerforming,Low
LOAN0004452,CUST004018,credit card,INR,9690596.99,16.04,Watch,Low
LOAN0004453,CUST007621,working capital,USD,5439577.15,15.75,Watch,Very High
LOAN0004454,CUST003651,commercial overdraft,USD,5338635.12,14.58,Performing,Low
LOAN0004455,CUST004678,credit card,USD,7225425.99,11.84,NonPerforming,Low
LOAN0004456,CUST007577,credit card,USD,8789012.17,8.31,NonPerforming,Medium
LOAN0004457,CUST004197,term loan,GBP,8637043.03,8.46,Watch,Very High
LOAN0004458,CUST002828,working capital,GBP,4845155.16,9.3,Performing,Very High
LOAN0004459,CUST004303,trade finance,GBP,3083667.85,15.42,NonPerforming,Very High
LOAN0004460,CUST003688,commercial overdraft,INR,9045855.79,7.64,Performing,Low
LOAN0004461,CUST003026,trade finance,USD,8473001.95,14.76,Performing,High
LOAN0004462,CUST008767,commercial overdraft,USD,5875728.75,5.56,NonPerforming,High
LOAN0004463,CUST002562,credit card,GBP,7529624.18,7.16,Watch,High
LOAN0004464,CUST004437,term loan,GBP,5408928.81,15.09,Watch,Low
LOAN0004465,CUST002676,credit card,USD,6425549.85,16.62,Watch,Medium
LOAN0004466,CUST000797,commercial overdraft,GBP,7203147.7,14.36,Watch,High
LOAN0004467,CUST000604,term loan,GBP,7708623.92,10.88,NonPerforming,Medium
LOAN0004468,CUST001690,credit card,USD,9660833.49,8.89,NonPerforming,High
LOAN0004469,CUST003742,working capital,GBP,2582427.61,15.96,NonPerforming,Very High
LOAN0004470,CUST000235,credit card,INR,4495339.49,7.28,Watch,Very High
LOAN0004471,CUST005578,commercial overdraft,INR,5066695.6,7.24,Watch,Medium
LOAN0004472,CUST003341,working capital,USD,9279966.66,11.64,Performing,Very High
LOAN0004473,CUST002680,credit card,INR,6545399.35,5.16,Performing,Very High
LOAN0004474,CUST006742,commercial overdraft,USD,678802.85,13.53,Watch,High
LOAN0004475,CUST000192,commercial overdraft,GBP,4418777.67,15.52,Performing,Medium
LOAN0004476,CUST002957,trade finance,USD,6856458.93,17.94,Watch,High
LOAN0004477,CUST003419,term loan,USD,2510708.14,11.75,Performing,Very High
LOAN0004478,CUST006348,working capital,GBP,5403324.55,9.97,Performing,High
LOAN0004479,CUST000744,working capital,GBP,7931605.68,15.99,Watch,Very High
LOAN0004480,CUST005781,mortgage,GBP,7488959.98,13.2,Watch,Low
LOAN0004481,CUST002578,working capital,USD,717416.18,5.46,Performing,Medium
LOAN0004482,CUST002654,credit card,USD,2991542.8,17.46,Watch,Very High
LOAN0004483,CUST001124,working capital,USD,7210494.33,13.11,NonPerforming,Low
LOAN0004484,CUST005994,credit card,USD,6650056.98,7.23,Watch,Low
LOAN0004485,CUST005135,credit card,USD,362655.96,17.3,Performing,High
LOAN0004486,CUST007304,term loan,INR,9231365.4,7.25,Watch,Medium
LOAN0004487,CUST005828,mortgage,USD,8268277.58,12.52,NonPerforming,Very High
LOAN0004488,CUST007851,commercial overdraft,USD,2445243.12,7.15,NonPerforming,Very High
LOAN0004489,CUST000097,credit card,USD,9637797.92,10.85,Performing,Medium
LOAN0004490,CUST006798,credit card,USD,8247425.94,17.62,Watch,Medium
LOAN0004491,CUST008401,working capital,USD,5099759.8,15.11,Performing,Very High
LOAN0004492,CUST008041,term loan,USD,7564603.68,14.97,Performing,Medium
LOAN0004493,CUST003368,mortgage,USD,815187.73,16.68,Performing,High
LOAN0004494,CUST002843,working capital,GBP,2865396.59,13.54,NonPerforming,High
LOAN0004495,CUST002587,credit card,USD,2220350.3,14.45,Performing,Very High
LOAN0004496,CUST007771,mortgage,GBP,8321858.59,11.62,NonPerforming,Low
LOAN0004497,CUST002705,term loan,INR,8607735.83,16.55,Watch,Medium
LOAN0004498,CUST005129,trade finance,GBP,1432712.13,13.71,NonPerforming,Very High
LOAN0004499,CUST000015,mortgage,USD,2990581.46,7.88,NonPerforming,Very High
LOAN0004500,CUST003410,working capital,INR,8938796.29,14.88,Watch,Medium
LOAN0004501,CUST004636,working capital,INR,3406206.37,15.2,Watch,Very High
LOAN0004502,CUST003785,commercial overdraft,INR,4524054.47,17.43,NonPerforming,Very High
LOAN0004503,CUST001131,working capital,USD,1474539.9,11.41,NonPerforming,High
LOAN0004504,CUST007682,commercial overdraft,GBP,890719.04,14.58,Performing,Medium
LOAN0004505,CUST000543,term loan,USD,5969972.96,11.83,NonPerforming,High
LOAN0004506,CUST009097,term loan,INR,4055877.9,7.21,Watch,Medium
LOAN0004507,CUST001483,term loan,GBP,1204498.46,11.99,Performing,Low
LOAN0004508,CUST006018,commercial overdraft,GBP,623674.32,16.56,Performing,High
LOAN0004509,CUST007824,commercial overdraft,INR,1621657.19,10.04,Performing,Very High
LOAN0004510,CUST004302,credit card,INR,9696186.76,6.6,Performing,Low
LOAN0004511,CUST009764,commercial overdraft,INR,791860.51,6.66,Performing,Medium
LOAN0004512,CUST000805,commercial overdraft,USD,3388219.21,9.65,NonPerforming,Medium
LOAN0004513,CUST005867,trade finance,INR,6821612.92,16.26,Watch,Very High
LOAN0004514,CUST006986,credit card,USD,5810469.4,14.21,Performing,High
LOAN0004515,CUST001303,credit card,GBP,9506225.39,7.78,NonPerforming,Low
LOAN0004516,CUST008546,trade finance,USD,8295568.37,17.26,NonPerforming,Low
LOAN0004517,CUST006281,working capital,USD,4802656.61,10.38,Watch,Low
LOAN0004518,CUST005278,trade finance,GBP,7142973.97,13.76,Performing,Low
LOAN0004519,CUST008179,credit card,USD,6480413.39,17.16,Watch,Very High
LOAN0004520,CUST008772,credit card,USD,440861.38,12.0,NonPerforming,Very High
LOAN0004521,CUST002886,mortgage,INR,8886100.56,13.79,NonPerforming,Very High
LOAN0004522,CUST002480,trade finance,INR,2877257.69,13.89,NonPerforming,Medium
LOAN0004523,CUST000161,term loan,INR,7434075.73,11.4,NonPerforming,Very High
LOAN0004524,CUST005005,trade finance,GBP,9167572.91,11.32,Watch,High
LOAN0004525,CUST009710,term loan,USD,5871393.92,14.75,Watch,High
LOAN0004526,CUST007157,mortgage,INR,2155598.0,17.02,Watch,High
LOAN0004527,CUST003638,working capital,USD,7292022.9,13.03,Performing,Medium
LOAN0004528,CUST005169,credit card,USD,4505782.6,8.91,Watch,Very High
LOAN0004529,CUST001385,trade finance,GBP,9124610.32,5.49,Watch,Medium
LOAN0004530,CUST005704,commercial overdraft,GBP,2939835.48,5.76,Performing,Low
LOAN0004531,CUST008973,working capital,USD,403282.12,7.41,NonPerforming,High
LOAN0004532,CUST000071,term loan,INR,6812657.39,10.68,NonPerforming,Low
LOAN0004533,CUST000971,trade finance,GBP,4205461.62,9.71,NonPerforming,Very High
LOAN0004534,CUST004233,trade finance,INR,3625726.53,16.95,Performing,Low
LOAN0004535,CUST005258,trade finance,INR,2374870.06,5.06,Watch,High
LOAN0004536,CUST009036,mortgage,INR,5824830.41,13.14,NonPerforming,High
LOAN0004537,CUST007075,term loan,INR,2548304.05,7.28,NonPerforming,Very High
LOAN0004538,CUST001430,working capital,GBP,4213764.85,5.56,Performing,Very High
LOAN0004539,CUST004422,working capital,GBP,6490190.48,13.68,NonPerforming,Low
LOAN0004540,CUST003823,working capital,GBP,1817944.56,12.76,NonPerforming,High
LOAN0004541,CUST006212,trade finance,INR,5656004.26,10.71,NonPerforming,Very High
LOAN0004542,CUST005474,mortgage,USD,6928442.58,8.59,NonPerforming,Very High
LOAN0004543,CUST007064,commercial overdraft,INR,3035972.27,16.64,NonPerforming,Medium
LOAN0004544,CUST002040,credit card,INR,2600797.88,12.76,NonPerforming,High
LOAN0004545,CUST007675,credit card,INR,2708482.66,11.69,Watch,High
LOAN0004546,CUST000122,trade finance,GBP,6901053.34,9.84,Watch,Very High
LOAN0004547,CUST004972,commercial overdraft,USD,2434958.09,8.75,Watch,Low
LOAN0004548,CUST003260,term loan,GBP,7949756.21,13.38,Performing,High
LOAN0004549,CUST004174,mortgage,USD,7684875.87,16.45,NonPerforming,Medium
LOAN0004550,CUST007284,working capital,INR,8343507.44,12.88,Watch,Very High
LOAN0004551,CUST007051,credit card,GBP,8339803.6,11.6,Watch,Very High
LOAN0004552,CUST002869,trade finance,GBP,7879761.68,16.93,NonPerforming,Medium
LOAN0004553,CUST004489,term loan,GBP,1677408.0,6.66,Performing,Very High
LOAN0004554,CUST009681,term loan,USD,2580815.01,13.57,Performing,Low
LOAN0004555,CUST006383,term loan,GBP,2751416.69,15.99,Performing,High
LOAN0004556,CUST007626,term loan,GBP,339271.19,11.85,Performing,Low
LOAN0004557,CUST006219,credit card,GBP,9023139.9,9.52,NonPerforming,Medium
LOAN0004558,CUST005238,term loan,GBP,2737654.61,12.9,Watch,Very High
LOAN0004559,CUST005640,mortgage,INR,9254938.23,14.18,Watch,High
LOAN0004560,CUST002218,term loan,GBP,5497265.79,15.6,NonPerforming,Low
LOAN0004561,CUST006125,mortgage,INR,6528228.9,12.57,Watch,High
LOAN0004562,CUST000782,term loan,INR,2122159.95,12.71,Performing,High
LOAN0004563,CUST001239,trade finance,USD,4244668.49,6.64,NonPerforming,Very High
LOAN0004564,CUST001413,trade finance,INR,1271948.66,14.08,Watch,High
LOAN0004565,CUST003262,working capital,USD,6492416.99,14.16,Watch,Medium
LOAN0004566,CUST009340,mortgage,INR,746142.29,11.16,Watch,High
LOAN0004567,CUST001668,term loan,INR,790226.36,13.6,NonPerforming,Low
LOAN0004568,CUST007689,term loan,GBP,8858877.44,5.89,NonPerforming,Medium
LOAN0004569,CUST008701,trade finance,USD,124787.96,11.39,Performing,Medium
LOAN0004570,CUST006018,credit card,INR,3434682.0,16.0,NonPerforming,Medium
LOAN0004571,CUST007822,commercial overdraft,GBP,6022321.58,14.23,NonPerforming,Low
LOAN0004572,CUST006596,working capital,INR,5692692.01,12.84,NonPerforming,Medium
LOAN0004573,CUST004002,mortgage,GBP,7184924.94,17.83,Performing,Low
LOAN0004574,CUST007408,term loan,GBP,3737279.68,14.72,NonPerforming,High
LOAN0004575,CUST001514,working capital,INR,3712258.76,11.04,Watch,Very High
LOAN0004576,CUST004101,commercial overdraft,INR,4597360.4,16.4,Performing,Medium
LOAN0004577,CUST000002,term loan,INR,7411821.5,11.07,Performing,Very High
LOAN0004578,CUST008602,commercial overdraft,USD,6617795.28,5.98,Watch,High
LOAN0004579,CUST009061,trade finance,INR,3445604.12,15.63,NonPerforming,Low
LOAN0004580,CUST005009,credit card,GBP,1512246.22,6.65,NonPerforming,Medium
LOAN0004581,CUST004892,trade finance,GBP,6627424.1,6.14,Watch,Medium
LOAN0004582,CUST005015,credit card,GBP,8152376.8,9.21,Performing,High
LOAN0004583,CUST004415,credit card,USD,9681640.94,16.32,Performing,High
LOAN0004584,CUST002110,working capital,GBP,3009680.02,14.1,Performing,High
LOAN0004585,CUST009945,term loan,GBP,6202470.68,16.66,Performing,Low
LOAN0004586,CUST004326,working capital,GBP,7984076.21,7.61,Performing,High
LOAN0004587,CUST003866,credit card,USD,77283.86,6.21,Performing,Very High
LOAN0004588,CUST001483,term loan,INR,1698052.28,6.87,NonPerforming,High
LOAN0004589,CUST001875,credit card,USD,2414528.1,14.07,Watch,Low
LOAN0004590,CUST009535,trade finance,USD,7076427.73,15.06,Performing,Very High
LOAN0004591,CUST005631,mortgage,INR,7079751.87,8.57,NonPerforming,Medium
LOAN0004592,CUST009445,term loan,USD,1118433.23,13.89,Watch,Medium
LOAN0004593,CUST005426,mortgage,GBP,2960943.5,6.53,NonPerforming,Low
LOAN0004594,CUST006944,trade finance,USD,610343.55,7.51,Watch,Medium
LOAN0004595,CUST004668,trade finance,USD,3679560.82,5.23,NonPerforming,Medium
LOAN0004596,CUST003776,mortgage,USD,7470312.83,5.58,NonPerforming,Medium
LOAN0004597,CUST006164,trade finance,GBP,7571830.67,12.87,NonPerforming,Very High
LOAN0004598,CUST003601,working capital,USD,2424735.78,17.01,Watch,Low
LOAN0004599,CUST009808,credit card,GBP,8757710.09,5.02,Watch,High
LOAN0004600,CUST008469,credit card,USD,2201063.0,8.86,NonPerforming,Low
LOAN0004601,CUST001659,credit card,INR,9222411.88,15.01,NonPerforming,Low
LOAN0004602,CUST007638,trade finance,INR,5496632.15,9.26,NonPerforming,Low
LOAN0004603,CUST007141,term loan,GBP,8478615.23,9.3,NonPerforming,Very High
LOAN0004604,CUST003746,term loan,GBP,3989811.75,12.72,Watch,Medium
LOAN0004605,CUST004840,term loan,INR,8710079.98,11.09,NonPerforming,High
LOAN0004606,CUST001664,mortgage,GBP,5464242.48,10.41,NonPerforming,Low
LOAN0004607,CUST006563,credit card,GBP,6033373.07,7.98,NonPerforming,Low
LOAN0004608,CUST006406,working capital,USD,7347984.59,9.47,NonPerforming,High
LOAN0004609,CUST004841,trade finance,INR,1227876.83,5.56,Performing,Very High
LOAN0004610,CUST001713,term loan,USD,8755214.09,8.1,NonPerforming,Medium
LOAN0004611,CUST009376,credit card,INR,5787722.52,15.95,Watch,Very High
LOAN0004612,CUST009950,term loan,INR,5991257.16,7.28,Watch,Medium
LOAN0004613,CUST009975,mortgage,USD,9364385.22,16.48,NonPerforming,Medium
LOAN0004614,CUST008656,commercial overdraft,USD,9845785.0,6.67,Watch,Very High
LOAN0004615,CUST008813,working capital,GBP,6023055.91,11.66,NonPerforming,Low
LOAN0004616,CUST002730,mortgage,INR,8163706.84,12.18,Performing,Medium
LOAN0004617,CUST009392,working capital,INR,7275958.83,10.99,NonPerforming,Low
LOAN0004618,CUST001495,credit card,USD,341012.31,13.14,Performing,High
LOAN0004619,CUST009078,mortgage,INR,4785552.59,5.41,Performing,Low
LOAN0004620,CUST003237,credit card,USD,3152156.9,13.92,NonPerforming,Low
LOAN0004621,CUST006825,trade finance,INR,6825396.22,14.65,NonPerforming,Very High
LOAN0004622,CUST001710,mortgage,INR,7638792.16,17.0,Watch,Medium
LOAN0004623,CUST008702,trade finance,INR,2283287.66,8.84,Watch,High
LOAN0004624,CUST000208,trade finance,INR,588689.42,14.16,Performing,Low
LOAN0004625,CUST004340,credit card,USD,7219199.3,6.83,NonPerforming,Very High
LOAN0004626,CUST003798,trade finance,USD,6823929.28,15.32,Watch,Low
LOAN0004627,CUST007753,mortgage,GBP,7278645.18,10.99,Performing,Low
LOAN0004628,CUST002498,commercial overdraft,GBP,7807738.47,13.2,NonPerforming,High
LOAN0004629,CUST006252,mortgage,GBP,4668251.34,15.59,Watch,Low
LOAN0004630,CUST008210,working capital,USD,7300726.32,6.76,NonPerforming,Low
LOAN0004631,CUST008500,credit card,USD,5305389.25,11.34,Watch,Low
LOAN0004632,CUST004302,credit card,INR,5675163.28,15.09,Watch,High
LOAN0004633,CUST000200,commercial overdraft,INR,5692993.68,10.84,NonPerforming,High
LOAN0004634,CUST007528,commercial overdraft,GBP,2440221.04,17.79,Performing,High
LOAN0004635,CUST002938,trade finance,USD,6114961.01,8.47,Performing,Very High
LOAN0004636,CUST000029,commercial overdraft,INR,7853718.81,7.36,Performing,Medium
LOAN0004637,CUST000501,working capital,GBP,1841043.67,7.74,NonPerforming,Medium
LOAN0004638,CUST004017,trade finance,GBP,3270703.17,13.08,Performing,Medium
LOAN0004639,CUST003216,credit card,INR,9171952.42,5.53,Watch,Very High
LOAN0004640,CUST006573,working capital,GBP,6868416.24,15.65,Watch,High
LOAN0004641,CUST006948,commercial overdraft,GBP,8235476.71,12.99,NonPerforming,Low
LOAN0004642,CUST003680,commercial overdraft,USD,2901354.32,14.43,NonPerforming,High
LOAN0004643,CUST002449,term loan,USD,2381993.19,10.59,Performing,High
LOAN0004644,CUST006429,term loan,GBP,9251196.16,5.84,NonPerforming,Low
LOAN0004645,CUST004708,trade finance,INR,7177275.89,12.82,NonPerforming,Low
LOAN0004646,CUST005980,commercial overdraft,USD,2951177.09,15.2,Performing,High
LOAN0004647,CUST000152,mortgage,GBP,4081648.29,8.55,Watch,Low
LOAN0004648,CUST006883,term loan,INR,9675645.71,8.87,Performing,Very High
LOAN0004649,CUST006974,working capital,INR,6294428.83,16.38,Performing,High
LOAN0004650,CUST009299,trade finance,GBP,9045215.82,15.46,Performing,High
LOAN0004651,CUST006413,working capital,INR,9837814.49,12.75,NonPerforming,High
LOAN0004652,CUST002644,commercial overdraft,GBP,9928299.88,16.7,NonPerforming,High
LOAN0004653,CUST008780,trade finance,GBP,8884147.17,17.14,Performing,Low
LOAN0004654,CUST002188,term loan,INR,7238088.18,6.04,Performing,Low
LOAN0004655,CUST009072,commercial overdraft,INR,7474826.03,5.23,NonPerforming,Medium
LOAN0004656,CUST007132,working capital,USD,2143151.91,5.28,Watch,Medium
LOAN0004657,CUST009442,commercial overdraft,USD,3324758.27,16.78,Performing,High
LOAN0004658,CUST002969,mortgage,GBP,8511575.74,5.85,Watch,Low
LOAN0004659,CUST009750,credit card,INR,8755028.68,13.68,NonPerforming,Low
LOAN0004660,CUST009736,credit card,INR,8093180.77,6.93,NonPerforming,Very High
LOAN0004661,CUST005163,mortgage,USD,1206073.12,7.61,Performing,Very High
LOAN0004662,CUST003209,mortgage,USD,6588869.21,6.4,Performing,Medium
LOAN0004663,CUST004975,commercial overdraft,INR,571122.85,11.07,Performing,High
LOAN0004664,CUST005693,working capital,USD,8270055.58,11.06,Watch,High
LOAN0004665,CUST005130,commercial overdraft,INR,1995253.38,16.54,NonPerforming,Low
LOAN0004666,CUST007157,commercial overdraft,GBP,4668196.68,15.3,Watch,High
LOAN0004667,CUST006045,mortgage,USD,564722.43,6.17,Performing,Medium
LOAN0004668,CUST003371,term loan,GBP,8440805.57,15.74,Watch,Low
LOAN0004669,CUST005771,credit card,GBP,8322966.64,5.92,Watch,Low
LOAN0004670,CUST006599,working capital,GBP,5191854.53,10.67,Watch,Low
LOAN0004671,CUST005542,commercial overdraft,USD,4032906.83,16.53,NonPerforming,Medium
LOAN0004672,CUST008318,term loan,INR,4805798.66,7.65,Watch,Medium
LOAN0004673,CUST006820,trade finance,GBP,1427335.27,7.87,Performing,Low
LOAN0004674,CUST005218,trade finance,USD,7163531.9,16.98,Watch,Medium
LOAN0004675,CUST000713,trade finance,GBP,6135502.0,16.14,Watch,Very High
LOAN0004676,CUST000307,mortgage,GBP,4601659.02,12.2,Watch,Medium
LOAN0004677,CUST003357,working capital,INR,7885072.21,11.04,Performing,High
LOAN0004678,CUST000149,term loan,GBP,4195331.07,13.14,NonPerforming,Very High
LOAN0004679,CUST005991,commercial overdraft,USD,9705105.33,15.46,NonPerforming,High
LOAN0004680,CUST002734,mortgage,GBP,145378.68,16.63,Watch,Low
LOAN0004681,CUST007173,credit card,INR,7344708.93,10.09,Watch,High
LOAN0004682,CUST002064,credit card,GBP,3666421.68,13.18,Performing,High
LOAN0004683,CUST008757,commercial overdraft,GBP,9182029.03,14.95,Performing,Very High
LOAN0004684,CUST003293,term loan,GBP,4643313.42,9.91,Performing,Very High
LOAN0004685,CUST001472,term loan,GBP,8636653.36,12.16,Watch,Very High
LOAN0004686,CUST004775,trade finance,GBP,5156767.66,8.62,Performing,Very High
LOAN0004687,CUST002929,commercial overdraft,USD,5996597.84,10.8,NonPerforming,High
LOAN0004688,CUST007535,credit card,INR,4701783.02,15.91,NonPerforming,Medium
LOAN0004689,CUST000811,term loan,INR,1827693.61,16.4,NonPerforming,Very High
LOAN0004690,CUST001322,trade finance,USD,6545635.61,12.98,NonPerforming,Low
LOAN0004691,CUST006057,mortgage,USD,2696237.54,13.9,NonPerforming,Very High
LOAN0004692,CUST003494,working capital,USD,9760697.13,5.38,Watch,Very High
LOAN0004693,CUST001420,working capital,USD,8733871.26,17.41,Watch,Very High
LOAN0004694,CUST009262,trade finance,INR,4192685.97,9.75,Watch,Very High
LOAN0004695,CUST007568,commercial overdraft,INR,2769122.05,8.17,NonPerforming,High
LOAN0004696,CUST007353,credit card,USD,197057.46,10.89,Watch,Low
LOAN0004697,CUST009936,trade finance,GBP,8847887.54,17.73,NonPerforming,Low
LOAN0004698,CUST005814,commercial overdraft,USD,6946420.56,6.53,Watch,Low
LOAN0004699,CUST001890,working capital,USD,6444914.29,12.43,Watch,Low
LOAN0004700,CUST008993,term loan,USD,6887935.95,15.13,Performing,Very High
LOAN0004701,CUST002499,term loan,USD,1471919.62,9.3,NonPerforming,Very High
LOAN0004702,CUST000839,trade finance,USD,486357.76,12.05,NonPerforming,Low
LOAN0004703,CUST003879,mortgage,INR,4469260.87,15.43,Watch,Medium
LOAN0004704,CUST001182,term loan,USD,1836990.67,8.32,Watch,Medium
LOAN0004705,CUST007263,term loan,GBP,971922.48,8.93,Watch,Medium
LOAN0004706,CUST007272,trade finance,GBP,9314073.67,14.56,Watch,Low
LOAN0004707,CUST006050,trade finance,USD,1352464.23,11.99,Performing,High
LOAN0004708,CUST009092,term loan,USD,7465548.09,7.87,Performing,Very High
LOAN0004709,CUST004795,credit card,GBP,4887910.82,14.57,NonPerforming,Very High
LOAN0004710,CUST001980,mortgage,USD,9952129.69,6.79,NonPerforming,Low
LOAN0004711,CUST009318,credit card,USD,7068077.28,6.14,NonPerforming,Very High
LOAN0004712,CUST003793,working capital,INR,1390516.09,7.41,Performing,High
LOAN0004713,CUST006954,working capital,GBP,3824728.11,13.21,Watch,Medium
LOAN0004714,CUST001342,trade finance,INR,100456.21,14.63,NonPerforming,Very High
LOAN0004715,CUST005722,working capital,INR,1455223.99,10.56,Performing,Medium
LOAN0004716,CUST009123,commercial overdraft,GBP,6983886.53,14.93,Watch,Low
LOAN0004717,CUST004363,trade finance,INR,8523439.54,15.38,NonPerforming,Medium
LOAN0004718,CUST005808,working capital,USD,9356114.57,5.1,NonPerforming,Very High
LOAN0004719,CUST003007,credit card,GBP,616458.97,17.8,NonPerforming,High
LOAN0004720,CUST003887,mortgage,GBP,7952393.74,13.66,Watch,Low
LOAN0004721,CUST008904,working capital,USD,3892957.21,12.85,Watch,Medium
LOAN0004722,CUST002086,trade finance,INR,6069813.29,8.55,Watch,Medium
LOAN0004723,CUST001937,working capital,USD,5094296.27,10.9,Performing,High
LOAN0004724,CUST006328,credit card,GBP,1972966.78,8.06,NonPerforming,Low
LOAN0004725,CUST000390,mortgage,INR,4961480.17,16.45,Performing,Medium
LOAN0004726,CUST006334,mortgage,INR,9916391.73,14.64,Watch,Low
LOAN0004727,CUST005514,credit card,GBP,1396139.1,9.52,Watch,Very High
LOAN0004728,CUST007868,working capital,USD,7670154.74,17.52,Performing,Low
LOAN0004729,CUST005050,commercial overdraft,USD,7868840.62,6.09,NonPerforming,Low
LOAN0004730,CUST006985,trade finance,GBP,18018.08,10.63,NonPerforming,Medium
LOAN0004731,CUST009140,commercial overdraft,GBP,1457040.77,5.32,Watch,Low
LOAN0004732,CUST003074,mortgage,INR,7150708.74,8.79,Performing,High
LOAN0004733,CUST001435,credit card,INR,2599806.28,5.38,NonPerforming,High
LOAN0004734,CUST000455,credit card,USD,9013818.02,15.27,Watch,Very High
LOAN0004735,CUST001131,mortgage,USD,9728689.7,14.8,Performing,Very High
LOAN0004736,CUST006596,term loan,USD,5583411.08,7.01,Performing,Medium
LOAN0004737,CUST004260,credit card,GBP,734347.16,6.11,Watch,Very High
LOAN0004738,CUST008916,mortgage,INR,3129271.85,16.49,NonPerforming,High
LOAN0004739,CUST007320,working capital,USD,7241611.31,11.73,NonPerforming,Medium
LOAN0004740,CUST002934,trade finance,GBP,1345865.48,10.95,Performing,High
LOAN0004741,CUST000202,term loan,GBP,5252812.71,7.25,Watch,Low
LOAN0004742,CUST008886,term loan,USD,9522073.81,16.65,NonPerforming,Medium
LOAN0004743,CUST008313,commercial overdraft,GBP,5596443.43,12.87,NonPerforming,Very High
LOAN0004744,CUST009914,mortgage,GBP,3386972.23,7.86,NonPerforming,Medium
LOAN0004745,CUST001784,commercial overdraft,USD,7537178.61,9.74,NonPerforming,Medium
LOAN0004746,CUST001960,mortgage,INR,1753888.26,13.19,Performing,High
LOAN0004747,CUST004348,mortgage,GBP,6484471.69,7.86,Watch,Low
LOAN0004748,CUST009374,commercial overdraft,INR,1169807.2,17.7,Performing,High
LOAN0004749,CUST001888,commercial overdraft,USD,1447242.13,11.17,Performing,High
LOAN0004750,CUST000438,commercial overdraft,GBP,252256.94,10.73,Watch,Low
LOAN0004751,CUST005773,credit card,GBP,7883871.42,16.83,Watch,Very High
LOAN0004752,CUST000682,term loan,INR,642444.6,15.78,Performing,Medium
LOAN0004753,CUST007929,working capital,GBP,3228918.08,17.27,NonPerforming,High
LOAN0004754,CUST005443,commercial overdraft,USD,8698770.47,13.36,NonPerforming,High
LOAN0004755,CUST009939,trade finance,USD,2865557.78,5.04,Performing,Low
LOAN0004756,CUST005777,working capital,GBP,6256906.07,13.86,NonPerforming,High
LOAN0004757,CUST005730,commercial overdraft,USD,6908958.82,14.91,Performing,Medium
LOAN0004758,CUST005068,working capital,INR,9076900.39,17.89,Watch,High
LOAN0004759,CUST006624,term loan,INR,7095337.29,5.92,NonPerforming,Low
LOAN0004760,CUST006455,commercial overdraft,USD,2865117.68,15.11,Performing,High
LOAN0004761,CUST004932,mortgage,INR,3648272.54,16.0,Watch,Very High
LOAN0004762,CUST005810,mortgage,GBP,8055261.42,13.57,Watch,Low
LOAN0004763,CUST001700,working capital,INR,3231396.75,10.19,Performing,High
LOAN0004764,CUST001889,term loan,GBP,7691901.77,13.38,NonPerforming,High
LOAN0004765,CUST000539,trade finance,INR,8937121.03,17.96,Watch,Medium
LOAN0004766,CUST007033,working capital,USD,2931555.72,8.58,NonPerforming,Medium
LOAN0004767,CUST009589,term loan,USD,4917995.48,16.41,Watch,Very High
LOAN0004768,CUST001435,term loan,INR,2257484.93,9.46,NonPerforming,Very High
LOAN0004769,CUST007191,mortgage,GBP,1593516.11,17.66,NonPerforming,Low
LOAN0004770,CUST005329,working capital,USD,9616923.58,17.03,NonPerforming,Medium
LOAN0004771,CUST006501,credit card,INR,9464748.56,5.22,NonPerforming,Low
LOAN0004772,CUST002952,working capital,INR,8752321.55,14.8,Performing,High
LOAN0004773,CUST000790,commercial overdraft,INR,5867336.62,5.52,NonPerforming,Very High
LOAN0004774,CUST009276,commercial overdraft,USD,8061296.21,6.47,Watch,Medium
LOAN0004775,CUST006645,credit card,INR,8841885.98,12.94,Performing,Medium
LOAN0004776,CUST009256,mortgage,USD,4492625.25,17.01,Watch,Very High
LOAN0004777,CUST009297,credit card,GBP,8009342.47,15.75,NonPerforming,Very High
LOAN0004778,CUST007431,trade finance,USD,3921994.32,7.47,NonPerforming,Medium
LOAN0004779,CUST002008,credit card,INR,1119090.46,13.43,Watch,Low
LOAN0004780,CUST007972,mortgage,GBP,8498029.15,15.07,Watch,Medium
LOAN0004781,CUST004676,commercial overdraft,USD,1111813.32,5.18,Performing,Low
LOAN0004782,CUST000853,trade finance,USD,3005478.22,17.41,NonPerforming,High
LOAN0004783,CUST005107,mortgage,GBP,7648590.94,8.29,NonPerforming,High
LOAN0004784,CUST002640,working capital,USD,1494623.45,8.95,Performing,High
LOAN0004785,CUST002817,mortgage,USD,4685534.58,16.41,Watch,Low
LOAN0004786,CUST006180,working capital,USD,3632827.25,16.12,NonPerforming,Medium
LOAN0004787,CUST006956,credit card,INR,2983387.02,6.54,Watch,Very High
LOAN0004788,CUST008688,term loan,USD,9762096.93,7.29,Watch,Very High
LOAN0004789,CUST003797,working capital,USD,9489154.53,16.6,Watch,Low
LOAN0004790,CUST000452,term loan,USD,923081.66,8.7,Watch,Medium
LOAN0004791,CUST005317,credit card,USD,4541174.61,9.96,Performing,Medium
LOAN0004792,CUST008173,commercial overdraft,USD,4957243.9,12.26,Watch,Low
LOAN0004793,CUST007487,trade finance,INR,9594090.21,12.33,NonPerforming,High
LOAN0004794,CUST006672,trade finance,USD,1836850.87,16.13,Watch,Very High
LOAN0004795,CUST001343,commercial overdraft,GBP,9805216.68,9.86,Watch,Very High
LOAN0004796,CUST007515,credit card,GBP,4222461.65,7.83,NonPerforming,Medium
LOAN0004797,CUST002491,mortgage,INR,9488842.68,16.77,Performing,Medium
LOAN0004798,CUST003246,mortgage,GBP,5085030.16,5.5,Watch,Medium
LOAN0004799,CUST008842,credit card,USD,5239100.83,9.93,Watch,High
LOAN0004800,CUST000815,working capital,GBP,2476926.68,9.47,Watch,Very High
LOAN0004801,CUST006429,credit card,INR,3603494.46,16.7,NonPerforming,Low
LOAN0004802,CUST001390,credit card,GBP,7495359.81,7.45,NonPerforming,High
LOAN0004803,CUST006599,mortgage,GBP,9785318.35,5.89,NonPerforming,High
LOAN0004804,CUST008927,term loan,INR,2763718.12,11.83,Watch,Medium
LOAN0004805,CUST000572,trade finance,GBP,9734148.59,6.49,Watch,Medium
LOAN0004806,CUST001230,working capital,USD,6482604.13,11.42,Watch,Very High
LOAN0004807,CUST009387,term loan,USD,7316041.18,5.45,Performing,Medium
LOAN0004808,CUST009846,commercial overdraft,INR,5129129.74,5.59,Watch,Very High
LOAN0004809,CUST006898,commercial overdraft,USD,431494.1,10.39,Watch,High
LOAN0004810,CUST003284,trade finance,USD,4447292.95,11.56,Watch,Low
LOAN0004811,CUST004951,mortgage,INR,9777896.96,13.95,Watch,High
LOAN0004812,CUST006206,term loan,USD,3385402.05,13.48,Performing,Low
LOAN0004813,CUST005046,mortgage,INR,3920227.03,17.7,Performing,High
LOAN0004814,CUST009004,trade finance,INR,953643.29,15.29,NonPerforming,Very High
LOAN0004815,CUST000006,credit card,GBP,8081186.71,15.98,Watch,Very High
LOAN0004816,CUST001359,trade finance,INR,4310988.11,16.62,Watch,High
LOAN0004817,CUST001043,working capital,GBP,8515763.13,6.69,NonPerforming,High
LOAN0004818,CUST006269,mortgage,INR,5215634.43,6.79,Watch,High
LOAN0004819,CUST005003,term loan,GBP,7208634.0,10.63,NonPerforming,Very High
LOAN0004820,CUST005157,mortgage,USD,9398425.03,6.71,NonPerforming,Low
LOAN0004821,CUST001885,mortgage,GBP,9030976.69,11.83,NonPerforming,High
LOAN0004822,CUST001041,credit card,INR,8556378.51,6.09,Performing,Low
LOAN0004823,CUST008027,trade finance,GBP,9340683.73,12.05,Performing,Medium
LOAN0004824,CUST001435,trade finance,INR,5626059.27,15.88,NonPerforming,Low
LOAN0004825,CUST005542,commercial overdraft,INR,8069584.29,14.74,NonPerforming,Medium
LOAN0004826,CUST006903,credit card,GBP,2422317.63,6.3,NonPerforming,Low
LOAN0004827,CUST004549,mortgage,GBP,4068219.14,17.17,NonPerforming,High
LOAN0004828,CUST004400,term loan,USD,1675817.67,16.36,Watch,Low
LOAN0004829,CUST000438,commercial overdraft,INR,1042430.89,14.27,Watch,Low
LOAN0004830,CUST001636,term loan,INR,3497739.37,7.18,NonPerforming,Low
LOAN0004831,CUST002234,mortgage,USD,9774335.37,7.32,Performing,High
LOAN0004832,CUST002699,trade finance,INR,5202568.23,5.39,NonPerforming,High
LOAN0004833,CUST007788,term loan,INR,4411476.84,17.59,Performing,High
LOAN0004834,CUST007789,term loan,USD,1015721.72,10.61,Watch,Medium
LOAN0004835,CUST006394,working capital,USD,4545494.55,10.59,Performing,Medium
LOAN0004836,CUST001737,credit card,INR,8576294.66,9.93,Performing,High
LOAN0004837,CUST002624,commercial overdraft,USD,801720.29,8.82,NonPerforming,Low
LOAN0004838,CUST003136,term loan,USD,8135386.1,13.7,Performing,Very High
LOAN0004839,CUST001880,mortgage,USD,6088469.45,6.77,Watch,High
LOAN0004840,CUST006583,term loan,INR,9979322.48,11.9,Watch,Low
LOAN0004841,CUST008437,mortgage,USD,1153226.83,8.99,Performing,Very High
LOAN0004842,CUST003491,working capital,GBP,571617.61,16.55,Watch,Very High
LOAN0004843,CUST000590,commercial overdraft,INR,8778315.96,16.82,Performing,Very High
LOAN0004844,CUST009099,commercial overdraft,GBP,6191983.06,14.63,Performing,Very High
LOAN0004845,CUST004289,commercial overdraft,GBP,5159637.64,9.01,Performing,High
LOAN0004846,CUST006455,credit card,USD,244272.17,9.18,Watch,Very High
LOAN0004847,CUST000395,working capital,USD,6653293.38,9.24,Watch,High
LOAN0004848,CUST000279,working capital,USD,231565.63,7.71,Watch,Low
LOAN0004849,CUST009210,working capital,INR,9035609.0,13.9,NonPerforming,Medium
LOAN0004850,CUST009336,mortgage,USD,1458788.07,5.75,Performing,Medium
LOAN0004851,CUST006502,commercial overdraft,USD,8046602.83,11.09,Performing,Low
LOAN0004852,CUST002095,mortgage,INR,7946185.9,10.36,NonPerforming,Low
LOAN0004853,CUST008303,trade finance,GBP,2335635.21,15.2,NonPerforming,Very High
LOAN0004854,CUST003859,term loan,GBP,6908254.47,5.64,Watch,Low
LOAN0004855,CUST003158,trade finance,USD,8581110.22,7.73,Performing,Low
LOAN0004856,CUST001954,commercial overdraft,USD,561879.9,5.57,Performing,High
LOAN0004857,CUST008209,commercial overdraft,INR,4572046.16,16.41,Performing,High
LOAN0004858,CUST008409,credit card,USD,8303546.48,15.77,Watch,Low
LOAN0004859,CUST008398,mortgage,USD,7646777.11,6.4,NonPerforming,Medium
LOAN0004860,CUST000028,commercial overdraft,GBP,908425.93,17.18,Watch,Medium
LOAN0004861,CUST008904,credit card,GBP,3616756.23,16.93,Watch,Very High
LOAN0004862,CUST006554,term loan,USD,8487027.34,17.31,NonPerforming,Very High
LOAN0004863,CUST004565,term loan,GBP,7260237.01,14.97,Performing,Very High
LOAN0004864,CUST006705,credit card,USD,814215.16,11.79,Performing,Very High
LOAN0004865,CUST005603,trade finance,USD,3807950.63,9.81,Watch,Low
LOAN0004866,CUST009245,commercial overdraft,USD,9341336.61,9.4,NonPerforming,Medium
LOAN0004867,CUST000777,trade finance,GBP,9091390.72,6.63,NonPerforming,Low
LOAN0004868,CUST008999,trade finance,USD,3126718.64,12.95,NonPerforming,High
LOAN0004869,CUST007576,mortgage,INR,2040263.76,8.39,Watch,Low
LOAN0004870,CUST004522,trade finance,GBP,6984634.15,7.87,Watch,High
LOAN0004871,CUST006924,mortgage,USD,1942208.47,16.7,Watch,Very High
LOAN0004872,CUST008332,credit card,USD,2321426.1,16.61,Performing,Very High
LOAN0004873,CUST002295,trade finance,GBP,8055281.94,13.61,Performing,Medium
LOAN0004874,CUST008126,credit card,GBP,6947081.58,12.99,Watch,Low
LOAN0004875,CUST009812,working capital,USD,7650495.47,9.79,Performing,Medium
LOAN0004876,CUST008038,mortgage,GBP,7494111.6,8.42,Performing,Medium
LOAN0004877,CUST007856,term loan,GBP,3236852.69,5.42,Performing,Medium
LOAN0004878,CUST004615,working capital,GBP,1018025.29,16.32,Performing,High
LOAN0004879,CUST009413,credit card,USD,4023140.33,5.52,NonPerforming,Very High
LOAN0004880,CUST006380,mortgage,USD,2834446.8,12.28,Performing,Very High
LOAN0004881,CUST002219,trade finance,INR,6105931.91,14.17,Performing,Low
LOAN0004882,CUST005704,trade finance,USD,3477645.8,5.86,Watch,Very High
LOAN0004883,CUST006466,trade finance,USD,8536120.87,6.83,NonPerforming,Low
LOAN0004884,CUST002022,mortgage,USD,5178684.15,9.43,Watch,Low
LOAN0004885,CUST001671,mortgage,GBP,5440981.81,5.51,Watch,Very High
LOAN0004886,CUST006476,working capital,USD,9207418.17,6.12,Performing,Medium
LOAN0004887,CUST004976,credit card,USD,1125673.62,6.16,Watch,Medium
LOAN0004888,CUST001387,working capital,INR,4987918.2,5.16,Watch,Medium
LOAN0004889,CUST008264,mortgage,GBP,7955478.22,7.19,Performing,Very High
LOAN0004890,CUST005499,credit card,USD,1210366.18,17.73,Watch,High
LOAN0004891,CUST006413,mortgage,INR,4960089.62,5.57,Watch,High
LOAN0004892,CUST004615,working capital,INR,9169117.47,6.47,Watch,High
LOAN0004893,CUST004495,commercial overdraft,GBP,335641.18,10.82,NonPerforming,Low
LOAN0004894,CUST000642,working capital,GBP,1963364.85,7.74,Performing,High
LOAN0004895,CUST009214,commercial overdraft,USD,650291.59,16.49,Watch,Low
LOAN0004896,CUST005716,mortgage,INR,7508806.76,13.62,Watch,Medium
LOAN0004897,CUST004079,term loan,INR,5983893.68,11.87,NonPerforming,Low
LOAN0004898,CUST005508,commercial overdraft,INR,3810531.29,17.16,Watch,Low
LOAN0004899,CUST002792,commercial overdraft,GBP,1701277.69,9.91,Watch,Medium
LOAN0004900,CUST006929,mortgage,INR,4036458.72,11.61,Watch,Very High
LOAN0004901,CUST006761,credit card,INR,1657879.42,14.97,NonPerforming,Medium
LOAN0004902,CUST004345,term loan,USD,1969921.28,15.76,Performing,Medium
LOAN0004903,CUST002869,credit card,INR,2802030.25,16.91,NonPerforming,Low
LOAN0004904,CUST000518,mortgage,USD,93771.97,10.63,Performing,Very High
LOAN0004905,CUST001198,term loan,GBP,393276.45,6.04,Performing,Medium
LOAN0004906,CUST003653,mortgage,GBP,8406772.05,7.43,Watch,Very High
LOAN0004907,CUST001956,mortgage,USD,2994844.03,15.11,Performing,Very High
LOAN0004908,CUST001020,term loan,USD,2996479.21,10.76,Watch,Low
LOAN0004909,CUST000720,working capital,GBP,8620408.66,6.51,Performing,High
LOAN0004910,CUST004755,term loan,INR,2855072.4,11.3,NonPerforming,Very High
LOAN0004911,CUST008850,working capital,GBP,2248330.7,7.57,NonPerforming,Medium
LOAN0004912,CUST005801,mortgage,GBP,2567280.78,17.18,Watch,Low
LOAN0004913,CUST005145,trade finance,INR,5569271.17,17.56,Performing,Medium
LOAN0004914,CUST001806,mortgage,INR,337853.16,8.03,Watch,High
LOAN0004915,CUST002703,trade finance,GBP,6249061.8,5.32,NonPerforming,Medium
LOAN0004916,CUST004452,commercial overdraft,USD,6065107.09,15.61,NonPerforming,Low
LOAN0004917,CUST002096,trade finance,GBP,3203779.86,12.89,Watch,Very High
LOAN0004918,CUST008812,term loan,USD,2207396.55,10.95,Performing,High
LOAN0004919,CUST008336,credit card,INR,2542881.26,8.69,NonPerforming,Medium
LOAN0004920,CUST006983,term loan,INR,7868192.37,5.36,Performing,Very High
LOAN0004921,CUST003551,mortgage,USD,509908.8,13.75,Performing,High
LOAN0004922,CUST002799,trade finance,GBP,9705324.41,10.91,Watch,Low
LOAN0004923,CUST007318,trade finance,USD,4269355.83,7.59,NonPerforming,Medium
LOAN0004924,CUST008987,working capital,INR,5714852.32,5.07,Performing,Medium
LOAN0004925,CUST009884,credit card,USD,100929.53,8.91,Watch,Low
LOAN0004926,CUST009384,term loan,INR,4456362.37,5.68,Performing,Medium
LOAN0004927,CUST001173,working capital,INR,2600282.97,12.58,Watch,Very High
LOAN0004928,CUST001841,trade finance,GBP,8572198.28,17.0,NonPerforming,Very High
LOAN0004929,CUST001772,commercial overdraft,USD,1718750.53,10.77,Performing,High
LOAN0004930,CUST009417,working capital,USD,6645439.59,9.98,Watch,High
LOAN0004931,CUST004378,commercial overdraft,USD,3188789.81,10.92,Performing,Very High
LOAN0004932,CUST003086,commercial overdraft,USD,7306084.19,5.4,Watch,Low
LOAN0004933,CUST005654,term loan,GBP,6127451.61,7.49,Watch,Low
LOAN0004934,CUST001001,working capital,USD,7025361.36,10.69,NonPerforming,High
LOAN0004935,CUST001810,commercial overdraft,INR,7644351.75,5.18,Watch,High
LOAN0004936,CUST005539,working capital,INR,1921703.22,15.94,Performing,High
LOAN0004937,CUST004697,mortgage,USD,8887041.54,16.27,Performing,Very High
LOAN0004938,CUST007024,term loan,INR,2130640.89,17.5,Performing,High
LOAN0004939,CUST003046,term loan,GBP,8023065.75,15.71,Watch,Very High
LOAN0004940,CUST007863,mortgage,USD,4749395.7,15.82,Performing,Medium
LOAN0004941,CUST000421,mortgage,GBP,6101805.78,7.96,Performing,Low
LOAN0004942,CUST001367,credit card,INR,4801608.14,12.66,Watch,High
LOAN0004943,CUST007641,mortgage,GBP,6744484.16,12.62,NonPerforming,Medium
LOAN0004944,CUST002588,mortgage,INR,651289.76,16.98,NonPerforming,High
LOAN0004945,CUST000021,commercial overdraft,GBP,7809822.29,6.3,Performing,Medium
LOAN0004946,CUST009463,term loan,INR,6590555.69,13.9,NonPerforming,Very High
LOAN0004947,CUST005349,working capital,INR,237141.02,16.9,Performing,Low
LOAN0004948,CUST006370,credit card,INR,202609.91,12.29,NonPerforming,High
LOAN0004949,CUST001974,commercial overdraft,GBP,7491330.97,9.09,Performing,Medium
LOAN0004950,CUST008667,term loan,GBP,8353422.79,14.14,Performing,Low
LOAN0004951,CUST003538,commercial overdraft,INR,1448293.11,11.15,Performing,Very High
LOAN0004952,CUST008719,trade finance,USD,2530651.77,9.52,Watch,Very High
LOAN0004953,CUST004565,term loan,INR,4326869.05,17.8,NonPerforming,Very High
LOAN0004954,CUST001884,commercial overdraft,USD,8259020.62,17.32,Performing,Low
LOAN0004955,CUST009570,mortgage,GBP,4141749.31,16.88,NonPerforming,High
LOAN0004956,CUST002074,trade finance,GBP,977115.8,12.26,Watch,Medium
LOAN0004957,CUST008000,mortgage,INR,91178.18,5.48,Watch,Medium
LOAN0004958,CUST009889,mortgage,GBP,7540466.02,13.61,NonPerforming,High
LOAN0004959,CUST007024,mortgage,INR,615528.55,15.97,NonPerforming,High
LOAN0004960,CUST004589,term loan,GBP,5233246.97,16.31,Watch,Very High
LOAN0004961,CUST006456,working capital,USD,9463127.5,15.98,Performing,High
LOAN0004962,CUST006344,commercial overdraft,GBP,8983372.0,16.91,Watch,Medium
LOAN0004963,CUST006084,commercial overdraft,GBP,4228798.55,16.66,Performing,Medium
LOAN0004964,CUST002768,working capital,GBP,9647470.17,14.7,NonPerforming,Medium
LOAN0004965,CUST000213,trade finance,GBP,9869083.42,13.03,Performing,Very High
LOAN0004966,CUST005156,credit card,INR,5735410.4,9.17,Watch,Low
LOAN0004967,CUST006254,credit card,USD,3547833.91,16.27,NonPerforming,Low
LOAN0004968,CUST003467,term loan,USD,8612671.26,17.28,Performing,Low
LOAN0004969,CUST001115,credit card,USD,7144739.94,6.49,Performing,High
LOAN0004970,CUST001661,credit card,INR,5759620.24,9.99,Watch,Medium
LOAN0004971,CUST001830,mortgage,GBP,460252.39,5.36,Watch,High
LOAN0004972,CUST003188,mortgage,GBP,5595936.26,14.49,Performing,Very High
LOAN0004973,CUST005986,trade finance,INR,9432839.02,10.28,Watch,Medium
LOAN0004974,CUST006600,commercial overdraft,INR,2632036.42,13.23,Performing,Medium
LOAN0004975,CUST009384,term loan,INR,7667862.68,8.24,NonPerforming,Very High
LOAN0004976,CUST003156,mortgage,INR,2989042.77,12.64,Watch,Very High
LOAN0004977,CUST004090,working capital,USD,6320857.89,8.0,NonPerforming,Low
LOAN0004978,CUST007537,credit card,INR,2596743.51,6.89,Performing,High
LOAN0004979,CUST000203,credit card,USD,9504818.83,10.64,Watch,Very High
LOAN0004980,CUST005626,trade finance,USD,6371722.12,11.97,NonPerforming,High
LOAN0004981,CUST001570,commercial overdraft,USD,820928.87,13.5,Performing,High
LOAN0004982,CUST003006,trade finance,INR,2109500.65,17.1,NonPerforming,Low
LOAN0004983,CUST008937,term loan,INR,8162597.63,7.98,Performing,Very High
LOAN0004984,CUST006893,credit card,GBP,7223350.49,6.86,Performing,Medium
LOAN0004985,CUST006751,credit card,USD,438803.23,13.79,NonPerforming,Low
LOAN0004986,CUST003961,mortgage,GBP,8751640.09,6.25,Watch,Low
LOAN0004987,CUST009327,trade finance,USD,3102339.32,9.56,Watch,Medium
LOAN0004988,CUST002686,credit card,GBP,1120751.53,16.25,Performing,High
LOAN0004989,CUST006630,commercial overdraft,GBP,2050618.51,11.79,Performing,High
LOAN0004990,CUST002263,working capital,GBP,3085349.3,14.99,Performing,Medium
LOAN0004991,CUST008093,working capital,GBP,4166748.52,11.05,NonPerforming,Low
LOAN0004992,CUST009969,trade finance,INR,6713647.77,17.35,Watch,Medium
LOAN0004993,CUST000826,trade finance,USD,391201.2,8.45,Performing,Low
LOAN0004994,CUST001194,term loan,GBP,8009790.51,16.71,NonPerforming,Very High
LOAN0004995,CUST005591,mortgage,USD,9757803.0,5.09,Performing,Medium
LOAN0004996,CUST003722,trade finance,GBP,3647610.2,6.42,Watch,Low
LOAN0004997,CUST008519,credit card,USD,5463580.39,14.3,NonPerforming,Medium
LOAN0004998,CUST002383,working capital,GBP,1641994.14,11.94,Performing,Medium
LOAN0004999,CUST009575,term loan,INR,5402369.87,15.95,Watch,Very High
LOAN0005000,CUST002383,mortgage,GBP,5429390.54,12.71,NonPerforming,Very High
