security_id,asset_class,currency,price,market_value,duration_years
SEC0000001,Money Market,GBP,9502.09,273306057.83,3.4
SEC0000002,Money Market,USD,3047.88,336449000.89,5.17
SEC0000003,ETF,USD,2168.41,316991377.24,5.65
SEC0000004,Money Market,INR,2280.36,181160320.97,7.55
SEC0000005,Government Bond,GBP,4405.51,380917340.91,12.05
SEC0000006,Money Market,EUR,338.34,391935580.37,5.3
SEC0000007,Corporate Bond,INR,7512.46,424070233.44,6.6
SEC0000008,Equity,INR,3298.51,146370982.74,4.85
SEC0000009,Equity,INR,103.37,190376193.28,13.52
SEC0000010,Money Market,USD,5769.92,381061487.16,12.24
SEC0000011,Equity,EUR,6584.29,394347422.0,10.48
SEC0000012,Equity,INR,9189.39,359414601.97,4.02
SEC0000013,Corporate Bond,EUR,1397.95,359841024.5,12.98
SEC0000014,Government Bond,USD,5267.7,102149940.85,14.84
SEC0000015,ETF,INR,5941.29,172568301.96,7.52
SEC0000016,Government Bond,GBP,733.07,292513022.44,14.49
SEC0000017,ETF,GBP,7473.24,38241365.75,3.55
SEC0000018,Equity,INR,2928.77,228170371.34,14.4
SEC0000019,Money Market,EUR,591.41,339307485.66,7.0
SEC0000020,Equity,INR,5063.58,292592831.13,2.54
SEC0000021,ETF,EUR,7487.88,419143949.26,3.81
SEC0000022,ETF,GBP,6304.02,276416789.52,11.52
SEC0000023,ETF,GBP,988.42,232526471.02,13.29
SEC0000024,Government Bond,GBP,4529.5,70231050.56,2.42
SEC0000025,Equity,USD,7004.39,21001968.81,1.02
SEC0000026,Equity,USD,2365.0,137062480.95,5.45
SEC0000027,Money Market,EUR,2383.56,153303174.46,9.04
SEC0000028,Equity,INR,333.99,220839305.57,6.33
SEC0000029,Government Bond,GBP,3788.39,436758770.79,14.43
SEC0000030,Government Bond,EUR,5112.23,448144128.8,7.76
SEC0000031,Equity,GBP,3978.44,347444550.99,14.25
SEC0000032,ETF,INR,5844.3,486998086.15,6.58
SEC0000033,Government Bond,USD,3150.75,186968976.33,9.55
SEC0000034,Government Bond,GBP,7413.72,364044748.41,8.38
SEC0000035,Government Bond,INR,7224.1,53833066.48,0.54
SEC0000036,Corporate Bond,USD,2892.34,312728654.3,6.48
SEC0000037,Corporate Bond,INR,3897.1,188240249.9,12.04
SEC0000038,Equity,INR,6298.6,261059126.98,7.06
SEC0000039,ETF,INR,2937.92,47624279.34,10.29
SEC0000040,Equity,INR,4974.14,217531640.84,7.56
SEC0000041,Government Bond,EUR,7764.29,152753446.79,3.41
SEC0000042,ETF,INR,2989.85,487631049.77,2.38
SEC0000043,Equity,INR,2766.85,496841081.98,13.86
SEC0000044,ETF,GBP,7660.34,215266746.49,13.02
SEC0000045,Government Bond,EUR,3251.11,433047225.29,13.66
SEC0000046,Money Market,EUR,4742.77,384560576.52,10.6
SEC0000047,Government Bond,USD,7955.43,185595754.42,10.73
SEC0000048,Government Bond,EUR,1171.03,83840748.93,12.17
SEC0000049,Money Market,EUR,4784.34,155977487.06,10.59
SEC0000050,ETF,EUR,9655.44,123030322.44,0.51
SEC0000051,Corporate Bond,INR,8007.99,262846474.76,10.68
SEC0000052,Corporate Bond,INR,9644.75,320765594.42,2.33
SEC0000053,Corporate Bond,GBP,1637.07,387214198.94,5.75
SEC0000054,Equity,EUR,7220.22,400385.31,7.59
SEC0000055,Money Market,GBP,9915.99,4658638.58,13.38
SEC0000056,Equity,INR,3945.1,250953716.71,6.25
SEC0000057,ETF,USD,7670.95,249812222.86,9.57
SEC0000058,Corporate Bond,INR,7162.29,159093052.01,1.05
SEC0000059,Money Market,INR,820.97,279370189.61,0.2
SEC0000060,Government Bond,EUR,8497.57,357522077.15,11.12
SEC0000061,Corporate Bond,USD,6068.45,233141305.57,12.36
SEC0000062,Corporate Bond,INR,7150.7,423488415.21,1.63
SEC0000063,Equity,INR,6546.38,83729394.73,3.62
SEC0000064,Money Market,USD,6170.22,445853879.06,14.8
SEC0000065,Corporate Bond,GBP,157.32,141101298.53,0.36
SEC0000066,Government Bond,EUR,9556.5,217557198.12,2.87
SEC0000067,Money Market,EUR,5618.34,286492126.74,4.64
SEC0000068,ETF,INR,685.48,360507232.86,5.42
SEC0000069,Equity,GBP,8627.65,196712218.99,14.37
SEC0000070,Equity,GBP,9326.98,317005885.95,5.27
SEC0000071,Money Market,INR,2566.7,110341504.11,7.2
SEC0000072,Government Bond,EUR,5168.76,462193920.82,6.89
SEC0000073,Money Market,USD,3486.46,435876562.08,9.32
SEC0000074,ETF,INR,3265.97,351381636.44,9.96
SEC0000075,Money Market,EUR,6347.87,274650714.86,6.07
SEC0000076,Equity,GBP,8208.2,371931087.98,6.17
SEC0000077,Corporate Bond,EUR,9534.53,445592644.38,6.77
SEC0000078,Government Bond,EUR,7788.97,337873954.03,10.55
SEC0000079,Money Market,INR,4617.37,444685989.04,4.35
SEC0000080,Money Market,EUR,946.61,436869298.27,8.32
SEC0000081,ETF,EUR,3543.59,244082903.31,7.79
SEC0000082,ETF,USD,5981.74,68175405.05,4.13
SEC0000083,Equity,INR,8023.25,185362083.52,8.29
SEC0000084,Corporate Bond,INR,6677.17,41934520.71,2.89
SEC0000085,Equity,GBP,1799.15,270448806.93,13.49
SEC0000086,Money Market,USD,792.87,364335125.26,10.69
SEC0000087,ETF,USD,3634.66,106222751.62,5.8
SEC0000088,Equity,EUR,1018.78,256181589.95,5.2
SEC0000089,Government Bond,GBP,9496.56,421697009.44,4.97
SEC0000090,Money Market,EUR,928.87,99376957.39,9.82
SEC0000091,ETF,USD,593.61,187752340.65,13.14
SEC0000092,Money Market,GBP,5700.13,497667079.01,9.71
SEC0000093,Corporate Bond,INR,3493.0,239210929.51,9.22
SEC0000094,ETF,INR,9024.11,129751498.64,2.09
SEC0000095,Money Market,GBP,9546.19,216793399.69,12.92
SEC0000096,Government Bond,USD,8528.79,114817603.48,0.47
SEC0000097,Money Market,EUR,488.04,77539352.12,4.74
SEC0000098,Government Bond,EUR,9426.9,440923802.04,6.47
SEC0000099,Money Market,USD,9375.63,433455319.2,11.65
SEC0000100,Equity,EUR,6502.4,76902047.79,13.53
SEC0000101,Equity,INR,6000.98,123046923.24,1.04
SEC0000102,Equity,GBP,2552.23,265457610.81,9.55
SEC0000103,ETF,INR,8048.81,385378371.76,2.47
SEC0000104,Equity,EUR,5067.96,259194777.9,7.45
SEC0000105,Government Bond,USD,5404.84,422141573.74,1.0
SEC0000106,Money Market,INR,7915.54,271165534.52,4.96
SEC0000107,ETF,INR,8295.68,52948148.4,12.86
SEC0000108,Government Bond,GBP,4549.64,210318359.07,3.3
SEC0000109,ETF,INR,6313.08,120207289.84,3.41
SEC0000110,ETF,GBP,6064.41,250606454.57,12.74
SEC0000111,ETF,USD,2571.78,406727040.43,12.72
SEC0000112,ETF,INR,3658.28,263810032.28,0.43
SEC0000113,ETF,USD,7396.73,283776946.14,8.62
SEC0000114,Equity,INR,4759.62,381949526.03,1.04
SEC0000115,Money Market,USD,6397.78,495307402.57,11.03
SEC0000116,ETF,USD,7381.39,444340904.67,3.62
SEC0000117,Government Bond,EUR,7100.25,433609074.49,2.66
SEC0000118,ETF,USD,7280.32,330390391.51,12.59
SEC0000119,ETF,GBP,8755.39,112727479.75,14.6
SEC0000120,Money Market,GBP,5139.17,423679138.08,3.33
SEC0000121,Equity,USD,466.15,156198269.16,7.75
SEC0000122,ETF,GBP,5251.26,140496441.87,5.36
SEC0000123,ETF,GBP,3074.87,330909355.96,7.8
SEC0000124,Equity,INR,4073.48,97660459.02,7.48
SEC0000125,Money Market,USD,8249.96,99291228.53,11.02
SEC0000126,Equity,INR,3181.65,21301647.28,13.33
SEC0000127,Money Market,USD,4987.25,80634251.29,0.3
SEC0000128,Equity,USD,9604.71,106907814.86,5.94
SEC0000129,Corporate Bond,USD,8329.89,35581192.36,7.56
SEC0000130,Equity,INR,3042.85,363936678.39,5.18
SEC0000131,Money Market,GBP,9235.04,361347107.42,9.12
SEC0000132,Corporate Bond,GBP,552.29,147341894.73,12.56
SEC0000133,ETF,GBP,9356.55,173134694.87,2.42
SEC0000134,Corporate Bond,USD,6289.11,398101477.85,2.29
SEC0000135,ETF,INR,8246.3,70818447.57,11.49
SEC0000136,ETF,INR,4631.43,241362768.72,4.1
SEC0000137,Money Market,EUR,2037.07,262071471.96,13.65
SEC0000138,ETF,USD,2588.01,390805844.62,7.65
SEC0000139,Corporate Bond,EUR,7148.46,367711200.3,7.84
SEC0000140,Equity,USD,107.29,447195574.0,3.41
SEC0000141,Money Market,EUR,875.69,497881462.59,9.03
SEC0000142,Equity,USD,9631.13,423093971.75,3.21
SEC0000143,ETF,USD,4313.64,395095515.1,14.11
SEC0000144,Equity,INR,1598.01,121988013.52,13.55
SEC0000145,Equity,EUR,2190.65,262889753.35,11.99
SEC0000146,Government Bond,USD,7203.97,469328860.66,1.79
SEC0000147,Government Bond,EUR,8672.76,85864417.1,6.84
SEC0000148,Money Market,USD,6825.75,168062916.19,12.42
SEC0000149,ETF,INR,473.45,164449060.53,6.21
SEC0000150,Money Market,EUR,800.99,327710458.66,10.71
SEC0000151,Government Bond,GBP,2038.32,121498443.1,4.9
SEC0000152,Money Market,GBP,8565.13,293923554.43,9.4
SEC0000153,ETF,GBP,8810.18,17542326.26,14.74
SEC0000154,Equity,EUR,4602.04,489692999.38,10.24
SEC0000155,Corporate Bond,INR,3958.73,315829612.7,4.35
SEC0000156,Equity,GBP,1132.35,442797698.2,5.41
SEC0000157,Equity,INR,9089.4,455552585.3,10.52
SEC0000158,Equity,GBP,8009.74,204772084.22,3.36
SEC0000159,Corporate Bond,GBP,7469.36,351490640.15,4.32
SEC0000160,Corporate Bond,EUR,5995.15,229395142.14,12.27
SEC0000161,Money Market,EUR,9073.06,401145887.52,8.39
SEC0000162,Equity,INR,1974.13,470886499.82,2.63
SEC0000163,ETF,GBP,1738.23,234087921.7,2.52
SEC0000164,Government Bond,INR,6364.2,35117320.44,8.27
SEC0000165,Corporate Bond,GBP,7622.2,298503276.71,3.98
SEC0000166,Government Bond,USD,376.84,138647926.75,13.05
SEC0000167,Money Market,GBP,600.62,32411028.8,8.77
SEC0000168,Money Market,EUR,3902.82,55315940.87,11.44
SEC0000169,Money Market,USD,2103.12,372018171.98,11.36
SEC0000170,ETF,USD,1387.38,481920467.44,2.91
SEC0000171,Corporate Bond,USD,7828.13,376826496.11,1.49
SEC0000172,Government Bond,INR,4959.58,234126044.95,5.29
SEC0000173,Government Bond,INR,1942.89,81553486.58,9.36
SEC0000174,ETF,EUR,2334.69,497681508.79,11.66
SEC0000175,Equity,GBP,736.21,126193155.79,6.3
SEC0000176,ETF,INR,5790.27,245898700.56,14.64
SEC0000177,Corporate Bond,GBP,3751.84,478397872.2,0.17
SEC0000178,ETF,GBP,3465.71,189206910.34,13.31
SEC0000179,Government Bond,GBP,5986.65,471000108.07,10.09
SEC0000180,Equity,INR,1585.6,404588552.5,11.69
SEC0000181,Corporate Bond,USD,4318.71,335103036.13,11.36
SEC0000182,Equity,EUR,2248.81,136336019.03,0.68
SEC0000183,Corporate Bond,EUR,1191.86,290272603.48,5.19
SEC0000184,Government Bond,USD,211.32,154748553.1,14.94
SEC0000185,Equity,GBP,9276.79,383062452.55,9.62
SEC0000186,Money Market,GBP,2777.76,482733422.15,0.12
SEC0000187,Money Market,EUR,2585.32,172649529.63,2.19
SEC0000188,Equity,USD,1789.94,167112138.53,14.71
SEC0000189,ETF,GBP,2301.47,175905610.97,5.4
SEC0000190,Money Market,USD,2269.15,285531758.94,13.31
SEC0000191,Money Market,USD,8102.07,345678154.22,2.39
SEC0000192,Corporate Bond,INR,8884.47,353361185.06,3.38
SEC0000193,Equity,GBP,3214.31,31853902.76,13.19
SEC0000194,Equity,GBP,5410.94,248343787.44,10.45
SEC0000195,ETF,USD,6477.69,440930219.88,14.02
SEC0000196,Corporate Bond,EUR,2908.41,388893964.32,1.28
SEC0000197,Equity,EUR,6688.28,399031111.85,11.09
SEC0000198,Equity,GBP,4850.95,470816839.18,3.8
SEC0000199,Equity,USD,3412.64,344879715.66,10.79
SEC0000200,Equity,EUR,3092.72,462033365.42,3.97
SEC0000201,Government Bond,USD,9045.75,407480245.5,9.17
SEC0000202,Government Bond,EUR,1447.06,359428059.17,1.37
SEC0000203,Government Bond,EUR,6884.59,439259070.72,12.44
SEC0000204,Government Bond,GBP,6013.85,137691729.74,4.85
SEC0000205,Government Bond,EUR,1446.0,297997242.63,13.4
SEC0000206,Equity,USD,9530.58,168688335.92,0.06
SEC0000207,Corporate Bond,INR,4359.81,391054843.04,4.52
SEC0000208,Money Market,EUR,6063.4,403020401.6,0.4
SEC0000209,Government Bond,GBP,7523.15,167441589.76,12.08
SEC0000210,ETF,USD,8622.77,407548982.23,8.86
SEC0000211,ETF,GBP,4164.29,306501189.72,5.32
SEC0000212,Equity,GBP,2526.21,455999989.12,12.77
SEC0000213,Equity,INR,6055.74,316419877.45,2.0
SEC0000214,Equity,EUR,8204.55,330135068.05,10.09
SEC0000215,ETF,INR,1341.89,253445204.45,10.85
SEC0000216,Equity,GBP,2939.39,281162659.83,11.78
SEC0000217,Money Market,USD,524.28,187455650.36,1.14
SEC0000218,Corporate Bond,EUR,5283.83,141434594.6,4.82
SEC0000219,Corporate Bond,USD,8719.79,230954462.1,5.75
SEC0000220,Corporate Bond,EUR,3876.99,324002479.41,2.01
SEC0000221,Government Bond,EUR,6783.67,205099892.4,9.05
SEC0000222,Government Bond,USD,8382.66,73760228.96,1.97
SEC0000223,Equity,GBP,6595.15,274437396.73,7.87
SEC0000224,Corporate Bond,GBP,5521.34,127387575.24,1.67
SEC0000225,Corporate Bond,USD,947.83,380990286.58,5.44
SEC0000226,Equity,INR,2980.13,485330395.13,14.42
SEC0000227,Equity,INR,4503.29,340801282.46,13.71
SEC0000228,Government Bond,EUR,2355.15,356303748.1,11.16
SEC0000229,Government Bond,INR,5496.28,187003063.9,5.11
SEC0000230,ETF,EUR,5875.29,301308684.35,10.5
SEC0000231,Equity,USD,2667.6,351557300.15,11.52
SEC0000232,Government Bond,EUR,5899.85,427988369.02,0.49
SEC0000233,ETF,INR,5681.06,493819660.15,5.95
SEC0000234,Money Market,GBP,5978.21,1988822.48,3.47
SEC0000235,Equity,EUR,8572.39,50560851.75,1.81
SEC0000236,Corporate Bond,INR,24.25,107751782.93,3.63
SEC0000237,Corporate Bond,INR,4246.32,385089188.0,3.71
SEC0000238,Corporate Bond,GBP,2459.0,100030863.33,14.97
SEC0000239,ETF,USD,7537.77,255620839.09,6.76
SEC0000240,Equity,INR,9377.78,130247548.6,10.2
SEC0000241,Money Market,GBP,4559.38,225029667.42,8.26
SEC0000242,Equity,EUR,7329.33,178280154.86,2.19
SEC0000243,Equity,INR,1512.96,172989672.44,7.0
SEC0000244,ETF,EUR,6100.19,139294850.82,7.2
SEC0000245,Corporate Bond,USD,302.26,490837819.7,6.48
SEC0000246,Government Bond,GBP,1358.61,148383165.63,4.23
SEC0000247,Money Market,INR,4630.43,384392252.76,7.74
SEC0000248,Corporate Bond,GBP,2686.32,148811193.33,0.47
SEC0000249,Government Bond,INR,5293.74,36468439.92,0.75
SEC0000250,Government Bond,EUR,2572.71,220560473.92,10.47
SEC0000251,ETF,GBP,3408.99,373934449.21,9.74
SEC0000252,Corporate Bond,INR,2850.61,345812407.18,2.75
SEC0000253,Equity,USD,3098.63,35453351.63,9.2
SEC0000254,Government Bond,INR,3491.09,374733507.77,10.15
SEC0000255,Government Bond,GBP,1860.07,412560086.66,14.24
SEC0000256,Corporate Bond,INR,2929.68,81136366.51,5.36
SEC0000257,Corporate Bond,GBP,3814.0,427610970.4,2.5
SEC0000258,Money Market,EUR,8853.02,366757885.44,8.27
SEC0000259,Government Bond,USD,4908.98,486143102.42,10.56
SEC0000260,Government Bond,USD,961.54,131293472.82,10.48
SEC0000261,Corporate Bond,GBP,6068.24,58145113.01,5.09
SEC0000262,Corporate Bond,GBP,7513.06,369825208.54,0.49
SEC0000263,Government Bond,INR,1725.43,238101899.07,1.24
SEC0000264,Corporate Bond,EUR,4450.82,480394033.29,2.11
SEC0000265,Equity,INR,7320.08,150658680.75,8.45
SEC0000266,Money Market,GBP,3609.25,302368370.96,12.28
SEC0000267,Money Market,EUR,3568.78,394017210.5,5.69
SEC0000268,Government Bond,EUR,8923.96,256251877.71,7.2
SEC0000269,Equity,USD,2567.43,132427226.35,13.32
SEC0000270,Money Market,USD,5639.26,184815395.95,5.03
SEC0000271,ETF,GBP,5172.31,196381243.19,11.44
SEC0000272,Government Bond,GBP,2536.8,129630792.0,11.46
SEC0000273,Government Bond,GBP,9973.5,15481975.1,5.39
SEC0000274,ETF,USD,2333.7,417047610.51,14.5
SEC0000275,Corporate Bond,USD,1986.83,58707061.48,7.65
SEC0000276,Money Market,EUR,8775.81,84263531.14,10.94
SEC0000277,Corporate Bond,GBP,8093.46,124093117.74,1.85
SEC0000278,Money Market,EUR,8019.04,295793992.29,4.13
SEC0000279,Government Bond,GBP,8281.08,399326035.33,13.35
SEC0000280,Money Market,EUR,9820.98,8462019.36,7.75
SEC0000281,Money Market,INR,5298.06,437455763.23,9.54
SEC0000282,ETF,EUR,1924.1,315438987.35,4.26
SEC0000283,ETF,EUR,9418.5,52156916.42,0.61
SEC0000284,Government Bond,INR,1571.22,407179871.86,7.89
SEC0000285,Equity,EUR,9813.22,157535009.41,10.1
SEC0000286,Equity,INR,6678.59,490819175.67,7.44
SEC0000287,ETF,INR,492.96,311146402.77,0.7
SEC0000288,Money Market,USD,6080.26,244621925.46,7.72
SEC0000289,Money Market,EUR,9457.02,464611051.97,14.92
SEC0000290,Equity,INR,6023.51,348440314.47,4.91
SEC0000291,ETF,GBP,1016.29,10349541.4,10.39
SEC0000292,Corporate Bond,USD,6268.21,198968312.38,9.32
SEC0000293,Corporate Bond,GBP,8501.89,441269013.57,2.49
SEC0000294,ETF,GBP,3065.42,27485682.47,1.27
SEC0000295,Corporate Bond,INR,7057.06,72089641.29,1.53
SEC0000296,Equity,INR,2499.89,328456128.47,0.55
SEC0000297,Government Bond,INR,7537.12,329073026.67,7.94
SEC0000298,ETF,EUR,9417.37,418143840.95,7.0
SEC0000299,Corporate Bond,GBP,2785.25,295326638.01,7.78
SEC0000300,Government Bond,EUR,6692.89,286627194.07,0.5
SEC0000301,Corporate Bond,EUR,1134.79,255049266.64,4.34
SEC0000302,Government Bond,GBP,6802.96,111987869.93,9.04
SEC0000303,Corporate Bond,USD,6395.36,450315762.56,0.37
SEC0000304,Equity,GBP,3797.26,215495611.89,7.38
SEC0000305,Government Bond,EUR,5768.62,209315235.28,10.04
SEC0000306,Equity,USD,1181.02,418691344.33,7.18
SEC0000307,Equity,USD,4784.5,120045881.34,13.64
SEC0000308,Equity,EUR,2535.08,81612547.9,8.77
SEC0000309,Money Market,GBP,1563.64,253533738.59,6.02
SEC0000310,Equity,INR,2559.03,295098178.24,1.77
SEC0000311,Equity,GBP,3851.92,216568312.33,8.42
SEC0000312,ETF,EUR,4077.36,381509616.65,8.28
SEC0000313,Corporate Bond,EUR,4312.88,93465462.73,7.24
SEC0000314,ETF,USD,9730.53,493802991.75,12.64
SEC0000315,ETF,USD,8196.94,107911549.8,13.6
SEC0000316,Equity,EUR,9501.28,259837699.94,7.89
SEC0000317,ETF,EUR,827.39,21945686.52,4.24
SEC0000318,ETF,USD,8720.24,173857449.27,8.62
SEC0000319,ETF,GBP,5575.18,384016094.88,13.26
SEC0000320,Government Bond,USD,6200.2,257773757.91,6.58
SEC0000321,Money Market,USD,4789.39,49711019.96,5.14
SEC0000322,Equity,GBP,1793.2,258727921.34,1.6
SEC0000323,Government Bond,USD,1330.39,32327720.06,0.85
SEC0000324,ETF,USD,2908.09,466169574.81,5.95
SEC0000325,Money Market,GBP,8646.57,236238796.14,6.58
SEC0000326,Equity,GBP,2366.51,28783839.99,3.95
SEC0000327,Government Bond,USD,6490.66,463569577.32,10.15
SEC0000328,Government Bond,INR,9459.71,213630007.34,10.11
SEC0000329,Equity,INR,7722.9,108623265.25,5.61
SEC0000330,ETF,INR,5455.25,361683989.74,6.85
SEC0000331,ETF,USD,5622.76,447647197.27,13.71
SEC0000332,Money Market,USD,3618.13,154258589.66,4.68
SEC0000333,Corporate Bond,USD,3894.99,326418002.47,9.23
SEC0000334,Equity,INR,7967.79,393948333.66,10.9
SEC0000335,Equity,USD,4000.48,151262721.54,12.83
SEC0000336,Money Market,EUR,6912.05,622481.62,5.33
SEC0000337,Government Bond,GBP,4591.59,466550014.87,10.2
SEC0000338,Government Bond,INR,2355.19,126207960.23,14.39
SEC0000339,Corporate Bond,INR,8664.2,156799543.59,8.62
SEC0000340,Corporate Bond,USD,778.4,4723512.82,12.92
SEC0000341,Government Bond,EUR,7002.57,310232187.28,12.2
SEC0000342,ETF,USD,4841.73,377634512.88,5.58
SEC0000343,ETF,EUR,9044.73,58832488.35,3.91
SEC0000344,Equity,GBP,288.68,92437413.64,3.7
SEC0000345,ETF,INR,8192.1,364884129.86,3.14
SEC0000346,Money Market,USD,703.14,131995178.11,14.24
SEC0000347,Equity,GBP,6320.95,242588165.2,3.53
SEC0000348,Government Bond,INR,2909.62,295395453.77,10.86
SEC0000349,Money Market,INR,6477.84,273156136.53,1.24
SEC0000350,ETF,EUR,301.96,88202186.3,2.93
SEC0000351,Government Bond,GBP,2279.57,427903165.02,7.73
SEC0000352,Corporate Bond,GBP,2165.67,255991733.03,0.68
SEC0000353,ETF,INR,1710.75,430405424.75,10.34
SEC0000354,Corporate Bond,USD,2486.13,79168502.78,13.73
SEC0000355,ETF,INR,7198.36,121136122.31,0.49
SEC0000356,Corporate Bond,USD,6431.74,115873441.21,3.51
SEC0000357,ETF,USD,3648.72,246584930.96,6.2
SEC0000358,Equity,EUR,8198.52,188015367.32,14.47
SEC0000359,ETF,INR,8244.67,299974101.19,11.05
SEC0000360,Money Market,EUR,1624.69,413048808.53,0.34
SEC0000361,Equity,EUR,1989.47,3759476.81,2.23
SEC0000362,ETF,EUR,3863.52,115762264.85,14.57
SEC0000363,ETF,INR,6007.88,495414566.64,12.19
SEC0000364,Money Market,EUR,1816.57,236068276.26,5.71
SEC0000365,Equity,INR,378.28,224508811.17,13.68
SEC0000366,Money Market,EUR,2422.97,258879676.93,14.94
SEC0000367,Corporate Bond,GBP,9260.89,82317087.59,10.53
SEC0000368,Corporate Bond,USD,30.54,334490580.89,9.73
SEC0000369,Equity,EUR,4714.09,184259885.7,6.07
SEC0000370,Money Market,INR,8384.87,494458396.12,4.02
SEC0000371,Money Market,EUR,9540.6,264586699.1,9.78
SEC0000372,ETF,EUR,2618.07,336343840.51,10.87
SEC0000373,Corporate Bond,EUR,3498.28,484930095.91,11.47
SEC0000374,Corporate Bond,USD,9861.56,410774287.9,4.21
SEC0000375,ETF,EUR,2842.89,362860571.37,6.32
SEC0000376,Equity,EUR,3588.59,60485744.33,6.01
SEC0000377,Money Market,USD,8429.58,131304696.96,12.45
SEC0000378,Government Bond,GBP,8656.76,63455838.74,0.07
SEC0000379,ETF,GBP,7413.52,493838898.38,8.63
SEC0000380,Government Bond,USD,2974.57,293729732.1,7.66
SEC0000381,Government Bond,GBP,8868.82,31415185.47,6.15
SEC0000382,Equity,EUR,6515.74,70441568.61,1.83
SEC0000383,Money Market,GBP,5748.78,45618109.73,12.03
SEC0000384,Equity,USD,622.78,253480607.28,8.43
SEC0000385,Corporate Bond,EUR,7369.84,119056122.53,3.93
SEC0000386,ETF,INR,4024.22,68620124.87,4.1
SEC0000387,ETF,EUR,4991.22,251370589.43,7.78
SEC0000388,ETF,GBP,2523.9,81577155.58,5.03
SEC0000389,Corporate Bond,INR,9306.53,128263806.22,12.42
SEC0000390,ETF,GBP,8377.66,498085762.76,0.95
SEC0000391,Government Bond,INR,4051.73,177841198.41,8.19
SEC0000392,Corporate Bond,GBP,7372.82,225888715.59,14.96
SEC0000393,ETF,INR,2847.15,465121168.66,9.64
SEC0000394,ETF,INR,1414.8,406729931.34,11.7
SEC0000395,ETF,EUR,7435.63,81598931.8,4.43
SEC0000396,Corporate Bond,EUR,3628.24,61535827.08,12.94
SEC0000397,ETF,EUR,4609.67,169836725.64,2.85
SEC0000398,Corporate Bond,EUR,2246.13,327959102.48,13.49
SEC0000399,Money Market,EUR,7733.27,435182231.1,9.71
SEC0000400,Corporate Bond,EUR,5785.54,136636299.51,10.85
SEC0000401,Government Bond,GBP,7278.82,202114731.48,10.25
SEC0000402,Equity,EUR,3548.28,466077507.31,6.07
SEC0000403,Government Bond,GBP,6607.61,156674374.32,0.06
SEC0000404,Corporate Bond,USD,4415.65,234610954.32,11.58
SEC0000405,Government Bond,USD,3521.85,45667013.09,14.15
SEC0000406,Money Market,USD,4845.77,83625953.38,10.07
SEC0000407,Equity,INR,3915.75,414566082.13,7.47
SEC0000408,Government Bond,GBP,3440.69,53377480.8,3.03
SEC0000409,ETF,INR,2942.7,458512916.0,5.08
SEC0000410,Corporate Bond,GBP,2497.89,39684367.93,2.93
SEC0000411,Money Market,EUR,6953.16,219189533.02,9.35
SEC0000412,Money Market,EUR,9873.41,41554498.97,2.29
SEC0000413,Corporate Bond,USD,9446.64,320858852.26,1.36
SEC0000414,Equity,EUR,7790.4,7440008.93,10.25
SEC0000415,Government Bond,INR,5621.43,471757398.9,4.14
SEC0000416,Money Market,INR,7654.87,240951357.68,1.52
SEC0000417,Money Market,INR,9007.03,469591404.75,5.57
SEC0000418,Corporate Bond,USD,2888.72,134972252.88,11.04
SEC0000419,Corporate Bond,INR,7149.64,498796290.89,9.22
SEC0000420,ETF,USD,5567.85,474151375.21,8.16
SEC0000421,Equity,INR,2950.18,224631696.07,3.61
SEC0000422,Money Market,USD,9505.75,161371203.11,12.91
SEC0000423,Government Bond,EUR,5695.28,313037231.0,12.52
SEC0000424,ETF,INR,1545.5,340583262.3,10.42
SEC0000425,Money Market,GBP,7112.24,131966101.71,2.28
SEC0000426,Corporate Bond,GBP,5590.0,63643018.0,13.72
SEC0000427,Corporate Bond,GBP,1743.45,264693824.63,9.57
SEC0000428,Corporate Bond,INR,868.74,246604432.25,3.45
SEC0000429,Money Market,INR,9665.09,386918413.22,2.08
SEC0000430,Corporate Bond,EUR,8136.13,53382128.95,9.84
SEC0000431,Money Market,INR,7579.47,293690329.08,12.16
SEC0000432,Government Bond,USD,7370.09,435841464.25,4.68
SEC0000433,Government Bond,USD,5448.78,345836923.93,3.71
SEC0000434,Corporate Bond,GBP,3198.38,277554221.32,9.59
SEC0000435,Money Market,USD,4566.24,151794638.85,8.18
SEC0000436,Government Bond,INR,9781.81,284149089.12,1.91
SEC0000437,Money Market,INR,4348.36,112928371.9,1.1
SEC0000438,Corporate Bond,USD,2633.65,443350582.75,4.96
SEC0000439,Money Market,GBP,5708.0,99869974.79,12.67
SEC0000440,Corporate Bond,EUR,7257.91,80248234.51,13.63
SEC0000441,Equity,GBP,7332.23,383331629.13,6.02
SEC0000442,Corporate Bond,GBP,9748.41,135155019.61,1.29
SEC0000443,Government Bond,EUR,4975.2,495765591.57,4.88
SEC0000444,ETF,INR,6133.33,290813879.56,7.66
SEC0000445,Corporate Bond,GBP,8410.54,139512517.35,14.13
SEC0000446,Money Market,USD,2729.75,309520413.56,8.97
SEC0000447,Government Bond,GBP,5769.84,459882263.87,2.3
SEC0000448,Money Market,EUR,9545.85,97736308.72,0.27
SEC0000449,Corporate Bond,GBP,8639.26,23864351.87,3.47
SEC0000450,ETF,EUR,1057.36,414247892.7,4.4
SEC0000451,Government Bond,GBP,7018.91,58037105.46,9.26
SEC0000452,Equity,INR,8861.53,43363727.86,4.2
SEC0000453,ETF,USD,4665.34,103765864.35,2.19
SEC0000454,Equity,EUR,305.94,315380019.18,5.03
SEC0000455,Money Market,USD,561.13,76416374.21,9.58
SEC0000456,Government Bond,EUR,1249.84,104023870.52,0.22
SEC0000457,Money Market,GBP,3949.69,179322843.73,14.01
SEC0000458,Corporate Bond,EUR,3656.83,471467952.82,13.4
SEC0000459,ETF,INR,8425.4,98515720.15,13.12
SEC0000460,Government Bond,USD,4078.75,160988875.66,11.96
SEC0000461,ETF,EUR,3419.22,414888423.96,8.16
SEC0000462,Government Bond,EUR,1896.66,302766866.39,11.15
SEC0000463,Equity,GBP,3790.85,65908674.75,3.38
SEC0000464,Government Bond,INR,9750.42,34418119.09,9.35
SEC0000465,Money Market,USD,4043.36,25513064.69,14.34
SEC0000466,Corporate Bond,INR,4553.42,195460631.22,8.5
SEC0000467,Government Bond,GBP,5349.62,340744679.35,5.83
SEC0000468,Corporate Bond,USD,4070.98,352308403.82,11.87
SEC0000469,Money Market,GBP,7939.35,97958628.3,8.19
SEC0000470,ETF,USD,1124.32,441189926.86,10.76
SEC0000471,Equity,USD,6480.19,461630719.84,2.38
SEC0000472,Equity,USD,2290.87,494072384.77,7.17
SEC0000473,Equity,INR,6531.44,93092019.19,1.57
SEC0000474,Equity,EUR,2891.22,132403852.21,13.77
SEC0000475,Corporate Bond,EUR,528.96,220504456.41,2.0
SEC0000476,Government Bond,USD,26.86,186728376.33,11.17
SEC0000477,ETF,GBP,9723.83,136646955.43,12.11
SEC0000478,Money Market,GBP,3823.27,276069916.76,12.22
SEC0000479,Money Market,INR,2920.47,471772666.64,11.52
SEC0000480,Corporate Bond,EUR,4570.31,8935750.98,5.54
SEC0000481,Equity,USD,3081.93,362428377.58,4.15
SEC0000482,Government Bond,USD,9198.8,367030301.27,13.77
SEC0000483,Government Bond,GBP,8173.09,324470282.66,14.75
SEC0000484,Corporate Bond,INR,1649.29,299367972.15,9.61
SEC0000485,Corporate Bond,INR,5244.5,233235266.05,9.28
SEC0000486,Equity,INR,2072.94,124537263.42,2.33
SEC0000487,Money Market,INR,2540.15,239783857.51,10.76
SEC0000488,Corporate Bond,INR,9230.28,327493783.84,10.3
SEC0000489,Equity,EUR,8096.93,405014834.55,11.5
SEC0000490,Corporate Bond,EUR,1016.96,405861506.83,0.62
SEC0000491,Money Market,USD,2919.13,267623630.29,10.45
SEC0000492,Money Market,INR,2710.78,167664057.03,10.62
SEC0000493,Corporate Bond,GBP,9973.28,64617966.44,8.19
SEC0000494,Money Market,GBP,754.03,399410506.46,10.87
SEC0000495,Government Bond,EUR,8228.99,181243197.36,7.17
SEC0000496,Money Market,GBP,2153.8,72746411.38,12.67
SEC0000497,ETF,INR,2889.77,67782237.0,5.91
SEC0000498,Equity,USD,1159.44,215818218.17,6.45
SEC0000499,Government Bond,INR,9081.7,493490557.09,3.5
SEC0000500,Equity,INR,2418.64,28582599.91,5.4
SEC0000501,Equity,GBP,9038.51,217505465.2,11.23
SEC0000502,ETF,EUR,9108.21,474089974.24,11.08
SEC0000503,Money Market,EUR,3439.78,337676638.55,2.82
SEC0000504,Money Market,INR,974.35,383680625.33,6.47
SEC0000505,ETF,GBP,7466.61,333339689.26,12.52
SEC0000506,Money Market,INR,5796.66,453371970.47,10.1
SEC0000507,Government Bond,USD,6091.47,193600546.74,0.49
SEC0000508,ETF,GBP,4884.28,498261807.31,2.85
SEC0000509,ETF,USD,3439.61,24792398.74,13.82
SEC0000510,Corporate Bond,INR,6928.65,85333332.17,8.33
SEC0000511,ETF,USD,5220.18,154221636.63,1.03
SEC0000512,Government Bond,INR,1264.87,220865882.75,13.0
SEC0000513,Equity,INR,4142.05,136591652.21,6.21
SEC0000514,Corporate Bond,EUR,3613.24,9313613.56,13.95
SEC0000515,ETF,GBP,2187.22,282845362.1,12.88
SEC0000516,Corporate Bond,INR,9886.25,453218688.87,9.77
SEC0000517,Money Market,EUR,7409.16,271834781.0,8.95
SEC0000518,Money Market,USD,2557.62,46151795.69,6.55
SEC0000519,Government Bond,GBP,2164.3,440930327.13,1.36
SEC0000520,Money Market,INR,8917.61,31827625.59,7.98
SEC0000521,Government Bond,INR,6017.55,272894805.27,10.05
SEC0000522,Money Market,INR,3159.55,173622867.22,11.07
SEC0000523,Money Market,GBP,5160.09,12878975.87,1.54
SEC0000524,Corporate Bond,GBP,3411.28,398051228.52,0.76
SEC0000525,Corporate Bond,USD,2264.99,274635855.06,5.45
SEC0000526,Government Bond,EUR,9327.64,47017792.73,7.59
SEC0000527,Equity,USD,9985.07,6556118.04,3.09
SEC0000528,ETF,USD,3406.13,19464097.05,0.39
SEC0000529,Corporate Bond,USD,3487.71,214172855.4,5.84
SEC0000530,Corporate Bond,USD,632.51,338062325.69,10.98
SEC0000531,Government Bond,EUR,4501.36,158397868.36,3.24
SEC0000532,Government Bond,GBP,8668.34,257293268.65,13.13
SEC0000533,Money Market,INR,5854.51,239311320.07,4.2
SEC0000534,Government Bond,EUR,6852.07,216154211.6,3.36
SEC0000535,Money Market,USD,821.6,274271308.42,2.04
SEC0000536,ETF,INR,3566.37,276245581.76,9.8
SEC0000537,ETF,EUR,8304.38,262608547.35,6.75
SEC0000538,Corporate Bond,USD,4167.03,26680601.59,8.23
SEC0000539,ETF,GBP,7902.44,130758037.86,2.14
SEC0000540,Corporate Bond,GBP,247.28,489497534.66,3.47
SEC0000541,Corporate Bond,EUR,2883.75,376193651.67,5.1
SEC0000542,Money Market,GBP,566.47,178827518.65,6.2
SEC0000543,Government Bond,GBP,3803.46,323500953.89,4.56
SEC0000544,Money Market,EUR,8361.2,137083169.55,12.25
SEC0000545,Equity,GBP,8710.27,330321645.36,3.3
SEC0000546,Corporate Bond,INR,910.33,241444685.95,3.46
SEC0000547,Government Bond,GBP,351.06,417951004.67,1.99
SEC0000548,ETF,USD,5324.12,62623728.51,0.12
SEC0000549,Equity,GBP,9288.47,58508437.18,11.39
SEC0000550,Government Bond,GBP,9953.52,71887383.38,13.26
SEC0000551,Equity,INR,2698.95,60705313.73,4.77
SEC0000552,Equity,USD,4695.44,255421042.05,8.48
SEC0000553,Money Market,INR,6508.59,152673466.09,4.72
SEC0000554,Corporate Bond,EUR,6733.64,32871086.92,0.65
SEC0000555,Equity,GBP,8678.23,376762938.16,13.9
SEC0000556,ETF,EUR,4145.71,414102302.91,12.17
SEC0000557,Equity,GBP,352.86,293420778.43,14.87
SEC0000558,ETF,EUR,5586.12,381940331.79,11.08
SEC0000559,ETF,INR,8580.88,204173819.26,0.18
SEC0000560,Corporate Bond,GBP,8815.51,321159628.81,9.27
SEC0000561,ETF,EUR,9518.65,256261674.67,0.96
SEC0000562,Money Market,INR,578.64,424053484.04,8.19
SEC0000563,ETF,INR,449.12,272818964.71,9.8
SEC0000564,Corporate Bond,GBP,6707.01,205092834.61,9.72
SEC0000565,Corporate Bond,USD,6857.37,270025423.56,11.59
SEC0000566,Equity,GBP,1232.69,404071421.81,8.92
SEC0000567,Equity,USD,8412.85,428175687.71,9.31
SEC0000568,Money Market,EUR,7051.4,283277116.79,1.58
SEC0000569,Corporate Bond,EUR,6644.39,198019135.71,3.87
SEC0000570,Corporate Bond,GBP,6289.23,143317524.35,8.93
SEC0000571,ETF,USD,227.28,486794636.69,7.39
SEC0000572,Corporate Bond,USD,9527.63,78101673.65,14.76
SEC0000573,Money Market,USD,4123.93,35172325.69,2.17
SEC0000574,Government Bond,EUR,6959.28,334531880.53,13.93
SEC0000575,Money Market,INR,7526.09,404626746.51,7.86
SEC0000576,Government Bond,INR,9373.85,365845856.37,14.58
SEC0000577,Money Market,INR,4460.27,85057375.82,7.28
SEC0000578,Money Market,EUR,6950.69,64664385.55,1.82
SEC0000579,Government Bond,GBP,5562.81,13286756.86,9.5
SEC0000580,ETF,GBP,8032.67,293757244.53,8.58
SEC0000581,ETF,INR,1362.4,344863086.5,10.44
SEC0000582,Government Bond,EUR,2733.09,289073561.56,2.7
SEC0000583,Equity,USD,2619.41,4440956.34,12.15
SEC0000584,Money Market,EUR,2966.96,39258919.1,12.48
SEC0000585,Corporate Bond,USD,9631.56,233785819.8,14.49
SEC0000586,Money Market,INR,9050.87,474466326.28,13.48
SEC0000587,ETF,EUR,3042.28,388827796.33,9.24
SEC0000588,ETF,USD,7388.96,252053128.83,0.36
SEC0000589,Government Bond,GBP,9439.05,173704638.79,0.01
SEC0000590,Equity,GBP,7723.24,103079834.06,13.94
SEC0000591,Government Bond,GBP,9174.82,241367492.27,10.97
SEC0000592,Corporate Bond,EUR,6018.9,425076263.76,5.78
SEC0000593,Government Bond,GBP,9042.07,60049198.58,6.89
SEC0000594,Money Market,USD,805.7,202100251.75,9.87
SEC0000595,Corporate Bond,INR,6015.01,103200237.35,10.42
SEC0000596,Corporate Bond,GBP,9457.96,19635231.79,14.17
SEC0000597,Government Bond,INR,402.31,109008497.18,6.11
SEC0000598,ETF,GBP,6480.97,390948728.42,5.1
SEC0000599,Money Market,GBP,5901.75,115752886.24,11.53
SEC0000600,Corporate Bond,USD,4343.56,305317738.44,3.38
SEC0000601,Equity,INR,7399.54,488520934.9,10.22
SEC0000602,Money Market,USD,7324.52,170282737.29,4.14
SEC0000603,Equity,INR,73.07,148159519.73,10.69
SEC0000604,Money Market,USD,9645.05,262218236.27,14.74
SEC0000605,ETF,EUR,5205.88,70902305.56,10.51
SEC0000606,Corporate Bond,EUR,3350.37,434239387.35,12.96
SEC0000607,Government Bond,INR,2257.85,368266634.12,0.25
SEC0000608,Money Market,USD,6190.3,374556770.52,0.32
SEC0000609,Money Market,USD,5048.06,223573864.96,5.78
SEC0000610,Government Bond,USD,2683.57,479646023.18,13.15
SEC0000611,ETF,INR,6120.12,265501301.99,4.95
SEC0000612,Corporate Bond,EUR,3682.96,173557600.86,5.1
SEC0000613,Corporate Bond,USD,8276.1,196304306.98,6.39
SEC0000614,Equity,USD,8015.57,228295631.77,0.12
SEC0000615,ETF,GBP,7079.3,10345421.59,12.01
SEC0000616,Government Bond,INR,3703.0,315367288.85,1.38
SEC0000617,Government Bond,INR,2603.37,469968456.67,2.58
SEC0000618,Money Market,EUR,4698.27,5135290.79,11.28
SEC0000619,ETF,GBP,8328.64,355362766.9,4.71
SEC0000620,Money Market,INR,5556.39,30116289.94,3.88
SEC0000621,Government Bond,GBP,1796.41,457274004.92,2.8
SEC0000622,Corporate Bond,USD,4554.24,429721000.83,12.84
SEC0000623,Government Bond,GBP,8175.73,463104016.96,12.7
SEC0000624,Government Bond,USD,9381.34,472080789.68,2.79
SEC0000625,Corporate Bond,EUR,7657.46,39444826.56,13.92
SEC0000626,Government Bond,EUR,8672.41,456815934.8,8.44
SEC0000627,Equity,USD,9895.43,160350110.1,1.55
SEC0000628,Money Market,EUR,3984.39,367768026.56,14.36
SEC0000629,Money Market,INR,6060.7,445142352.9,14.78
SEC0000630,Government Bond,USD,9450.52,42363156.43,6.59
SEC0000631,Money Market,GBP,4484.61,242377736.95,11.31
SEC0000632,Corporate Bond,EUR,6672.28,144634446.47,9.65
SEC0000633,Corporate Bond,USD,8161.33,433114892.71,11.79
SEC0000634,Government Bond,USD,8053.72,305781056.33,11.64
SEC0000635,Government Bond,INR,5805.57,293289089.86,2.59
SEC0000636,Corporate Bond,INR,2287.53,322629817.89,4.31
SEC0000637,Equity,INR,7859.8,304917513.87,11.79
SEC0000638,Corporate Bond,USD,5914.76,482663011.25,5.78
SEC0000639,Government Bond,EUR,2195.25,7439486.32,10.12
SEC0000640,Equity,INR,1421.74,182308356.33,10.56
SEC0000641,ETF,USD,9181.71,438972577.43,0.47
SEC0000642,Money Market,GBP,6969.47,296814829.58,5.57
SEC0000643,Corporate Bond,GBP,4371.95,373733709.05,12.34
SEC0000644,Corporate Bond,USD,3485.3,377506083.91,6.03
SEC0000645,Government Bond,INR,1882.07,132914436.46,2.4
SEC0000646,Government Bond,INR,2155.61,350167355.74,2.85
SEC0000647,Government Bond,INR,2813.45,144337265.93,13.07
SEC0000648,ETF,INR,1105.35,175537293.23,6.28
SEC0000649,ETF,INR,4353.55,449212812.06,4.54
SEC0000650,Equity,INR,1047.48,446806651.76,8.12
SEC0000651,Equity,EUR,1629.67,457905853.35,7.84
SEC0000652,Government Bond,INR,252.76,449036960.09,6.58
SEC0000653,Corporate Bond,USD,3540.1,346435015.79,7.24
SEC0000654,Government Bond,INR,4137.71,120236156.61,13.61
SEC0000655,Equity,GBP,5716.41,307380381.76,8.35
SEC0000656,Government Bond,INR,3895.43,476192786.09,6.28
SEC0000657,ETF,EUR,5494.57,50726546.28,14.74
SEC0000658,Corporate Bond,USD,7589.85,37555487.36,9.27
SEC0000659,Government Bond,USD,3615.19,224030561.63,8.45
SEC0000660,Equity,EUR,7637.13,260462815.24,10.85
SEC0000661,Government Bond,INR,5591.93,289918265.92,12.03
SEC0000662,Corporate Bond,INR,1095.67,172978730.84,13.43
SEC0000663,Equity,INR,4286.14,114369939.68,2.3
SEC0000664,Money Market,USD,9809.73,307627332.52,14.94
SEC0000665,ETF,GBP,9263.94,359023348.67,9.77
SEC0000666,Money Market,INR,2733.63,334042105.23,13.9
SEC0000667,Money Market,GBP,7917.46,176987405.98,2.3
SEC0000668,Equity,GBP,6963.46,213886799.46,7.34
SEC0000669,Equity,GBP,7954.23,193532124.94,2.8
SEC0000670,Government Bond,EUR,9128.05,333547501.67,6.95
SEC0000671,Money Market,USD,1596.99,339222473.44,12.76
SEC0000672,Government Bond,EUR,1574.75,382033891.25,5.5
SEC0000673,Equity,USD,9956.62,290719737.09,1.46
SEC0000674,Equity,USD,4983.96,168327737.18,1.45
SEC0000675,Corporate Bond,USD,394.65,410122116.51,12.23
SEC0000676,ETF,INR,9802.44,2422134.91,0.87
SEC0000677,Money Market,USD,7164.66,144377945.83,11.91
SEC0000678,Money Market,USD,9144.22,398025698.72,5.14
SEC0000679,Money Market,INR,6033.83,470574888.78,12.93
SEC0000680,Money Market,EUR,4587.1,218975695.26,10.42
SEC0000681,Money Market,GBP,5823.56,337274895.47,13.99
SEC0000682,ETF,USD,193.62,318738839.81,10.7
SEC0000683,Government Bond,GBP,1700.52,497820498.44,1.53
SEC0000684,Equity,EUR,5198.18,57370324.71,10.89
SEC0000685,Money Market,EUR,5578.18,418659798.33,6.63
SEC0000686,ETF,USD,2438.74,226128509.95,5.08
SEC0000687,Money Market,EUR,8421.02,383754441.27,13.92
SEC0000688,Equity,USD,8531.3,127495118.7,3.43
SEC0000689,Equity,EUR,1610.6,64307677.8,1.82
SEC0000690,Government Bond,EUR,6179.82,229109079.79,6.96
SEC0000691,Money Market,GBP,1517.17,383470711.0,2.33
SEC0000692,Government Bond,INR,7015.01,258688323.27,4.7
SEC0000693,Government Bond,USD,4448.27,136342082.98,10.33
SEC0000694,Equity,GBP,2375.0,276657768.32,12.49
SEC0000695,Corporate Bond,INR,5997.57,98916851.28,10.87
SEC0000696,ETF,EUR,3085.54,239721748.95,11.26
SEC0000697,ETF,USD,8036.03,221335096.39,13.74
SEC0000698,ETF,USD,5291.69,144343686.39,12.67
SEC0000699,Government Bond,EUR,418.12,230386208.09,10.35
SEC0000700,Government Bond,INR,6479.15,403751319.1,0.18
SEC0000701,ETF,GBP,1418.67,277955264.94,8.35
SEC0000702,Government Bond,INR,8414.87,97499683.74,0.14
SEC0000703,Money Market,GBP,7546.13,142556260.51,3.41
SEC0000704,Money Market,USD,2947.72,29200276.36,3.16
SEC0000705,ETF,INR,4428.86,437330069.88,8.4
SEC0000706,Money Market,GBP,3292.47,260106748.6,10.64
SEC0000707,Equity,INR,5455.3,16541542.41,1.74
SEC0000708,Equity,USD,1739.85,281361982.68,9.93
SEC0000709,Equity,GBP,9080.7,142333412.74,11.21
SEC0000710,ETF,GBP,3293.71,441744462.82,0.03
SEC0000711,Equity,INR,3460.63,53724277.78,11.01
SEC0000712,Corporate Bond,USD,1831.81,49085952.33,9.35
SEC0000713,Money Market,INR,4707.25,194417206.88,14.85
SEC0000714,ETF,EUR,7707.83,320949153.06,3.28
SEC0000715,Equity,USD,1442.97,144755759.57,2.36
SEC0000716,ETF,USD,9994.44,255909711.3,11.81
SEC0000717,Equity,USD,2622.64,41441843.12,5.24
SEC0000718,Government Bond,INR,4915.66,57533051.83,9.81
SEC0000719,Corporate Bond,USD,6683.0,388956476.79,12.48
SEC0000720,Equity,USD,3688.67,345336132.49,0.12
SEC0000721,Corporate Bond,USD,3018.04,184565869.15,11.64
SEC0000722,Government Bond,USD,7698.51,432553651.36,0.91
SEC0000723,Equity,INR,1587.63,384654942.0,3.87
SEC0000724,Equity,GBP,5454.69,57074780.29,0.88
SEC0000725,Government Bond,GBP,9611.02,311611306.88,6.16
SEC0000726,Corporate Bond,USD,554.08,193065878.1,11.9
SEC0000727,ETF,USD,3637.54,239031614.44,1.46
SEC0000728,Equity,INR,6266.98,141854645.69,3.76
SEC0000729,Equity,INR,8642.74,149533363.48,13.67
SEC0000730,Government Bond,GBP,5422.35,277781830.02,13.47
SEC0000731,ETF,USD,2182.79,251433321.53,13.85
SEC0000732,Government Bond,EUR,5844.26,311475515.61,14.85
SEC0000733,ETF,INR,6456.82,493236462.07,11.95
SEC0000734,Equity,GBP,1800.23,286085604.8,11.55
SEC0000735,Money Market,EUR,9232.66,62718046.52,2.96
SEC0000736,Corporate Bond,USD,2692.6,69242878.76,13.87
SEC0000737,Equity,INR,2359.39,311489626.0,13.99
SEC0000738,Money Market,USD,2044.33,306699082.09,9.89
SEC0000739,ETF,EUR,6773.76,379431336.41,7.98
SEC0000740,Government Bond,USD,9994.58,71975540.89,9.49
SEC0000741,Corporate Bond,EUR,1598.65,19359913.94,12.74
SEC0000742,Corporate Bond,USD,8632.76,282599552.08,12.91
SEC0000743,Money Market,EUR,7384.02,166977114.78,8.69
SEC0000744,Government Bond,USD,7264.77,336057746.52,4.91
SEC0000745,Corporate Bond,USD,1229.39,108773596.76,0.9
SEC0000746,Money Market,INR,4341.78,46165862.86,9.64
SEC0000747,Money Market,GBP,9047.12,386177184.95,5.46
SEC0000748,Money Market,GBP,8538.86,23333992.15,6.13
SEC0000749,Equity,INR,9820.49,441268394.12,0.44
SEC0000750,Equity,GBP,2241.17,478145136.89,3.29
SEC0000751,Equity,EUR,7113.98,468531407.66,12.09
SEC0000752,Corporate Bond,USD,4835.4,194323716.53,6.85
SEC0000753,Government Bond,GBP,8924.41,40425691.13,6.83
SEC0000754,ETF,INR,3342.3,380582197.92,9.4
SEC0000755,ETF,USD,6187.76,5470108.68,14.54
SEC0000756,Equity,USD,7567.88,38345759.54,14.62
SEC0000757,ETF,GBP,3680.93,226981072.37,11.54
SEC0000758,Equity,INR,4820.29,178676451.03,0.68
SEC0000759,ETF,GBP,2296.68,139802896.34,6.11
SEC0000760,Government Bond,GBP,6575.81,470013524.23,5.77
SEC0000761,Money Market,INR,7925.89,231471027.0,5.25
SEC0000762,ETF,EUR,1722.71,275596318.78,4.08
SEC0000763,Money Market,USD,4495.03,315214829.89,0.42
SEC0000764,ETF,INR,6878.53,319036382.81,9.53
SEC0000765,Corporate Bond,GBP,1577.78,430676374.7,10.26
SEC0000766,Corporate Bond,USD,5514.91,226867761.77,0.69
SEC0000767,Money Market,USD,915.76,469221870.92,13.06
SEC0000768,Money Market,EUR,8707.31,59718317.76,2.79
SEC0000769,Money Market,USD,1385.74,189529877.83,3.29
SEC0000770,Corporate Bond,INR,7260.13,406528625.28,12.47
SEC0000771,Government Bond,USD,2913.5,321693744.8,11.24
SEC0000772,Money Market,GBP,2531.59,262865767.07,0.55
SEC0000773,Money Market,USD,3441.74,354929272.3,0.08
SEC0000774,Money Market,USD,7887.32,402642342.79,10.5
SEC0000775,Equity,USD,1015.09,471393063.09,5.61
SEC0000776,Corporate Bond,EUR,8180.13,156715941.5,9.27
SEC0000777,Money Market,GBP,2564.02,13331766.6,5.47
SEC0000778,Equity,INR,6227.5,81412048.44,5.7
SEC0000779,Equity,GBP,8839.86,6840759.88,3.05
SEC0000780,Equity,INR,9207.16,489878541.83,11.27
SEC0000781,ETF,EUR,1364.11,200297849.03,6.46
SEC0000782,ETF,INR,9380.14,200887585.42,12.97
SEC0000783,Government Bond,INR,2251.5,371332840.45,4.23
SEC0000784,Government Bond,EUR,9827.03,233509945.32,4.23
SEC0000785,Money Market,USD,1809.22,421899394.74,12.07
SEC0000786,Money Market,INR,6829.04,258072138.65,7.28
SEC0000787,Government Bond,INR,7882.99,495923153.01,14.94
SEC0000788,Corporate Bond,INR,498.94,486051449.34,5.13
SEC0000789,Government Bond,GBP,1391.51,400740669.71,13.58
SEC0000790,Money Market,GBP,9968.84,470110244.12,7.76
SEC0000791,Equity,GBP,9377.42,347361550.61,9.31
SEC0000792,ETF,GBP,8712.08,376341103.33,13.95
SEC0000793,Government Bond,USD,9483.64,58338862.63,2.94
SEC0000794,Corporate Bond,EUR,4276.51,489196994.55,4.22
SEC0000795,Corporate Bond,EUR,7328.24,430043144.2,7.98
SEC0000796,Money Market,GBP,6195.54,426669784.62,10.77
SEC0000797,Corporate Bond,USD,5946.67,202135632.53,11.97
SEC0000798,Government Bond,USD,3564.71,178835966.84,2.78
SEC0000799,Corporate Bond,USD,2740.17,277074705.41,13.77
SEC0000800,ETF,EUR,1068.78,446850344.78,12.43
SEC0000801,Corporate Bond,EUR,660.92,468400064.3,7.65
SEC0000802,ETF,USD,7309.39,359638051.05,3.75
SEC0000803,Corporate Bond,INR,5156.53,133791340.46,11.15
SEC0000804,Equity,INR,1197.28,46431335.96,7.36
SEC0000805,Money Market,INR,6801.05,327265423.41,6.26
SEC0000806,ETF,GBP,3531.19,337564717.31,6.06
SEC0000807,Equity,USD,7526.61,28031242.42,5.3
SEC0000808,Corporate Bond,GBP,8930.34,50944123.29,9.78
SEC0000809,Government Bond,USD,4776.93,112384317.95,2.21
SEC0000810,ETF,GBP,5437.41,160343095.1,0.01
SEC0000811,Money Market,GBP,181.48,275429790.53,12.48
SEC0000812,Money Market,GBP,5764.24,435717312.38,10.8
SEC0000813,Money Market,EUR,6382.23,87461887.03,2.25
SEC0000814,ETF,USD,1265.39,175056003.11,2.64
SEC0000815,ETF,INR,6581.49,68851504.61,6.29
SEC0000816,Equity,GBP,9993.36,72383736.81,3.38
SEC0000817,Corporate Bond,GBP,3695.49,199939735.2,4.53
SEC0000818,Equity,EUR,3541.34,419960876.68,12.77
SEC0000819,ETF,USD,2003.26,306384628.0,1.58
SEC0000820,Money Market,USD,860.97,377096670.38,3.58
SEC0000821,Equity,GBP,5015.44,124908177.38,5.13
SEC0000822,Money Market,EUR,3080.7,297224387.2,8.65
SEC0000823,Money Market,USD,3122.11,342023262.39,5.63
SEC0000824,Money Market,EUR,7755.29,27064461.06,6.07
SEC0000825,ETF,USD,4000.02,398118918.84,4.34
SEC0000826,Government Bond,USD,9293.31,425281235.57,6.28
SEC0000827,Money Market,EUR,1016.48,360134313.32,6.46
SEC0000828,Government Bond,USD,962.3,496887035.22,3.36
SEC0000829,Money Market,EUR,2696.82,170366899.29,11.33
SEC0000830,Government Bond,USD,1556.74,309642584.06,12.93
SEC0000831,Equity,INR,3531.73,408609026.03,7.09
SEC0000832,ETF,EUR,2409.63,144176753.19,11.98
SEC0000833,ETF,GBP,4400.39,179268321.92,2.72
SEC0000834,Money Market,USD,7558.17,205480438.32,6.36
SEC0000835,Money Market,USD,2124.75,32252990.5,2.05
SEC0000836,ETF,USD,3383.44,427734995.62,1.68
SEC0000837,Corporate Bond,USD,7611.14,44739176.51,3.73
SEC0000838,Equity,INR,6648.64,89731259.43,0.48
SEC0000839,Government Bond,INR,8243.25,179339786.83,4.31
SEC0000840,Government Bond,GBP,175.78,465005375.57,2.7
SEC0000841,Equity,EUR,3160.27,427082908.58,3.32
SEC0000842,Corporate Bond,EUR,1294.02,270439717.93,10.05
SEC0000843,Equity,USD,8707.72,456371421.23,7.96
SEC0000844,Money Market,INR,3511.76,171903990.6,0.44
SEC0000845,ETF,USD,4251.26,396779283.96,0.37
SEC0000846,Equity,EUR,3922.81,313494691.97,11.8
SEC0000847,Money Market,GBP,5674.0,107174130.64,6.49
SEC0000848,Money Market,INR,4977.69,15187999.47,10.18
SEC0000849,ETF,GBP,8261.35,61284916.78,12.79
SEC0000850,Equity,USD,9869.31,318007160.96,11.41
SEC0000851,Government Bond,USD,2894.33,451896279.47,0.44
SEC0000852,Money Market,GBP,5051.23,93799562.76,9.48
SEC0000853,Government Bond,USD,2138.82,397584375.09,6.4
SEC0000854,Corporate Bond,INR,3360.35,90485474.14,4.72
SEC0000855,ETF,USD,6066.1,421841410.75,2.4
SEC0000856,Government Bond,INR,5496.29,447673784.96,13.89
SEC0000857,Corporate Bond,EUR,862.18,71819405.24,1.05
SEC0000858,Money Market,INR,476.04,12776567.77,7.03
SEC0000859,Money Market,USD,765.61,411344952.41,3.1
SEC0000860,Equity,INR,8405.54,365852015.34,11.23
SEC0000861,Corporate Bond,EUR,2187.57,1592407.4,14.15
SEC0000862,Government Bond,GBP,4507.89,422412.6,6.25
SEC0000863,Government Bond,GBP,1091.6,156329299.32,12.52
SEC0000864,Equity,GBP,8110.02,79057380.02,0.54
SEC0000865,Money Market,INR,9718.69,349331350.01,1.47
SEC0000866,Equity,GBP,6455.96,422765515.73,3.75
SEC0000867,Government Bond,INR,231.67,334092741.64,5.77
SEC0000868,Equity,USD,4014.5,240652986.03,13.59
SEC0000869,Corporate Bond,GBP,5887.7,441865301.3,8.79
SEC0000870,Money Market,USD,1933.27,186672037.63,12.58
SEC0000871,ETF,INR,1863.08,324920686.61,5.77
SEC0000872,Government Bond,EUR,7103.88,115394705.4,12.59
SEC0000873,Corporate Bond,GBP,6482.64,425147603.25,1.6
SEC0000874,Equity,EUR,9606.59,149952042.89,6.55
SEC0000875,Government Bond,INR,6401.29,55019468.33,14.33
SEC0000876,Government Bond,INR,8049.48,107945949.89,3.02
SEC0000877,Money Market,GBP,7543.41,386352172.69,9.97
SEC0000878,Government Bond,EUR,8697.15,174674987.38,12.11
SEC0000879,Equity,GBP,1836.94,86798916.98,6.96
SEC0000880,ETF,GBP,1895.45,44699637.16,14.61
SEC0000881,Corporate Bond,USD,9602.68,473418049.89,4.23
SEC0000882,Money Market,EUR,2145.26,434989033.64,8.51
SEC0000883,Corporate Bond,USD,8644.06,121172804.17,1.72
SEC0000884,Government Bond,USD,1514.52,438575003.49,14.34
SEC0000885,Equity,GBP,1148.78,84604096.94,14.06
SEC0000886,Equity,INR,8545.15,116642479.69,6.35
SEC0000887,Money Market,USD,2116.61,227836169.84,5.07
SEC0000888,Equity,INR,7599.69,140336046.82,0.84
SEC0000889,Government Bond,USD,7859.47,96096661.55,10.97
SEC0000890,Equity,EUR,9387.27,122228810.41,7.09
SEC0000891,Equity,USD,8473.77,434776275.05,9.79
SEC0000892,ETF,EUR,7348.16,366043781.48,9.23
SEC0000893,Government Bond,EUR,6173.28,480846636.41,5.77
SEC0000894,Corporate Bond,INR,4034.5,210420213.97,9.95
SEC0000895,Government Bond,INR,3097.7,427449761.54,8.25
SEC0000896,Equity,GBP,3528.02,105616710.48,13.1
SEC0000897,Government Bond,INR,7562.59,397551819.37,11.26
SEC0000898,ETF,INR,8077.51,53995040.49,14.49
SEC0000899,Money Market,INR,3651.3,73485120.17,14.28
SEC0000900,Corporate Bond,EUR,2938.69,55175130.61,7.82
SEC0000901,Government Bond,USD,4367.23,432614445.02,9.24
SEC0000902,Money Market,INR,7312.4,168879573.23,3.4
SEC0000903,Money Market,USD,4473.73,266526723.45,1.31
SEC0000904,ETF,EUR,3998.53,53305362.34,1.57
SEC0000905,Corporate Bond,EUR,5471.75,464161599.3,9.24
SEC0000906,Money Market,GBP,7682.84,239174175.8,13.93
SEC0000907,Money Market,INR,7537.18,205422258.71,4.69
SEC0000908,Money Market,EUR,5549.92,143349420.8,13.77
SEC0000909,ETF,USD,2041.03,25284235.28,9.06
SEC0000910,Government Bond,GBP,4349.38,371518313.71,5.46
SEC0000911,Equity,INR,4015.16,28702744.57,12.75
SEC0000912,Equity,EUR,224.08,202236842.73,8.05
SEC0000913,Corporate Bond,INR,9419.7,449184323.68,5.98
SEC0000914,Government Bond,EUR,4779.13,356575879.27,12.9
SEC0000915,Money Market,GBP,6527.87,126319162.25,2.18
SEC0000916,Money Market,INR,9367.63,385897039.63,2.04
SEC0000917,Equity,USD,9289.61,76139253.78,5.76
SEC0000918,ETF,EUR,3801.23,55118425.06,3.26
SEC0000919,Corporate Bond,GBP,6317.37,387821465.77,4.97
SEC0000920,Corporate Bond,INR,9225.73,435210655.26,14.69
SEC0000921,Corporate Bond,GBP,9998.07,69050008.67,14.8
SEC0000922,Money Market,GBP,1889.05,35905634.09,2.15
SEC0000923,ETF,EUR,863.4,471922698.03,4.12
SEC0000924,ETF,GBP,150.07,251167687.73,12.95
SEC0000925,Corporate Bond,EUR,7985.58,487346769.4,9.93
SEC0000926,Money Market,USD,9189.94,310745762.49,3.03
SEC0000927,Corporate Bond,USD,314.92,450351585.6,2.81
SEC0000928,Money Market,EUR,779.67,379192394.77,12.11
SEC0000929,Equity,USD,2047.31,95631224.89,8.04
SEC0000930,Corporate Bond,GBP,7576.51,313203783.3,14.81
SEC0000931,Money Market,INR,885.62,258896736.79,3.18
SEC0000932,Money Market,INR,8216.51,243350439.81,8.19
SEC0000933,ETF,USD,467.95,295937710.01,5.13
SEC0000934,Government Bond,USD,3797.49,77774135.25,9.74
SEC0000935,Money Market,EUR,8739.8,355866524.89,1.89
SEC0000936,Corporate Bond,GBP,599.96,387403377.42,10.48
SEC0000937,Equity,INR,1477.92,245558933.97,5.66
SEC0000938,Equity,USD,9333.07,274143514.25,4.41
SEC0000939,Corporate Bond,INR,960.25,153507401.06,1.27
SEC0000940,Government Bond,USD,9545.98,29080009.14,11.98
SEC0000941,Equity,GBP,5575.84,484858670.52,3.69
SEC0000942,Corporate Bond,GBP,410.07,323411761.2,13.11
SEC0000943,ETF,EUR,8872.38,66068860.8,12.16
SEC0000944,ETF,INR,6545.83,313574647.0,0.23
SEC0000945,ETF,EUR,7097.77,422780178.28,14.19
SEC0000946,Equity,USD,4735.44,376300574.66,6.67
SEC0000947,ETF,USD,2927.01,305925002.73,3.64
SEC0000948,Corporate Bond,GBP,996.67,376073345.92,7.87
SEC0000949,Government Bond,USD,6726.59,499194330.69,5.92
SEC0000950,Government Bond,USD,7869.45,99980801.0,8.4
SEC0000951,ETF,USD,2666.67,414285602.97,9.47
SEC0000952,Money Market,EUR,6832.63,394603565.81,6.61
SEC0000953,Equity,EUR,7821.58,490842902.43,9.09
SEC0000954,Money Market,EUR,4290.4,311190225.88,12.93
SEC0000955,Money Market,EUR,4414.69,286203098.0,7.76
SEC0000956,ETF,INR,6623.67,475274766.77,5.93
SEC0000957,Corporate Bond,USD,2736.45,165885138.45,5.99
SEC0000958,Equity,EUR,6972.1,234204039.96,1.3
SEC0000959,Equity,GBP,8160.5,147841414.35,1.81
SEC0000960,Money Market,INR,1338.23,419001466.01,3.92
SEC0000961,Equity,GBP,1763.11,18714422.91,9.19
SEC0000962,Corporate Bond,GBP,2171.72,422459328.76,14.14
SEC0000963,Money Market,GBP,424.6,121257814.57,10.51
SEC0000964,Money Market,GBP,9666.52,429497222.09,8.33
SEC0000965,ETF,EUR,7590.25,309882758.23,6.53
SEC0000966,Equity,INR,8221.4,107693232.12,11.13
SEC0000967,Government Bond,USD,2103.2,293254938.77,7.53
SEC0000968,Equity,USD,6417.66,399460590.15,4.31
SEC0000969,Corporate Bond,INR,5575.92,79626749.9,14.93
SEC0000970,Government Bond,USD,7979.24,301799836.12,6.4
SEC0000971,Corporate Bond,GBP,9215.76,105466302.07,14.57
SEC0000972,Money Market,EUR,5783.37,433758107.26,3.0
SEC0000973,Government Bond,EUR,7662.71,370393148.83,9.03
SEC0000974,Money Market,USD,6676.7,348165894.56,12.41
SEC0000975,Equity,USD,1930.5,102893196.01,12.14
SEC0000976,ETF,USD,421.65,123048120.27,8.75
SEC0000977,Corporate Bond,GBP,5808.44,226610742.08,3.12
SEC0000978,Government Bond,USD,4605.58,431161510.22,6.58
SEC0000979,Corporate Bond,EUR,8080.72,460810525.9,13.76
SEC0000980,Corporate Bond,EUR,1821.93,413321259.18,12.21
SEC0000981,Government Bond,INR,3345.17,161760842.64,4.5
SEC0000982,ETF,INR,3820.66,344301510.89,4.07
SEC0000983,Equity,INR,2458.33,423046392.3,2.53
SEC0000984,Equity,INR,8195.54,285133869.12,10.69
SEC0000985,Government Bond,INR,2408.24,337715258.69,8.92
SEC0000986,Government Bond,INR,4878.32,310103214.08,8.52
SEC0000987,ETF,INR,8323.15,466292348.86,5.9
SEC0000988,ETF,GBP,7312.2,139411096.77,2.84
SEC0000989,Equity,GBP,5456.13,155193598.45,10.09
SEC0000990,Money Market,EUR,3871.73,313588274.05,3.24
SEC0000991,Equity,EUR,3101.51,321938223.64,3.24
SEC0000992,Corporate Bond,INR,5172.09,57509601.0,2.3
SEC0000993,Money Market,INR,5752.79,44630638.89,9.21
SEC0000994,Corporate Bond,USD,5842.17,486863051.41,3.33
SEC0000995,Money Market,INR,2642.75,7010883.84,1.24
SEC0000996,Equity,USD,1082.76,391374095.94,1.96
SEC0000997,Corporate Bond,GBP,3519.44,423714299.0,1.01
SEC0000998,Equity,INR,567.64,135241295.16,12.74
SEC0000999,Equity,GBP,8374.89,465571283.15,8.58
SEC0001000,ETF,GBP,3257.52,310960079.82,13.24
SEC0001001,Government Bond,INR,2882.1,492065173.47,8.25
SEC0001002,ETF,USD,1843.61,245133873.09,4.48
SEC0001003,Corporate Bond,INR,1456.49,59391825.5,0.52
SEC0001004,Equity,EUR,1211.39,274066806.46,14.74
SEC0001005,ETF,GBP,4057.88,594237.26,4.94
SEC0001006,Equity,EUR,4251.44,459973584.03,11.55
SEC0001007,Corporate Bond,INR,8697.86,117391797.98,10.3
SEC0001008,Equity,USD,4155.99,408559712.88,9.87
SEC0001009,Government Bond,GBP,1227.03,156288691.65,3.75
SEC0001010,Corporate Bond,INR,4073.33,394200362.41,10.38
SEC0001011,Equity,GBP,9533.52,419676660.48,11.4
SEC0001012,ETF,EUR,3121.7,90193838.41,1.96
SEC0001013,Equity,INR,4430.08,140062548.86,1.63
SEC0001014,Equity,USD,7477.42,135432142.4,6.84
SEC0001015,Equity,EUR,3893.31,309031063.55,0.17
SEC0001016,ETF,USD,9812.78,467178996.82,13.0
SEC0001017,Equity,EUR,8314.05,334695270.83,3.86
SEC0001018,ETF,EUR,9850.07,27025879.85,11.75
SEC0001019,Government Bond,GBP,7417.24,332067320.72,3.96
SEC0001020,Equity,GBP,747.89,53867048.98,9.2
SEC0001021,Government Bond,EUR,6196.11,96688199.19,8.28
SEC0001022,ETF,EUR,1092.47,116256448.07,4.89
SEC0001023,Government Bond,GBP,350.19,229691264.86,9.9
SEC0001024,ETF,USD,97.13,25205967.74,8.53
SEC0001025,Money Market,INR,6627.97,139019732.8,11.67
SEC0001026,Government Bond,INR,8833.46,444780337.19,0.56
SEC0001027,ETF,EUR,5610.56,335646102.05,4.48
SEC0001028,Corporate Bond,INR,1731.79,293504928.16,4.93
SEC0001029,Equity,EUR,4067.3,17927168.72,10.47
SEC0001030,ETF,USD,992.76,372034251.83,11.54
SEC0001031,ETF,EUR,936.37,276192569.23,8.64
SEC0001032,Corporate Bond,EUR,5039.82,311090435.08,13.22
SEC0001033,Government Bond,USD,1644.14,246119619.59,0.41
SEC0001034,Government Bond,GBP,668.4,11618702.25,7.0
SEC0001035,ETF,EUR,5092.62,141568815.55,6.06
SEC0001036,Government Bond,EUR,6266.07,98087766.53,10.88
SEC0001037,ETF,INR,2512.49,433407483.56,2.99
SEC0001038,Government Bond,INR,6843.21,378114367.83,4.15
SEC0001039,ETF,GBP,6179.32,146170270.32,7.82
SEC0001040,Government Bond,USD,7563.39,410112365.37,3.56
SEC0001041,Equity,INR,7199.34,129260550.93,2.02
SEC0001042,Government Bond,USD,3607.26,460455080.05,12.43
SEC0001043,Equity,GBP,4383.84,224654563.76,12.52
SEC0001044,Equity,USD,1242.5,462573120.73,14.42
SEC0001045,ETF,GBP,3369.14,17234194.42,12.93
SEC0001046,Corporate Bond,USD,2238.04,308304384.35,14.64
SEC0001047,ETF,USD,855.34,95175743.43,8.67
SEC0001048,Equity,USD,7988.09,383556135.77,13.74
SEC0001049,Equity,EUR,8590.28,15365536.76,5.65
SEC0001050,ETF,EUR,361.12,442687270.66,12.13
SEC0001051,Corporate Bond,INR,8519.75,63235088.63,13.92
SEC0001052,ETF,USD,5115.42,100889310.55,1.07
SEC0001053,Equity,EUR,59.33,430201054.86,2.53
SEC0001054,Money Market,GBP,7512.68,134395908.91,3.62
SEC0001055,Equity,EUR,3905.38,498982654.32,6.98
SEC0001056,Equity,GBP,3555.96,173665813.66,0.96
SEC0001057,ETF,EUR,6702.04,417981512.04,14.65
SEC0001058,Corporate Bond,EUR,3679.57,114812173.78,10.15
SEC0001059,Government Bond,USD,5502.24,175402193.23,9.13
SEC0001060,ETF,GBP,3370.02,64701565.28,14.72
SEC0001061,Money Market,USD,8774.08,433100307.55,12.87
SEC0001062,Money Market,GBP,9703.91,101821606.38,13.23
SEC0001063,ETF,EUR,3116.72,176963951.42,8.58
SEC0001064,Corporate Bond,INR,8814.44,352747118.93,8.24
SEC0001065,Government Bond,EUR,5525.47,42978304.45,0.45
SEC0001066,Corporate Bond,INR,2399.05,93362437.07,5.87
SEC0001067,Government Bond,EUR,5763.44,408593056.12,1.95
SEC0001068,Corporate Bond,GBP,5106.38,133676687.96,4.48
SEC0001069,Money Market,GBP,5072.15,148940891.23,2.66
SEC0001070,Money Market,EUR,6165.82,42606608.79,3.4
SEC0001071,Equity,GBP,6338.2,463498242.85,0.15
SEC0001072,Government Bond,INR,6895.64,326080200.59,4.96
SEC0001073,Government Bond,EUR,5907.16,137558829.26,1.39
SEC0001074,ETF,EUR,9123.75,191361361.31,11.24
SEC0001075,ETF,GBP,8906.07,371230531.07,4.69
SEC0001076,Equity,EUR,9297.1,15566589.75,7.3
SEC0001077,ETF,USD,4259.96,365750431.96,10.5
SEC0001078,Equity,USD,1075.68,226234963.94,1.12
SEC0001079,Money Market,USD,7745.49,212123703.46,14.7
SEC0001080,Corporate Bond,INR,2418.54,454846535.17,8.22
SEC0001081,Equity,EUR,7121.98,358510350.25,6.37
SEC0001082,Corporate Bond,GBP,2917.58,180463390.66,11.74
SEC0001083,Equity,EUR,1366.83,385363147.39,12.51
SEC0001084,Corporate Bond,GBP,5166.99,236313408.91,0.38
SEC0001085,Equity,INR,8982.8,414069702.53,1.58
SEC0001086,Government Bond,USD,9857.05,443037625.44,6.3
SEC0001087,Money Market,INR,999.29,305521050.72,8.22
SEC0001088,Money Market,INR,6054.7,170251330.75,4.94
SEC0001089,Money Market,USD,3837.45,306777835.86,14.0
SEC0001090,Corporate Bond,USD,9565.96,349983416.7,10.03
SEC0001091,ETF,GBP,6529.29,310237091.76,8.69
SEC0001092,Money Market,EUR,2123.88,487184425.43,14.83
SEC0001093,Government Bond,EUR,4407.83,144122472.37,13.9
SEC0001094,Corporate Bond,USD,6883.67,189107471.5,3.27
SEC0001095,Corporate Bond,EUR,7627.7,355865712.95,5.55
SEC0001096,Government Bond,EUR,9945.93,24854824.66,6.46
SEC0001097,ETF,GBP,5162.77,114200468.72,13.82
SEC0001098,ETF,EUR,7502.64,152411522.18,12.87
SEC0001099,Government Bond,INR,3231.87,363919428.49,5.13
SEC0001100,Money Market,GBP,3069.35,371060569.68,10.71
SEC0001101,ETF,INR,8255.2,66569862.05,14.73
SEC0001102,Money Market,USD,2102.93,172388886.99,5.33
SEC0001103,Government Bond,EUR,1604.99,185922603.69,13.74
SEC0001104,ETF,USD,5809.44,314262329.89,5.21
SEC0001105,Corporate Bond,GBP,8848.18,1029949.21,13.52
SEC0001106,Government Bond,INR,9423.23,184586744.68,4.4
SEC0001107,Money Market,INR,8226.44,141231060.58,4.82
SEC0001108,Corporate Bond,INR,7407.89,436939590.93,11.68
SEC0001109,Equity,GBP,7165.58,78021984.4,8.55
SEC0001110,ETF,EUR,3023.95,337534757.07,9.96
SEC0001111,Equity,EUR,3474.69,205030364.82,12.49
SEC0001112,Government Bond,USD,5338.81,20004795.31,4.13
SEC0001113,Money Market,INR,5834.05,109375105.59,2.04
SEC0001114,Government Bond,USD,3959.04,458181009.97,0.61
SEC0001115,Equity,USD,4468.78,240228694.05,6.23
SEC0001116,Government Bond,GBP,5527.77,448756095.32,0.51
SEC0001117,Equity,INR,9378.33,131184805.46,10.76
SEC0001118,Money Market,EUR,3767.69,467153058.76,4.81
SEC0001119,Equity,EUR,8087.25,223218359.48,8.61
SEC0001120,Equity,USD,652.72,388621263.21,1.63
SEC0001121,Money Market,EUR,2244.71,159063573.27,10.38
SEC0001122,Corporate Bond,INR,9565.33,389382826.53,2.66
SEC0001123,Money Market,USD,2742.84,478145442.36,9.88
SEC0001124,Money Market,EUR,8142.42,143618074.03,2.56
SEC0001125,Corporate Bond,USD,7982.2,418750152.72,10.98
SEC0001126,Equity,GBP,8314.93,358729007.0,8.71
SEC0001127,Government Bond,EUR,8019.88,379729971.54,13.75
SEC0001128,ETF,GBP,8925.51,44424097.86,9.06
SEC0001129,Corporate Bond,USD,6859.91,326163236.1,11.43
SEC0001130,Equity,INR,4235.69,441518122.73,0.96
SEC0001131,Money Market,EUR,8157.71,424497736.48,8.8
SEC0001132,ETF,USD,9426.88,447403302.17,3.38
SEC0001133,Money Market,INR,5686.02,216483670.53,7.8
SEC0001134,Equity,INR,1844.57,348450447.79,3.91
SEC0001135,Equity,EUR,6788.46,167896873.7,10.27
SEC0001136,Government Bond,USD,3394.86,132992973.23,4.68
SEC0001137,Equity,INR,400.69,470568544.11,0.21
SEC0001138,ETF,INR,2171.28,189096998.59,2.55
SEC0001139,Money Market,INR,2160.6,163899688.94,14.16
SEC0001140,Money Market,INR,3998.82,431377010.99,14.18
SEC0001141,Government Bond,EUR,289.26,196536420.23,8.44
SEC0001142,Equity,GBP,6271.26,197222011.95,14.93
SEC0001143,Money Market,INR,1516.37,78937411.08,1.03
SEC0001144,ETF,EUR,5210.34,52912206.4,3.59
SEC0001145,Equity,GBP,279.91,206921574.79,14.51
SEC0001146,Government Bond,USD,58.86,402496637.2,9.16
SEC0001147,ETF,USD,8407.96,27504225.5,11.49
SEC0001148,Corporate Bond,EUR,3712.29,176434509.23,4.17
SEC0001149,Corporate Bond,INR,690.27,19415967.44,9.27
SEC0001150,Equity,INR,3548.01,84904094.38,4.2
SEC0001151,Equity,GBP,3954.73,259771215.46,11.4
SEC0001152,Corporate Bond,INR,8939.63,350430067.13,1.38
SEC0001153,Government Bond,GBP,7259.09,457107183.84,5.72
SEC0001154,Corporate Bond,EUR,7809.28,198197651.95,0.16
SEC0001155,Government Bond,INR,4907.55,499533820.0,10.59
SEC0001156,Equity,EUR,1289.22,281331164.52,14.04
SEC0001157,Corporate Bond,EUR,7530.97,415068021.3,12.67
SEC0001158,Equity,USD,5684.46,304486884.09,9.75
SEC0001159,Money Market,USD,8393.76,399354428.2,14.86
SEC0001160,Government Bond,EUR,571.11,132277686.63,1.41
SEC0001161,Government Bond,GBP,9271.23,149481210.75,10.37
SEC0001162,Equity,EUR,3102.53,100547091.93,2.59
SEC0001163,ETF,USD,7344.54,243354702.54,13.43
SEC0001164,Equity,USD,7781.53,4415843.34,7.81
SEC0001165,Government Bond,GBP,4139.68,363492003.34,7.26
SEC0001166,Government Bond,GBP,2517.43,141309002.38,14.98
SEC0001167,ETF,USD,7205.3,89900996.69,4.21
SEC0001168,Corporate Bond,EUR,5076.04,286224874.71,4.82
SEC0001169,Government Bond,EUR,1154.27,497928273.07,12.23
SEC0001170,ETF,EUR,4622.84,105082388.6,12.36
SEC0001171,Money Market,INR,7902.72,29941793.64,7.2
SEC0001172,ETF,GBP,9662.24,403925270.43,4.79
SEC0001173,ETF,INR,4163.54,336915410.5,9.41
SEC0001174,Government Bond,INR,2199.98,206787730.01,9.37
SEC0001175,Money Market,EUR,8611.33,482278695.39,8.55
SEC0001176,Equity,INR,4025.13,375016010.21,13.15
SEC0001177,Government Bond,USD,8288.19,463342363.92,13.87
SEC0001178,Government Bond,GBP,6647.31,102383873.82,13.28
SEC0001179,Equity,EUR,9445.37,325317110.22,10.85
SEC0001180,Government Bond,INR,3801.05,169929886.13,0.08
SEC0001181,ETF,INR,556.0,324832284.54,13.21
SEC0001182,Equity,EUR,9109.46,151653077.78,12.15
SEC0001183,Equity,GBP,8643.94,88826042.54,14.99
SEC0001184,Equity,GBP,8718.22,300519089.97,10.68
SEC0001185,Equity,EUR,1863.66,96746870.64,7.23
SEC0001186,Equity,INR,4806.56,347602850.95,14.9
SEC0001187,Equity,USD,704.25,53926900.68,8.95
SEC0001188,Equity,USD,6521.55,274503298.42,8.31
SEC0001189,Money Market,EUR,8731.58,417487728.02,0.99
SEC0001190,Government Bond,USD,8965.01,358060342.99,0.3
SEC0001191,Equity,INR,3969.42,51709369.12,9.37
SEC0001192,Money Market,GBP,4000.68,257686006.78,9.22
SEC0001193,ETF,INR,1149.17,98692527.41,2.49
SEC0001194,Government Bond,EUR,4450.47,159858447.27,0.93
SEC0001195,ETF,USD,5338.53,374827680.88,10.6
SEC0001196,Equity,EUR,7202.98,78395564.42,12.94
SEC0001197,ETF,GBP,6658.64,172414637.01,5.95
SEC0001198,Government Bond,GBP,4380.24,421117715.04,8.12
SEC0001199,Corporate Bond,USD,7026.82,423727149.48,0.19
SEC0001200,Money Market,GBP,791.39,266995560.84,8.56
SEC0001201,ETF,INR,7453.02,333583728.09,10.45
SEC0001202,Government Bond,USD,3270.56,196387343.24,14.79
SEC0001203,Equity,USD,5599.74,43034827.55,4.96
SEC0001204,Equity,INR,3552.44,349174370.27,10.95
SEC0001205,Money Market,GBP,5653.87,71689633.15,2.35
SEC0001206,Money Market,EUR,9044.45,428726780.99,5.81
SEC0001207,Money Market,INR,8543.66,261717212.96,9.41
SEC0001208,Corporate Bond,INR,5392.96,379473062.78,14.3
SEC0001209,Equity,EUR,9523.68,208497778.59,7.85
SEC0001210,Money Market,INR,8892.11,226227003.2,9.14
SEC0001211,Money Market,EUR,4860.89,95679258.62,9.78
SEC0001212,ETF,USD,8773.37,132766862.52,5.11
SEC0001213,ETF,EUR,5951.86,134552777.86,4.83
SEC0001214,Equity,INR,8559.66,33697846.74,7.4
SEC0001215,Government Bond,INR,4784.84,111483848.64,1.95
SEC0001216,Money Market,USD,8368.62,132362628.0,11.93
SEC0001217,ETF,INR,3120.87,24810945.43,10.8
SEC0001218,ETF,INR,1227.11,359997856.6,0.68
SEC0001219,Corporate Bond,INR,7447.74,339265456.77,13.6
SEC0001220,Corporate Bond,USD,4454.08,307913306.67,10.92
SEC0001221,Government Bond,GBP,7242.82,449095797.41,3.47
SEC0001222,ETF,EUR,7948.6,60489921.47,12.57
SEC0001223,Government Bond,USD,2926.21,450915230.02,13.17
SEC0001224,Government Bond,GBP,4426.96,89321531.81,14.11
SEC0001225,Corporate Bond,USD,6852.42,203090995.89,4.79
SEC0001226,ETF,USD,27.93,156498360.79,1.96
SEC0001227,Government Bond,USD,2689.65,226232270.48,10.19
SEC0001228,Money Market,INR,3729.84,124720366.45,7.71
SEC0001229,ETF,INR,5856.42,124772104.64,14.09
SEC0001230,ETF,INR,3473.53,391084554.13,7.35
SEC0001231,ETF,EUR,4748.73,76143556.0,0.44
SEC0001232,Government Bond,EUR,9796.3,296683387.57,12.23
SEC0001233,Equity,INR,6632.79,391220360.81,13.97
SEC0001234,ETF,EUR,7015.19,416369386.48,3.58
SEC0001235,Equity,INR,5071.27,195483066.38,1.36
SEC0001236,Government Bond,USD,1812.75,282966619.85,13.96
SEC0001237,Equity,EUR,7412.1,405289339.55,2.89
SEC0001238,Government Bond,INR,9864.33,283798396.66,12.64
SEC0001239,ETF,USD,9262.71,157740882.04,0.7
SEC0001240,Government Bond,USD,5817.4,133508755.51,1.46
SEC0001241,Equity,USD,1303.72,224605125.68,0.93
SEC0001242,Corporate Bond,INR,1353.26,363058013.05,1.44
SEC0001243,Government Bond,USD,4657.37,453859280.59,2.03
SEC0001244,Money Market,USD,2998.8,241668495.52,0.05
SEC0001245,Corporate Bond,EUR,8457.49,220979724.03,1.88
SEC0001246,Money Market,INR,4644.65,68092213.05,10.66
SEC0001247,Government Bond,EUR,9723.75,156380238.99,13.17
SEC0001248,Corporate Bond,EUR,6561.64,319003357.04,14.25
SEC0001249,Corporate Bond,INR,8094.39,186169368.96,7.17
SEC0001250,Corporate Bond,INR,2921.91,454896958.15,13.57
SEC0001251,Money Market,USD,2175.71,345272529.91,14.67
SEC0001252,Money Market,EUR,451.35,410997185.16,0.64
SEC0001253,Money Market,USD,9788.14,26723699.85,9.05
SEC0001254,Money Market,INR,5574.57,288806731.31,9.24
SEC0001255,ETF,USD,9195.29,124329268.55,10.64
SEC0001256,Money Market,INR,3496.66,189146965.52,14.17
SEC0001257,Equity,GBP,7380.44,274987112.08,4.25
SEC0001258,Corporate Bond,GBP,5413.27,91839651.32,9.13
SEC0001259,Money Market,USD,8714.65,1862498.76,3.52
SEC0001260,Money Market,GBP,2250.58,153730115.2,2.48
SEC0001261,Equity,GBP,7516.74,13701341.34,14.7
SEC0001262,Government Bond,EUR,3017.02,321756596.65,11.61
SEC0001263,Money Market,USD,4226.31,388210938.13,6.88
SEC0001264,ETF,EUR,5313.05,483841745.82,7.12
SEC0001265,Corporate Bond,USD,2126.47,113867507.1,8.62
SEC0001266,Government Bond,USD,8639.09,379877884.36,5.3
SEC0001267,ETF,EUR,3741.15,465935550.81,3.04
SEC0001268,Government Bond,EUR,1127.24,399579025.95,11.16
SEC0001269,Money Market,EUR,6352.92,163947488.73,9.72
SEC0001270,Corporate Bond,USD,4644.64,460311254.41,4.92
SEC0001271,Government Bond,INR,3560.23,291095491.93,0.36
SEC0001272,ETF,EUR,793.02,140651993.23,8.55
SEC0001273,ETF,INR,3191.73,33455215.05,13.5
SEC0001274,ETF,GBP,8548.95,34751040.31,3.11
SEC0001275,Corporate Bond,INR,180.85,187276621.22,11.72
SEC0001276,Corporate Bond,EUR,5566.79,347213404.13,13.37
SEC0001277,Government Bond,EUR,6073.47,273557332.39,10.39
SEC0001278,Equity,EUR,3043.48,195752688.69,7.04
SEC0001279,Corporate Bond,INR,4078.46,122047448.04,6.71
SEC0001280,ETF,GBP,9914.06,366841854.81,2.95
SEC0001281,Equity,USD,3528.18,130150476.9,10.86
SEC0001282,Money Market,INR,9030.01,488749684.56,6.06
SEC0001283,Government Bond,USD,4769.84,217557460.33,8.38
SEC0001284,Equity,EUR,2986.74,213231870.41,9.87
SEC0001285,Money Market,GBP,1576.98,445607085.36,2.55
SEC0001286,Corporate Bond,EUR,440.61,45245761.11,9.52
SEC0001287,Corporate Bond,USD,2099.04,213097714.72,1.76
SEC0001288,Money Market,USD,7602.21,43953838.68,0.74
SEC0001289,Equity,EUR,4616.23,238474071.2,11.79
SEC0001290,Government Bond,INR,6129.82,119841745.29,12.79
SEC0001291,Government Bond,INR,907.44,376727691.11,6.23
SEC0001292,ETF,INR,4181.0,287827862.58,13.69
SEC0001293,ETF,INR,4466.35,155834786.49,13.56
SEC0001294,Money Market,USD,9300.0,271780027.95,5.93
SEC0001295,Government Bond,INR,8749.98,492887376.14,9.62
SEC0001296,Corporate Bond,USD,4201.67,397628416.58,2.61
SEC0001297,ETF,EUR,7884.74,173800705.99,1.45
SEC0001298,Government Bond,GBP,9534.03,43738783.94,1.41
SEC0001299,ETF,GBP,981.72,288406065.77,14.49
SEC0001300,Corporate Bond,GBP,2461.72,270171353.06,6.3
SEC0001301,Government Bond,USD,9875.92,182896820.98,7.08
SEC0001302,Equity,INR,5596.62,296007861.9,6.21
SEC0001303,Money Market,GBP,7680.27,291295841.83,2.5
SEC0001304,ETF,GBP,6267.59,313550464.68,11.53
SEC0001305,Money Market,GBP,4537.38,474659372.0,9.16
SEC0001306,Equity,GBP,1350.72,147235381.12,10.18
SEC0001307,Equity,GBP,9533.28,103840030.32,5.84
SEC0001308,Corporate Bond,GBP,4937.19,94165127.9,6.53
SEC0001309,ETF,USD,2428.19,494462851.08,1.28
SEC0001310,Money Market,USD,7321.13,440600833.8,2.97
SEC0001311,Corporate Bond,EUR,934.12,180619552.61,12.4
SEC0001312,Equity,GBP,3922.39,170193934.51,13.49
SEC0001313,Equity,USD,5530.28,206517089.67,3.94
SEC0001314,Corporate Bond,GBP,3794.2,158685741.36,1.58
SEC0001315,Equity,EUR,3104.66,393585222.14,1.04
SEC0001316,Money Market,INR,4175.35,272467707.24,9.88
SEC0001317,Equity,EUR,8446.09,336219285.66,14.55
SEC0001318,Government Bond,EUR,4982.63,483231844.79,9.33
SEC0001319,Money Market,INR,8091.01,200696425.82,1.09
SEC0001320,Equity,GBP,507.5,214213891.05,9.7
SEC0001321,ETF,GBP,8113.89,137888286.79,3.27
SEC0001322,ETF,GBP,4954.5,456753773.33,6.97
SEC0001323,Money Market,GBP,9209.59,404677122.53,10.75
SEC0001324,Corporate Bond,USD,2357.67,254153649.39,4.76
SEC0001325,Equity,INR,925.94,131642074.99,6.5
SEC0001326,Government Bond,EUR,6259.12,373369875.28,7.26
SEC0001327,Government Bond,USD,935.24,271330223.74,14.09
SEC0001328,Equity,USD,588.68,182853891.04,14.89
SEC0001329,Government Bond,INR,5199.7,362919703.38,10.67
SEC0001330,Corporate Bond,USD,9692.44,365120761.93,9.93
SEC0001331,Equity,INR,4818.37,169244122.7,13.48
SEC0001332,ETF,INR,4502.19,180277065.63,8.25
SEC0001333,Government Bond,USD,2347.35,295590563.42,12.03
SEC0001334,Government Bond,EUR,7327.62,435866783.56,7.08
SEC0001335,Corporate Bond,EUR,4054.29,278485565.33,13.97
SEC0001336,Money Market,GBP,2410.34,477702553.64,0.78
SEC0001337,Government Bond,GBP,140.78,455692243.04,4.33
SEC0001338,Corporate Bond,USD,8766.69,111467339.07,7.86
SEC0001339,Equity,GBP,7876.0,215203845.99,1.7
SEC0001340,Government Bond,EUR,5554.39,292673309.7,11.78
SEC0001341,Money Market,GBP,5791.86,280552567.55,8.43
SEC0001342,ETF,USD,1234.12,293802625.14,3.99
SEC0001343,Money Market,GBP,4589.13,414907666.01,9.88
SEC0001344,Equity,GBP,132.28,143742049.91,5.15
SEC0001345,Money Market,USD,768.66,105831296.66,8.6
SEC0001346,Corporate Bond,USD,8595.47,173622146.85,7.42
SEC0001347,Equity,INR,2088.75,174772897.36,12.36
SEC0001348,Corporate Bond,INR,3711.11,373396533.86,12.22
SEC0001349,Corporate Bond,INR,9805.26,285078985.53,4.48
SEC0001350,Equity,INR,8147.55,142541627.9,13.95
SEC0001351,ETF,INR,8705.18,254358657.68,9.6
SEC0001352,Equity,EUR,9629.73,68734884.26,0.23
SEC0001353,Government Bond,GBP,3666.79,384738700.34,2.11
SEC0001354,ETF,INR,6085.69,267177412.25,1.47
SEC0001355,ETF,USD,3087.67,404348876.28,5.51
SEC0001356,Equity,GBP,1418.93,238824635.92,5.24
SEC0001357,ETF,EUR,2743.17,224878835.79,9.83
SEC0001358,Equity,EUR,7505.33,231739225.78,3.2
SEC0001359,Money Market,GBP,2822.07,496760294.08,2.2
SEC0001360,ETF,USD,4331.27,61755287.72,9.04
SEC0001361,Money Market,GBP,5460.35,226621709.86,5.78
SEC0001362,Equity,USD,7868.69,377078152.42,14.89
SEC0001363,Money Market,EUR,2783.27,60950949.5,0.54
SEC0001364,Corporate Bond,GBP,2123.78,355829014.69,0.98
SEC0001365,ETF,GBP,1143.43,474792193.87,6.51
SEC0001366,Equity,EUR,7871.99,171510728.92,6.08
SEC0001367,Money Market,EUR,6157.67,311131224.08,8.17
SEC0001368,ETF,INR,9333.75,493713211.37,4.68
SEC0001369,Government Bond,EUR,8645.52,212125777.35,7.79
SEC0001370,Equity,EUR,1274.63,383456180.32,3.6
SEC0001371,Equity,GBP,5755.78,371230825.35,0.31
SEC0001372,Corporate Bond,EUR,8248.36,90134358.55,4.22
SEC0001373,Equity,GBP,5249.16,466713484.31,12.66
SEC0001374,Government Bond,INR,2560.17,135741184.7,12.49
SEC0001375,ETF,EUR,8357.53,244570483.39,11.96
SEC0001376,Corporate Bond,EUR,1592.53,315701020.77,12.25
SEC0001377,ETF,GBP,1562.93,176158274.17,6.21
SEC0001378,Government Bond,EUR,8283.09,179998683.23,13.87
SEC0001379,Equity,USD,9326.95,202500502.96,12.94
SEC0001380,Government Bond,GBP,8771.99,219683420.32,1.01
SEC0001381,Money Market,INR,2304.25,129290537.98,9.74
SEC0001382,Government Bond,INR,5698.6,290334347.1,9.52
SEC0001383,Corporate Bond,INR,1052.52,196105622.11,4.05
SEC0001384,Corporate Bond,GBP,4274.61,498058056.97,0.27
SEC0001385,Corporate Bond,INR,7145.76,401977565.01,6.34
SEC0001386,Equity,EUR,7166.92,304596494.06,0.96
SEC0001387,Money Market,GBP,903.31,76664005.69,11.9
SEC0001388,Corporate Bond,EUR,5779.93,263667945.14,2.33
SEC0001389,Government Bond,INR,960.06,370355446.43,14.19
SEC0001390,Government Bond,EUR,1223.29,94977130.26,8.07
SEC0001391,Corporate Bond,EUR,4298.19,266514330.17,2.95
SEC0001392,Money Market,GBP,387.07,385532990.66,4.96
SEC0001393,Equity,GBP,1024.22,217048997.56,12.85
SEC0001394,Government Bond,INR,7733.98,347777065.39,6.95
SEC0001395,Government Bond,USD,1385.68,215516351.11,2.01
SEC0001396,Equity,INR,312.46,257358108.55,13.51
SEC0001397,Equity,USD,8672.51,275711338.01,10.57
SEC0001398,Corporate Bond,GBP,594.7,21512914.58,3.21
SEC0001399,Equity,EUR,6448.22,448760328.17,12.49
SEC0001400,Corporate Bond,EUR,4972.53,240809357.63,13.4
SEC0001401,ETF,EUR,7469.76,153297090.71,4.75
SEC0001402,Equity,INR,7732.16,448420282.75,4.42
SEC0001403,Corporate Bond,GBP,6264.87,459927593.64,8.49
SEC0001404,ETF,EUR,2260.4,429256782.23,6.97
SEC0001405,Money Market,USD,8159.81,92281897.95,11.39
SEC0001406,Corporate Bond,USD,7788.82,122369732.03,3.44
SEC0001407,ETF,INR,28.83,277562463.91,4.4
SEC0001408,Money Market,USD,8128.47,151621161.6,13.01
SEC0001409,ETF,USD,6555.2,306492137.2,4.02
SEC0001410,Money Market,INR,2823.33,475442120.14,10.93
SEC0001411,Government Bond,INR,5560.91,358618009.44,5.75
SEC0001412,Government Bond,GBP,4224.47,346911583.1,5.2
SEC0001413,Government Bond,USD,1480.65,117472468.78,3.36
SEC0001414,Corporate Bond,INR,2710.28,417499824.06,12.66
SEC0001415,Equity,GBP,6600.06,234868916.75,9.76
SEC0001416,Money Market,USD,2042.29,474224773.04,2.32
SEC0001417,Corporate Bond,EUR,9058.22,29481981.18,11.4
SEC0001418,Money Market,INR,2254.88,43541221.55,6.33
SEC0001419,Government Bond,USD,3527.75,426379537.3,7.63
SEC0001420,Corporate Bond,INR,5504.12,441002561.64,7.06
SEC0001421,Money Market,USD,7749.78,298609558.51,7.95
SEC0001422,Government Bond,EUR,9166.32,146109506.32,1.76
SEC0001423,Government Bond,GBP,9469.44,373362852.92,5.67
SEC0001424,Money Market,EUR,3027.35,1626467.69,8.34
SEC0001425,Money Market,INR,8786.19,39911217.73,13.85
SEC0001426,ETF,INR,4065.8,363735693.75,0.4
SEC0001427,ETF,INR,7807.49,405118256.62,9.99
SEC0001428,ETF,EUR,7331.98,68019104.16,7.01
SEC0001429,Government Bond,USD,4390.91,300300154.47,1.8
SEC0001430,Corporate Bond,GBP,1107.23,119234615.49,13.07
SEC0001431,Equity,USD,9239.68,86429333.61,14.84
SEC0001432,Money Market,INR,8630.37,194742329.85,14.16
SEC0001433,Corporate Bond,EUR,7219.45,384007703.19,8.75
SEC0001434,Money Market,EUR,5803.13,294176053.5,13.17
SEC0001435,Government Bond,USD,1446.64,263091291.64,12.49
SEC0001436,Money Market,EUR,4541.54,198184152.59,2.04
SEC0001437,Equity,INR,6793.54,237505966.6,10.81
SEC0001438,Equity,INR,6063.93,300907234.8,0.8
SEC0001439,ETF,EUR,8461.55,391970870.06,11.45
SEC0001440,Corporate Bond,INR,8641.03,89384243.32,8.76
SEC0001441,Equity,USD,4092.31,385887750.23,13.24
SEC0001442,Government Bond,INR,730.4,446714638.23,4.93
SEC0001443,ETF,INR,9416.34,331026228.94,4.09
SEC0001444,Money Market,GBP,3312.13,226199695.7,1.03
SEC0001445,Government Bond,EUR,8977.83,446729358.07,0.61
SEC0001446,Money Market,USD,5605.39,116811205.25,9.49
SEC0001447,Money Market,INR,6472.22,119749559.36,0.82
SEC0001448,Government Bond,INR,5977.92,316099894.42,12.41
SEC0001449,Government Bond,GBP,3413.71,58328243.33,0.79
SEC0001450,Corporate Bond,INR,2151.61,51125183.97,12.43
SEC0001451,Money Market,GBP,7687.13,405243719.61,13.84
SEC0001452,Money Market,GBP,3460.76,220524833.79,13.03
SEC0001453,Corporate Bond,INR,4055.7,348041468.46,4.81
SEC0001454,Government Bond,GBP,8883.72,135658619.38,13.36
SEC0001455,Corporate Bond,INR,5532.66,487769352.17,1.03
SEC0001456,Money Market,USD,4284.09,497612548.61,3.41
SEC0001457,ETF,GBP,9473.45,495496490.44,8.96
SEC0001458,ETF,EUR,6465.75,274987352.1,4.21
SEC0001459,Corporate Bond,GBP,8477.02,121475438.49,1.68
SEC0001460,Corporate Bond,GBP,8236.26,71339383.0,5.71
SEC0001461,Government Bond,EUR,2592.15,482112791.34,2.77
SEC0001462,Corporate Bond,EUR,4411.77,299814138.88,1.99
SEC0001463,Money Market,EUR,7366.45,409101916.81,1.75
SEC0001464,Money Market,USD,1673.31,26416411.3,10.01
SEC0001465,Equity,EUR,8052.88,159901982.12,8.41
SEC0001466,Government Bond,GBP,1035.38,129353060.47,6.2
SEC0001467,Government Bond,USD,4267.42,126925821.52,12.38
SEC0001468,Money Market,EUR,3862.01,1480671.14,11.97
SEC0001469,Corporate Bond,USD,6619.52,833727.62,2.64
SEC0001470,Government Bond,USD,207.91,90253422.82,0.9
SEC0001471,Corporate Bond,GBP,3341.87,214626731.42,6.06
SEC0001472,Government Bond,USD,6712.05,482739257.95,12.77
SEC0001473,Money Market,USD,8706.83,421374121.79,0.04
SEC0001474,ETF,EUR,1709.78,461183383.52,2.43
SEC0001475,Government Bond,EUR,2709.71,281948425.47,0.63
SEC0001476,ETF,GBP,1669.29,283626123.62,10.22
SEC0001477,Money Market,EUR,5768.55,101790116.28,1.59
SEC0001478,ETF,EUR,2094.59,407944634.57,9.92
SEC0001479,Equity,GBP,5775.81,208665420.27,8.98
SEC0001480,Government Bond,INR,9058.37,78424256.27,14.23
SEC0001481,Government Bond,EUR,3477.85,99392176.09,11.96
SEC0001482,Equity,EUR,6869.16,461555815.72,10.79
SEC0001483,ETF,EUR,1978.5,409600006.42,2.87
SEC0001484,Equity,GBP,1777.62,52780597.53,9.37
SEC0001485,Equity,INR,3717.4,302019154.98,13.92
SEC0001486,ETF,INR,925.69,205561677.07,5.23
SEC0001487,Equity,GBP,1031.6,47314688.48,1.04
SEC0001488,Corporate Bond,INR,441.29,8130924.23,7.62
SEC0001489,Equity,INR,3550.0,281270670.79,11.85
SEC0001490,Equity,USD,4240.68,404300081.05,5.86
SEC0001491,ETF,GBP,9504.65,325640020.58,6.36
SEC0001492,ETF,INR,1645.72,331293271.82,5.93
SEC0001493,Corporate Bond,INR,9660.32,77991299.4,0.76
SEC0001494,Government Bond,INR,2872.14,72770344.09,11.95
SEC0001495,Corporate Bond,GBP,2373.03,479217830.98,4.06
SEC0001496,Money Market,USD,2804.95,21771216.72,3.48
SEC0001497,Government Bond,INR,4557.46,233891289.83,14.24
SEC0001498,Government Bond,USD,9865.68,154635765.08,10.19
SEC0001499,Equity,USD,8338.02,283763858.85,1.79
SEC0001500,ETF,GBP,6919.45,191949676.58,3.13
SEC0001501,ETF,USD,8680.5,144162699.26,5.39
SEC0001502,Government Bond,EUR,6012.47,133352691.57,14.61
SEC0001503,Money Market,INR,7295.45,271230745.84,7.62
SEC0001504,Government Bond,EUR,8509.21,151096608.76,8.53
SEC0001505,Money Market,INR,8575.8,128726879.03,2.86
SEC0001506,Money Market,USD,6531.09,447479314.54,5.02
SEC0001507,Equity,EUR,1650.39,456578635.96,12.97
SEC0001508,Corporate Bond,GBP,6439.31,434362539.6,14.23
SEC0001509,ETF,INR,3527.75,217466249.13,8.68
SEC0001510,ETF,INR,7422.7,319009432.72,12.75
SEC0001511,Money Market,EUR,3974.55,217729885.36,3.81
SEC0001512,Equity,USD,5748.03,148656180.55,12.71
SEC0001513,Government Bond,INR,5565.54,235676647.66,9.79
SEC0001514,Equity,USD,3510.75,53856088.42,1.6
SEC0001515,ETF,EUR,3130.13,441927137.03,4.03
SEC0001516,Government Bond,GBP,6122.75,143619881.26,2.76
SEC0001517,Government Bond,GBP,6018.58,373195235.93,13.98
SEC0001518,Equity,EUR,2130.65,156716588.34,5.19
SEC0001519,Money Market,USD,8247.0,107619310.35,10.74
SEC0001520,Government Bond,EUR,8386.99,428283942.24,4.42
SEC0001521,Money Market,GBP,8331.16,348267350.21,8.76
SEC0001522,Equity,EUR,9886.35,20558359.4,2.87
SEC0001523,Corporate Bond,GBP,9321.2,330730155.21,12.9
SEC0001524,Government Bond,EUR,5399.22,237746928.87,11.54
SEC0001525,ETF,EUR,7080.45,449458689.91,9.38
SEC0001526,ETF,USD,7247.95,409771724.96,13.56
SEC0001527,Government Bond,USD,2656.62,321778758.34,1.04
SEC0001528,Corporate Bond,INR,3271.15,454140222.84,6.92
SEC0001529,Money Market,USD,8765.15,116189476.55,3.78
SEC0001530,Government Bond,EUR,2690.46,425375102.45,8.28
SEC0001531,Government Bond,USD,7081.82,296906547.33,12.2
SEC0001532,Corporate Bond,EUR,148.92,13440245.73,1.47
SEC0001533,Government Bond,USD,5425.45,393393291.88,7.4
SEC0001534,Corporate Bond,INR,5734.22,65793334.15,14.75
SEC0001535,Money Market,EUR,6703.35,469016012.88,13.41
SEC0001536,Equity,EUR,1279.87,290413456.54,13.01
SEC0001537,Corporate Bond,INR,8265.8,337605103.38,0.1
SEC0001538,Government Bond,GBP,4462.44,140429385.42,7.33
SEC0001539,Equity,GBP,2550.39,471020554.32,1.9
SEC0001540,ETF,INR,917.06,160356658.0,7.08
SEC0001541,Government Bond,EUR,2787.87,409636988.77,13.11
SEC0001542,Money Market,USD,6454.27,383259210.91,8.93
SEC0001543,ETF,INR,351.77,168975832.74,9.69
SEC0001544,Equity,INR,1750.72,375758730.79,11.68
SEC0001545,Equity,GBP,6947.41,431088331.0,0.14
SEC0001546,Government Bond,EUR,4789.76,311612678.75,6.5
SEC0001547,Equity,USD,3430.77,318394567.45,0.05
SEC0001548,Money Market,GBP,8218.57,251364668.25,5.26
SEC0001549,ETF,EUR,4607.82,22488298.7,1.63
SEC0001550,Money Market,USD,2827.82,213644456.38,0.35
SEC0001551,Money Market,EUR,5594.86,181158248.11,6.64
SEC0001552,Corporate Bond,EUR,5862.53,251124858.0,1.53
SEC0001553,Equity,USD,8562.86,15034234.23,9.1
SEC0001554,Government Bond,EUR,3031.59,23370771.31,14.72
SEC0001555,Corporate Bond,USD,9609.36,419164855.39,8.56
SEC0001556,ETF,INR,9091.53,135454054.25,9.54
SEC0001557,Equity,USD,7138.13,318389063.13,7.57
SEC0001558,Money Market,USD,2778.47,294772453.02,14.48
SEC0001559,Corporate Bond,INR,8168.35,211221024.12,10.99
SEC0001560,Government Bond,USD,5118.49,150765216.89,5.34
SEC0001561,Corporate Bond,USD,2829.3,227281239.85,11.08
SEC0001562,Corporate Bond,EUR,8232.39,158652849.96,1.16
SEC0001563,Government Bond,GBP,4719.94,308984101.94,12.88
SEC0001564,Government Bond,INR,9881.84,99818838.55,14.25
SEC0001565,Equity,USD,9722.62,367468190.53,14.52
SEC0001566,Corporate Bond,GBP,9919.32,421408202.55,7.28
SEC0001567,Corporate Bond,USD,9014.85,99915055.66,1.24
SEC0001568,ETF,INR,3389.25,44704284.8,1.56
SEC0001569,Government Bond,INR,2227.37,402731801.42,2.56
SEC0001570,Equity,EUR,1987.49,18027856.0,7.26
SEC0001571,Money Market,INR,1559.2,245346509.72,10.5
SEC0001572,Government Bond,INR,501.94,399076642.68,11.5
SEC0001573,Government Bond,INR,7393.17,244189635.4,3.08
SEC0001574,Corporate Bond,EUR,5647.76,162201078.19,13.98
SEC0001575,Corporate Bond,GBP,1348.3,283977552.35,7.14
SEC0001576,Money Market,GBP,7913.78,243190707.43,10.89
SEC0001577,Money Market,EUR,1572.42,482418740.36,7.17
SEC0001578,Equity,EUR,7118.39,12447289.93,3.65
SEC0001579,Government Bond,USD,792.13,64826267.24,6.83
SEC0001580,Money Market,INR,8599.61,497951481.75,8.45
SEC0001581,Money Market,EUR,7516.26,338266566.53,6.54
SEC0001582,ETF,INR,7330.09,282170012.77,12.75
SEC0001583,Equity,GBP,2941.66,241140670.9,7.48
SEC0001584,Corporate Bond,GBP,344.0,224259326.63,14.82
SEC0001585,Corporate Bond,INR,4965.51,173049070.06,12.39
SEC0001586,Government Bond,GBP,5342.11,189541243.47,7.69
SEC0001587,Corporate Bond,EUR,9734.31,373305099.55,2.38
SEC0001588,Government Bond,GBP,5547.15,226902381.23,5.22
SEC0001589,Corporate Bond,INR,2101.16,127711348.15,14.91
SEC0001590,Corporate Bond,INR,8102.3,201285717.42,13.17
SEC0001591,Equity,INR,1034.38,175563959.55,2.9
SEC0001592,Equity,USD,3683.84,480437825.63,6.16
SEC0001593,ETF,EUR,8304.94,272650611.44,13.91
SEC0001594,Equity,INR,3627.09,129804755.46,11.21
SEC0001595,ETF,GBP,7102.43,113602535.52,12.94
SEC0001596,Money Market,GBP,9129.86,358677251.0,4.53
SEC0001597,Equity,EUR,5178.66,117484666.73,8.5
SEC0001598,ETF,USD,6482.64,210186149.25,13.4
SEC0001599,Money Market,EUR,8555.73,362716005.96,5.08
SEC0001600,Corporate Bond,INR,9487.42,401524384.38,13.74
SEC0001601,Money Market,USD,2577.12,38492365.43,14.84
SEC0001602,ETF,INR,4658.01,484335289.73,9.22
SEC0001603,Equity,GBP,4405.48,468941217.53,5.69
SEC0001604,Corporate Bond,INR,6235.92,36826538.7,14.13
SEC0001605,ETF,GBP,5364.99,230981315.08,1.81
SEC0001606,Equity,INR,6471.07,247572727.99,10.86
SEC0001607,ETF,USD,239.33,115678001.22,10.14
SEC0001608,Money Market,EUR,8919.67,240315502.12,1.07
SEC0001609,Government Bond,INR,4897.43,321787281.79,5.19
SEC0001610,Corporate Bond,USD,4128.26,74745176.65,1.7
SEC0001611,Corporate Bond,GBP,3856.41,197708571.28,4.71
SEC0001612,Equity,INR,793.93,361821006.11,9.96
SEC0001613,Money Market,USD,8318.21,88229558.15,12.56
SEC0001614,Money Market,GBP,748.78,72124305.89,2.28
SEC0001615,Corporate Bond,EUR,3242.24,454695730.5,0.95
SEC0001616,Money Market,USD,4906.99,357025511.95,8.88
SEC0001617,Money Market,INR,8219.88,21958879.56,8.48
SEC0001618,Government Bond,GBP,8567.15,164156318.24,14.88
SEC0001619,Money Market,USD,5897.33,435499237.21,11.8
SEC0001620,Corporate Bond,EUR,892.31,229087763.6,11.45
SEC0001621,Government Bond,INR,1629.79,426317609.47,12.72
SEC0001622,Equity,GBP,3112.28,379774195.29,9.74
SEC0001623,Corporate Bond,EUR,7751.0,340419159.96,8.26
SEC0001624,Equity,INR,3171.16,110152210.02,6.93
SEC0001625,Money Market,EUR,3494.49,430638692.66,2.02
SEC0001626,ETF,INR,7884.8,405288728.29,8.23
SEC0001627,Money Market,EUR,4151.99,239912181.63,13.67
SEC0001628,Money Market,USD,7332.3,128398956.08,6.95
SEC0001629,ETF,INR,8470.31,434630391.05,12.55
SEC0001630,Equity,EUR,7722.92,281616196.0,8.26
SEC0001631,Equity,GBP,333.89,491021843.67,8.48
SEC0001632,Government Bond,GBP,5986.55,50815789.04,3.97
SEC0001633,ETF,INR,1030.36,269595140.73,7.96
SEC0001634,Government Bond,INR,6938.15,353270559.56,0.7
SEC0001635,Corporate Bond,USD,3364.63,448682804.37,5.54
SEC0001636,Equity,USD,2007.62,317232685.46,8.82
SEC0001637,Equity,INR,9196.22,340337611.64,10.66
SEC0001638,Corporate Bond,INR,4498.92,348412731.85,13.19
SEC0001639,Money Market,EUR,1122.33,477801802.59,13.3
SEC0001640,Money Market,EUR,7882.94,346045919.01,11.88
SEC0001641,ETF,INR,6426.62,165073862.52,10.75
SEC0001642,Government Bond,INR,1018.33,243428013.26,3.44
SEC0001643,Money Market,GBP,24.85,258841191.87,14.89
SEC0001644,Corporate Bond,EUR,5111.88,409527915.37,4.09
SEC0001645,Corporate Bond,INR,9301.17,120532540.38,1.73
SEC0001646,Corporate Bond,GBP,8058.01,328160813.33,4.66
SEC0001647,Money Market,INR,6578.38,13744670.61,1.29
SEC0001648,Money Market,GBP,4559.59,269241750.54,4.56
SEC0001649,Equity,INR,2503.14,106314164.43,2.76
SEC0001650,Corporate Bond,USD,2118.23,452868269.41,10.89
SEC0001651,Corporate Bond,INR,7223.88,146497992.2,13.08
SEC0001652,Government Bond,GBP,538.47,160825132.49,11.5
SEC0001653,ETF,GBP,6843.7,465460034.42,8.47
SEC0001654,Money Market,EUR,5424.35,307012270.86,4.93
SEC0001655,Government Bond,GBP,917.37,396966941.41,4.06
SEC0001656,Money Market,INR,3921.2,404674554.24,11.22
SEC0001657,Money Market,USD,7136.58,260036909.97,10.37
SEC0001658,ETF,INR,6508.19,124664244.38,8.33
SEC0001659,Corporate Bond,USD,9013.32,473076830.29,0.23
SEC0001660,ETF,EUR,2545.8,377357374.14,11.02
SEC0001661,Equity,INR,566.84,349604223.51,13.66
SEC0001662,Money Market,GBP,2075.64,426197482.87,11.78
SEC0001663,Government Bond,EUR,4500.25,279283759.44,4.62
SEC0001664,Government Bond,USD,1893.13,126805948.67,14.31
SEC0001665,Corporate Bond,GBP,5965.29,494524786.83,0.01
SEC0001666,ETF,GBP,8642.32,352544146.81,9.7
SEC0001667,Government Bond,GBP,209.06,337569179.76,0.66
SEC0001668,Equity,USD,5490.58,302871394.56,12.13
SEC0001669,Money Market,GBP,5078.21,152171093.56,9.8
SEC0001670,Corporate Bond,GBP,3944.92,184670161.69,12.03
SEC0001671,Government Bond,GBP,8727.1,46128084.5,4.0
SEC0001672,Money Market,GBP,6968.73,31207084.43,12.16
SEC0001673,Money Market,EUR,4254.15,471300217.06,9.82
SEC0001674,Equity,USD,9645.53,463653729.39,4.57
SEC0001675,ETF,GBP,2721.38,395652924.41,4.29
SEC0001676,Money Market,EUR,1061.12,356337474.06,6.02
SEC0001677,Government Bond,GBP,5642.96,324995112.97,8.32
SEC0001678,Government Bond,GBP,4248.09,371314498.43,9.33
SEC0001679,Government Bond,INR,4035.49,420170697.63,0.3
SEC0001680,Government Bond,INR,4515.52,43138576.32,13.9
SEC0001681,Corporate Bond,EUR,3851.32,68524400.71,4.19
SEC0001682,Government Bond,USD,3091.13,232073978.69,3.67
SEC0001683,Equity,USD,255.91,314658351.34,11.6
SEC0001684,Corporate Bond,USD,9379.67,251136506.57,2.42
SEC0001685,Equity,INR,2939.77,312169006.74,9.64
SEC0001686,Corporate Bond,EUR,8954.41,393721869.85,2.23
SEC0001687,Corporate Bond,INR,6414.93,435206199.71,12.0
SEC0001688,Government Bond,GBP,7013.5,194463626.67,2.2
SEC0001689,Money Market,EUR,9870.1,249188777.08,13.99
SEC0001690,ETF,INR,6708.14,482439786.64,8.99
SEC0001691,Government Bond,EUR,2872.0,17597210.72,1.95
SEC0001692,Equity,INR,4641.52,498614078.23,1.58
SEC0001693,ETF,GBP,5302.04,247496016.1,11.65
SEC0001694,ETF,USD,7064.78,65735751.21,3.55
SEC0001695,ETF,EUR,3316.48,83097848.52,2.76
SEC0001696,Corporate Bond,USD,4003.01,175987458.09,1.39
SEC0001697,Money Market,USD,6239.0,50971162.89,6.35
SEC0001698,Corporate Bond,USD,5819.94,199500484.02,7.68
SEC0001699,Money Market,GBP,3039.04,333090632.9,12.66
SEC0001700,Government Bond,EUR,9107.18,481943981.36,1.03
SEC0001701,Money Market,INR,5083.48,69294939.01,12.26
SEC0001702,Government Bond,EUR,9001.06,92934165.58,2.51
SEC0001703,ETF,EUR,1545.95,353899356.69,8.9
SEC0001704,Money Market,GBP,5991.82,451367527.55,11.87
SEC0001705,Money Market,EUR,9225.15,217311063.21,14.46
SEC0001706,ETF,GBP,2809.1,198906603.38,6.05
SEC0001707,Government Bond,INR,3827.37,403720841.26,14.82
SEC0001708,ETF,INR,6662.01,376330055.29,13.8
SEC0001709,Corporate Bond,EUR,4413.57,271853818.54,10.52
SEC0001710,Corporate Bond,INR,4919.55,464800784.55,2.92
SEC0001711,ETF,INR,2182.48,149431958.89,6.98
SEC0001712,Money Market,GBP,2835.62,11228108.62,12.21
SEC0001713,ETF,INR,1217.55,484747636.4,5.46
SEC0001714,Money Market,GBP,3236.88,168447375.45,4.16
SEC0001715,Corporate Bond,GBP,1217.14,182353063.53,3.24
SEC0001716,ETF,USD,226.79,65988336.38,10.94
SEC0001717,ETF,EUR,3174.77,397292156.31,9.24
SEC0001718,Corporate Bond,EUR,4875.84,367412555.16,6.36
SEC0001719,Corporate Bond,INR,7534.95,386509643.36,6.43
SEC0001720,Equity,USD,4055.26,438528651.41,8.81
SEC0001721,Equity,GBP,6464.21,49974874.64,13.62
SEC0001722,Money Market,USD,7910.0,408944040.03,14.5
SEC0001723,Equity,EUR,6284.65,343363029.79,1.51
SEC0001724,ETF,EUR,9651.8,323574169.65,14.01
SEC0001725,Corporate Bond,EUR,2682.87,359221424.93,11.62
SEC0001726,Money Market,EUR,4523.57,52942043.98,8.37
SEC0001727,ETF,USD,2104.39,329394488.23,4.85
SEC0001728,Corporate Bond,EUR,9820.64,159782922.73,4.17
SEC0001729,Equity,GBP,9506.09,432424966.37,2.49
SEC0001730,Money Market,USD,6055.85,471936710.78,5.88
SEC0001731,Money Market,INR,8582.6,370790372.29,14.19
SEC0001732,Money Market,USD,2149.57,467085604.2,1.32
SEC0001733,ETF,EUR,8927.19,436377102.73,9.94
SEC0001734,ETF,EUR,146.25,115205514.19,7.39
SEC0001735,Government Bond,INR,8624.67,237580123.46,2.72
SEC0001736,Government Bond,INR,18.85,167154058.56,4.79
SEC0001737,Government Bond,INR,3680.0,171076516.13,11.91
SEC0001738,Equity,INR,5974.52,180997541.02,10.09
SEC0001739,Corporate Bond,EUR,4480.14,380014627.57,6.74
SEC0001740,Equity,USD,9980.87,131250895.17,14.24
SEC0001741,Corporate Bond,USD,5051.84,17390207.83,4.8
SEC0001742,ETF,GBP,2609.26,393222322.14,2.24
SEC0001743,Corporate Bond,INR,8517.26,270686836.77,11.26
SEC0001744,Corporate Bond,GBP,8124.42,125187108.28,12.32
SEC0001745,ETF,USD,1926.34,256203907.56,2.62
SEC0001746,Money Market,USD,1436.46,185267925.75,1.9
SEC0001747,ETF,INR,5205.39,397069163.67,5.01
SEC0001748,Corporate Bond,GBP,6033.53,203734758.72,2.86
SEC0001749,Government Bond,USD,6661.17,232098474.2,1.89
SEC0001750,Equity,EUR,1405.13,1725423.51,5.31
SEC0001751,Money Market,GBP,9873.04,361470222.49,10.41
SEC0001752,Money Market,INR,6857.99,23626342.18,7.1
SEC0001753,Corporate Bond,GBP,2870.18,144597851.63,2.8
SEC0001754,Government Bond,INR,3742.64,480288772.35,5.59
SEC0001755,ETF,EUR,4632.14,275500681.61,3.53
SEC0001756,Corporate Bond,GBP,7092.5,140277086.14,4.91
SEC0001757,Corporate Bond,INR,6519.51,22971278.45,13.9
SEC0001758,Corporate Bond,EUR,4768.77,195976627.61,0.04
SEC0001759,Equity,EUR,183.42,44846369.01,12.12
SEC0001760,Government Bond,USD,3939.07,74443115.35,2.22
SEC0001761,Money Market,GBP,4592.48,253466611.05,9.79
SEC0001762,Equity,GBP,3656.64,329357779.93,2.95
SEC0001763,Money Market,GBP,9814.86,169877793.63,4.81
SEC0001764,Corporate Bond,GBP,4179.28,213407488.42,5.11
SEC0001765,Corporate Bond,INR,3788.92,35991541.15,4.0
SEC0001766,ETF,USD,688.74,207715582.42,8.63
SEC0001767,Money Market,GBP,1421.86,83924011.27,2.97
SEC0001768,Corporate Bond,EUR,629.43,32297402.7,10.38
SEC0001769,ETF,USD,5656.76,240226102.53,7.28
SEC0001770,Money Market,GBP,6516.09,366060574.95,7.01
SEC0001771,Corporate Bond,GBP,271.33,389894288.43,1.22
SEC0001772,Money Market,GBP,2499.0,203539015.44,4.16
SEC0001773,Equity,USD,4420.11,242186302.88,7.53
SEC0001774,Government Bond,INR,7071.44,98630900.06,3.61
SEC0001775,Money Market,USD,8596.41,408855514.49,6.42
SEC0001776,ETF,GBP,6257.53,438034593.63,2.65
SEC0001777,Government Bond,GBP,8312.53,125017788.53,0.87
SEC0001778,Money Market,USD,4590.09,31389289.23,6.81
SEC0001779,Government Bond,INR,2935.03,276278000.5,0.18
SEC0001780,Equity,EUR,7816.13,348937988.48,1.46
SEC0001781,Equity,INR,4670.44,412663195.65,12.11
SEC0001782,Equity,USD,4392.68,14264768.94,11.05
SEC0001783,Corporate Bond,USD,2474.87,214739902.16,7.42
SEC0001784,Corporate Bond,USD,1539.16,126867089.42,12.33
SEC0001785,Equity,GBP,9920.99,207817253.1,4.13
SEC0001786,ETF,USD,2648.19,232270933.03,5.68
SEC0001787,ETF,USD,4535.63,468927717.43,12.76
SEC0001788,Corporate Bond,USD,9836.37,265251213.45,4.37
SEC0001789,Government Bond,INR,5526.13,64528470.9,9.24
SEC0001790,Equity,INR,1603.44,112004528.45,11.86
SEC0001791,Government Bond,EUR,2192.53,252341322.9,11.01
SEC0001792,ETF,EUR,1274.8,100306170.74,9.44
SEC0001793,Government Bond,USD,1182.0,450475636.71,1.93
SEC0001794,Equity,USD,8410.07,371212102.16,12.35
SEC0001795,ETF,USD,8034.22,297003667.63,5.29
SEC0001796,ETF,GBP,747.74,71666030.44,6.51
SEC0001797,Corporate Bond,INR,3484.35,191943438.16,6.14
SEC0001798,Government Bond,INR,3446.94,157324435.02,2.05
SEC0001799,Corporate Bond,GBP,2263.85,41102126.52,0.73
SEC0001800,Government Bond,EUR,590.59,442868127.07,4.19
SEC0001801,Government Bond,INR,8273.32,310881596.03,6.38
SEC0001802,ETF,INR,8167.28,284524072.62,6.02
SEC0001803,ETF,EUR,199.32,343371087.12,14.72
SEC0001804,Money Market,INR,3077.54,469642709.23,8.11
SEC0001805,ETF,GBP,4156.46,497950195.99,4.99
SEC0001806,ETF,EUR,2567.22,399518495.4,2.03
SEC0001807,Government Bond,EUR,5530.2,170138551.85,4.32
SEC0001808,Government Bond,EUR,6814.8,123509862.37,10.14
SEC0001809,Money Market,INR,3160.85,101151008.37,8.18
SEC0001810,Corporate Bond,GBP,7585.81,104833099.72,5.9
SEC0001811,ETF,USD,3511.82,211203321.34,6.52
SEC0001812,Government Bond,USD,8831.11,31158639.05,3.27
SEC0001813,Corporate Bond,EUR,5916.9,153990477.09,6.19
SEC0001814,Corporate Bond,EUR,9053.75,168698892.76,4.72
SEC0001815,Corporate Bond,INR,2034.12,12320046.92,11.54
SEC0001816,ETF,EUR,1950.03,360582131.19,11.85
SEC0001817,Corporate Bond,USD,2905.68,323615668.12,13.49
SEC0001818,ETF,GBP,6672.17,190915161.14,13.82
SEC0001819,Corporate Bond,GBP,3598.98,450409831.82,11.7
SEC0001820,Government Bond,USD,5302.4,65960713.39,9.21
SEC0001821,Equity,GBP,4350.27,23173740.37,1.54
SEC0001822,ETF,INR,8754.56,281720920.58,10.54
SEC0001823,ETF,USD,8717.71,96372805.17,3.4
SEC0001824,Money Market,EUR,9672.51,314827431.78,14.12
SEC0001825,Corporate Bond,USD,318.23,464995760.82,6.93
SEC0001826,Equity,INR,802.49,203273395.55,0.63
SEC0001827,Government Bond,EUR,7100.04,103509135.97,7.25
SEC0001828,ETF,INR,1220.95,229700880.85,3.41
SEC0001829,Corporate Bond,GBP,1630.74,474984417.77,2.73
SEC0001830,ETF,GBP,4784.01,280989461.17,14.46
SEC0001831,Government Bond,INR,8450.62,231181719.03,3.63
SEC0001832,Money Market,EUR,1575.25,317545253.34,6.01
SEC0001833,Corporate Bond,EUR,4870.2,335143542.83,8.23
SEC0001834,ETF,INR,2870.63,446605057.47,13.37
SEC0001835,Corporate Bond,INR,8421.3,270695575.1,7.17
SEC0001836,Government Bond,INR,8099.33,76445276.15,7.7
SEC0001837,Equity,INR,2551.49,492235171.77,4.91
SEC0001838,Corporate Bond,INR,8849.45,113562879.16,10.8
SEC0001839,Government Bond,GBP,6464.17,145061075.84,13.91
SEC0001840,Government Bond,GBP,969.91,219892067.38,7.49
SEC0001841,Money Market,USD,6306.03,65477353.19,0.74
SEC0001842,Corporate Bond,EUR,7460.85,156053232.52,7.13
SEC0001843,Money Market,EUR,30.99,316566153.75,4.92
SEC0001844,Corporate Bond,EUR,2176.07,408048007.21,0.88
SEC0001845,ETF,EUR,6132.31,347644218.59,9.51
SEC0001846,Equity,INR,3426.33,431034822.78,6.45
SEC0001847,Equity,EUR,4399.26,167885518.96,1.66
SEC0001848,Corporate Bond,INR,9071.25,470098225.04,3.37
SEC0001849,Corporate Bond,INR,4595.8,85049402.74,13.88
SEC0001850,Government Bond,EUR,4230.96,452060677.55,12.84
SEC0001851,ETF,GBP,7904.3,14270339.0,14.32
SEC0001852,Corporate Bond,USD,1372.83,166051172.82,1.06
SEC0001853,Money Market,INR,1013.01,27689568.16,4.45
SEC0001854,Equity,EUR,5936.02,274701409.83,5.66
SEC0001855,Equity,EUR,1451.87,477534082.6,10.3
SEC0001856,Money Market,INR,1084.88,380295190.26,8.97
SEC0001857,Corporate Bond,USD,702.08,212421679.92,2.43
SEC0001858,Equity,EUR,2608.32,110539581.12,6.33
SEC0001859,ETF,INR,2200.02,134235513.32,11.88
SEC0001860,Government Bond,USD,803.86,119182759.41,6.91
SEC0001861,Money Market,EUR,6546.46,36089178.56,12.88
SEC0001862,Equity,EUR,4391.29,5105184.75,10.29
SEC0001863,Government Bond,EUR,6172.83,296898165.66,10.65
SEC0001864,Government Bond,USD,1824.83,487017075.21,11.39
SEC0001865,Money Market,INR,7072.91,438914370.29,11.25
SEC0001866,Money Market,EUR,406.52,114696993.65,14.08
SEC0001867,Government Bond,INR,1803.33,75106228.24,12.65
SEC0001868,ETF,INR,1310.24,381026944.66,11.31
SEC0001869,Equity,GBP,681.62,162387444.79,7.03
SEC0001870,Government Bond,GBP,1124.28,490496743.13,11.34
SEC0001871,Money Market,GBP,4422.23,330124941.21,3.29
SEC0001872,ETF,INR,8051.85,288312275.87,0.06
SEC0001873,Corporate Bond,GBP,7383.83,446256768.15,9.13
SEC0001874,Government Bond,INR,5183.57,121196066.04,2.07
SEC0001875,Government Bond,USD,2508.66,472187266.53,8.93
SEC0001876,Money Market,GBP,7611.5,5411011.05,1.14
SEC0001877,Equity,GBP,8637.55,74015192.19,10.16
SEC0001878,Corporate Bond,GBP,6722.33,76143731.85,1.28
SEC0001879,ETF,GBP,4781.28,257318738.0,3.39
SEC0001880,Corporate Bond,USD,7816.69,193555363.39,3.4
SEC0001881,Government Bond,USD,1171.26,307159235.67,6.63
SEC0001882,Government Bond,INR,9008.57,395116776.14,4.42
SEC0001883,Government Bond,EUR,3851.73,348580195.65,11.4
SEC0001884,Government Bond,INR,2339.21,616081.44,11.87
SEC0001885,Money Market,INR,5091.28,56436462.53,3.97
SEC0001886,Government Bond,GBP,8579.75,304037260.71,5.17
SEC0001887,Equity,GBP,7293.28,430876792.09,11.25
SEC0001888,Equity,INR,1438.32,86036594.38,8.07
SEC0001889,Government Bond,GBP,6115.3,482672024.09,5.73
SEC0001890,Equity,EUR,9808.26,455501513.68,3.36
SEC0001891,Corporate Bond,GBP,3790.98,354313464.25,6.81
SEC0001892,Equity,USD,4334.56,108709264.09,9.72
SEC0001893,Equity,EUR,2545.53,101517203.36,5.59
SEC0001894,Money Market,USD,3330.75,191087774.77,14.81
SEC0001895,Government Bond,INR,4296.07,391618967.78,5.5
SEC0001896,Money Market,USD,5712.24,458937129.53,6.69
SEC0001897,ETF,USD,544.84,332243366.34,5.36
SEC0001898,Equity,USD,4342.83,245580089.15,2.19
SEC0001899,Corporate Bond,USD,9412.96,183316076.35,9.02
SEC0001900,Corporate Bond,USD,7513.05,267851798.77,13.52
SEC0001901,Corporate Bond,USD,8163.11,154836076.0,14.13
SEC0001902,Corporate Bond,INR,7928.41,206549230.6,8.12
SEC0001903,Money Market,INR,4431.36,132463192.71,3.93
SEC0001904,Money Market,EUR,821.77,265168809.41,12.78
SEC0001905,Government Bond,EUR,3327.21,78693708.97,2.93
SEC0001906,Government Bond,USD,9404.85,320725878.49,0.43
SEC0001907,Equity,USD,9872.9,360647960.78,2.25
SEC0001908,Equity,USD,3473.7,194583723.85,0.82
SEC0001909,Equity,USD,9322.1,370132329.43,0.43
SEC0001910,Money Market,EUR,4792.72,409356185.26,5.92
SEC0001911,Equity,INR,4296.67,4793468.96,11.96
SEC0001912,Equity,USD,2046.68,474484419.39,0.58
SEC0001913,ETF,EUR,3240.48,107230826.83,6.53
SEC0001914,Corporate Bond,EUR,9192.74,198125167.52,10.33
SEC0001915,Government Bond,GBP,5964.23,102187211.35,5.71
SEC0001916,Corporate Bond,GBP,5832.54,383099976.22,8.26
SEC0001917,Equity,INR,890.2,421763933.04,1.49
SEC0001918,Government Bond,INR,4260.59,127473382.9,12.65
SEC0001919,Government Bond,GBP,110.44,373629873.52,0.24
SEC0001920,Equity,EUR,6280.37,129915190.06,9.05
SEC0001921,Corporate Bond,USD,8339.24,311728886.35,10.15
SEC0001922,Government Bond,USD,1283.09,147520182.55,7.07
SEC0001923,Government Bond,GBP,1357.3,71710112.55,6.54
SEC0001924,Corporate Bond,EUR,484.62,401902917.53,8.72
SEC0001925,Government Bond,INR,3214.29,349285301.55,3.85
SEC0001926,Government Bond,USD,6188.67,222170531.24,5.95
SEC0001927,Money Market,GBP,4515.46,245186831.64,8.65
SEC0001928,Corporate Bond,EUR,2174.55,221329822.13,10.96
SEC0001929,Equity,GBP,7756.91,11775824.49,5.51
SEC0001930,ETF,USD,9633.15,400532503.88,1.37
SEC0001931,Equity,GBP,2786.66,356109549.29,10.24
SEC0001932,Corporate Bond,INR,5717.53,430637417.03,7.79
SEC0001933,Money Market,USD,7437.15,422202226.8,11.74
SEC0001934,ETF,GBP,4520.62,127814.72,5.27
SEC0001935,ETF,INR,2773.84,72519653.16,1.82
SEC0001936,ETF,EUR,5780.83,209620131.38,13.69
SEC0001937,Equity,USD,2768.09,233783605.98,13.44
SEC0001938,Corporate Bond,INR,9924.04,307123152.84,12.5
SEC0001939,Money Market,USD,8459.6,396848748.63,13.65
SEC0001940,Money Market,USD,9933.88,283998962.08,5.05
SEC0001941,Government Bond,INR,357.21,43857022.14,3.49
SEC0001942,Equity,INR,5646.72,57441344.67,0.08
SEC0001943,ETF,EUR,3727.06,400564285.82,10.14
SEC0001944,ETF,EUR,4449.1,273219081.26,14.77
SEC0001945,Corporate Bond,EUR,1567.16,153549491.74,5.63
SEC0001946,Equity,EUR,6759.98,243652239.26,6.23
SEC0001947,ETF,INR,7776.71,181464729.73,10.05
SEC0001948,Corporate Bond,INR,1781.26,477461589.23,8.51
SEC0001949,ETF,GBP,744.93,32746810.45,8.02
SEC0001950,Corporate Bond,USD,5618.03,431500822.8,11.9
SEC0001951,Government Bond,EUR,1295.07,76907731.77,9.49
SEC0001952,ETF,INR,5102.87,119682879.56,12.8
SEC0001953,Money Market,USD,7734.95,337730151.26,13.09
SEC0001954,Government Bond,GBP,3437.33,497993233.35,14.66
SEC0001955,Equity,EUR,6935.62,388596464.04,5.22
SEC0001956,ETF,EUR,988.88,137657861.42,4.67
SEC0001957,Equity,USD,6539.47,338380864.68,7.87
SEC0001958,Money Market,EUR,1608.38,68957446.17,11.31
SEC0001959,Government Bond,INR,9893.3,443563282.23,3.36
SEC0001960,Money Market,USD,806.98,400362259.43,7.66
SEC0001961,Equity,USD,7652.23,151428089.5,8.36
SEC0001962,Money Market,GBP,4573.55,289426022.93,8.65
SEC0001963,Government Bond,INR,238.45,357101456.66,13.46
SEC0001964,Government Bond,GBP,6671.24,442009598.3,2.99
SEC0001965,ETF,GBP,1284.04,181006948.59,8.46
SEC0001966,Corporate Bond,INR,2090.11,395430625.29,4.71
SEC0001967,ETF,INR,1691.45,492225589.0,6.42
SEC0001968,Government Bond,GBP,7499.39,85372704.38,14.95
SEC0001969,ETF,GBP,941.48,180370272.61,7.94
SEC0001970,Money Market,EUR,6418.92,414726026.02,4.85
SEC0001971,Money Market,USD,2379.36,109548126.05,11.92
SEC0001972,Corporate Bond,GBP,1325.05,192968544.61,12.68
SEC0001973,ETF,GBP,2406.41,82430807.05,11.74
SEC0001974,ETF,GBP,2773.81,428510470.96,5.82
SEC0001975,ETF,EUR,852.3,378437863.54,2.1
SEC0001976,ETF,EUR,3089.57,271990608.43,2.25
SEC0001977,Equity,INR,6444.52,79930139.19,7.16
SEC0001978,ETF,GBP,3315.91,448190292.31,14.93
SEC0001979,Government Bond,USD,7331.33,284727108.52,6.43
SEC0001980,Corporate Bond,USD,4086.79,448269350.08,1.35
SEC0001981,Government Bond,INR,7119.06,55831265.21,12.14
SEC0001982,Corporate Bond,USD,6287.07,75262308.66,10.29
SEC0001983,ETF,INR,5575.31,431922800.43,14.19
SEC0001984,ETF,GBP,1349.26,432109580.47,14.4
SEC0001985,ETF,INR,2662.12,354803174.53,8.33
SEC0001986,Equity,GBP,7687.75,93558476.37,12.83
SEC0001987,Equity,EUR,3915.87,181287107.44,0.47
SEC0001988,Corporate Bond,INR,3991.8,305513694.33,14.05
SEC0001989,Government Bond,INR,7639.25,96176571.18,1.97
SEC0001990,ETF,EUR,3702.7,381022436.74,4.85
SEC0001991,ETF,GBP,2756.42,371486242.09,4.18
SEC0001992,Government Bond,INR,1412.63,423649539.88,0.84
SEC0001993,Government Bond,USD,8626.59,242051336.21,3.77
SEC0001994,Equity,USD,8333.8,239076244.77,4.09
SEC0001995,Equity,EUR,6352.41,306097978.2,1.8
SEC0001996,Corporate Bond,USD,6398.01,379107363.56,11.56
SEC0001997,Equity,EUR,1017.36,384995196.46,6.88
SEC0001998,Government Bond,INR,4159.91,424897592.49,0.96
SEC0001999,Equity,GBP,1964.51,17176279.09,3.38
SEC0002000,Equity,USD,448.77,329458656.82,9.82
SEC0002001,Corporate Bond,INR,2003.98,287487234.46,13.72
SEC0002002,Government Bond,GBP,613.31,56190466.44,11.56
SEC0002003,Equity,GBP,9295.52,23673613.05,8.48
SEC0002004,Equity,GBP,4233.68,410714012.42,12.92
SEC0002005,Money Market,GBP,493.81,132255830.15,10.33
SEC0002006,Government Bond,USD,2554.53,406165683.86,10.4
SEC0002007,Money Market,EUR,6971.78,469911846.34,13.73
SEC0002008,ETF,USD,3950.81,276335759.34,10.67
SEC0002009,Equity,USD,8556.64,72110508.24,10.7
SEC0002010,Corporate Bond,INR,9339.74,11405179.94,8.66
SEC0002011,Money Market,EUR,2119.24,427634495.41,12.86
SEC0002012,Equity,INR,5351.39,392799893.83,6.05
SEC0002013,Government Bond,USD,2751.43,393602922.24,6.7
SEC0002014,Corporate Bond,INR,1664.42,155233521.79,12.91
SEC0002015,ETF,USD,7424.07,35132532.72,4.67
SEC0002016,Government Bond,USD,2759.75,495163221.66,5.83
SEC0002017,Equity,INR,2357.81,212871353.61,0.47
SEC0002018,Corporate Bond,GBP,3510.28,358010634.18,13.89
SEC0002019,Equity,INR,6643.83,70403614.61,1.47
SEC0002020,Corporate Bond,GBP,4451.84,495877306.63,1.48
SEC0002021,Government Bond,EUR,3102.69,251232436.84,4.17
SEC0002022,Corporate Bond,GBP,7040.34,10404990.61,12.61
SEC0002023,Equity,INR,4994.85,348882912.43,2.7
SEC0002024,Money Market,EUR,9559.51,97936604.79,3.95
SEC0002025,Corporate Bond,INR,8366.02,247298506.94,8.49
SEC0002026,ETF,USD,2132.98,290011384.16,10.72
SEC0002027,Money Market,EUR,9334.0,208081864.2,13.55
SEC0002028,Corporate Bond,USD,4888.97,22970842.13,12.48
SEC0002029,Corporate Bond,EUR,7871.26,407460561.25,3.14
SEC0002030,Money Market,EUR,1982.65,94132771.98,10.19
SEC0002031,ETF,INR,1559.24,384534679.89,3.48
SEC0002032,Equity,INR,6827.34,231717130.49,2.41
SEC0002033,Equity,USD,257.08,379823246.53,10.9
SEC0002034,Money Market,USD,5602.6,324626678.1,4.73
SEC0002035,Equity,EUR,177.04,379449786.06,0.7
SEC0002036,Government Bond,USD,1956.68,291504537.26,1.67
SEC0002037,Government Bond,EUR,8710.61,291345980.41,10.77
SEC0002038,ETF,INR,6062.39,136545538.64,8.87
SEC0002039,Equity,USD,6776.9,36531401.68,2.11
SEC0002040,Equity,INR,2287.88,294259444.19,7.29
SEC0002041,Corporate Bond,EUR,9030.64,26239476.33,7.24
SEC0002042,Government Bond,USD,6023.62,474000028.41,9.71
SEC0002043,Corporate Bond,USD,7594.16,90154619.3,14.92
SEC0002044,Government Bond,EUR,2061.37,442852467.69,12.76
SEC0002045,Equity,INR,9292.51,189243573.67,13.66
SEC0002046,ETF,EUR,1903.48,265996295.49,4.7
SEC0002047,Government Bond,INR,482.48,378573108.23,1.67
SEC0002048,Corporate Bond,INR,2179.21,242348347.27,3.28
SEC0002049,Equity,GBP,7333.51,11022076.85,13.31
SEC0002050,ETF,EUR,2741.21,162022899.52,12.74
SEC0002051,ETF,INR,1162.13,322181793.42,12.01
SEC0002052,Government Bond,GBP,6542.2,64887943.36,4.25
SEC0002053,ETF,EUR,4339.25,192431545.67,5.86
SEC0002054,Government Bond,INR,8942.21,464779278.61,14.11
SEC0002055,Government Bond,EUR,2038.85,330394675.59,10.39
SEC0002056,ETF,USD,8658.33,376642866.94,10.51
SEC0002057,Money Market,GBP,3422.43,473032095.63,14.11
SEC0002058,Equity,INR,3548.37,499678330.81,15.0
SEC0002059,Equity,USD,1306.7,54535583.38,7.24
SEC0002060,ETF,EUR,8758.23,430966320.49,14.56
SEC0002061,Equity,GBP,9288.76,477793700.8,14.6
SEC0002062,Equity,EUR,3008.0,485179293.37,4.34
SEC0002063,ETF,EUR,5453.91,293307990.73,7.77
SEC0002064,ETF,GBP,5592.09,66007059.13,14.55
SEC0002065,ETF,GBP,5458.91,325153472.79,9.15
SEC0002066,Equity,USD,539.55,7817872.11,14.4
SEC0002067,ETF,USD,1364.55,376268565.89,11.14
SEC0002068,Corporate Bond,EUR,5398.74,15040369.73,0.2
SEC0002069,ETF,GBP,372.45,361899122.24,11.75
SEC0002070,ETF,EUR,5490.16,57041648.02,8.72
SEC0002071,Government Bond,USD,1248.34,477884595.37,0.74
SEC0002072,Corporate Bond,INR,2362.06,174675768.55,9.71
SEC0002073,Corporate Bond,INR,1861.96,227647070.39,8.37
SEC0002074,ETF,INR,9683.27,48301314.24,8.73
SEC0002075,Money Market,EUR,9444.29,292508027.33,9.44
SEC0002076,Corporate Bond,USD,8675.32,493289349.74,1.88
SEC0002077,Corporate Bond,USD,3657.15,363025514.96,13.9
SEC0002078,Corporate Bond,USD,1195.16,205234479.28,14.58
SEC0002079,Money Market,GBP,8239.67,98778942.52,5.73
SEC0002080,ETF,INR,6412.58,289946584.99,9.09
SEC0002081,Money Market,INR,9460.02,410303659.73,8.35
SEC0002082,ETF,EUR,9189.07,88679086.96,2.47
SEC0002083,ETF,GBP,4152.64,442866386.12,6.42
SEC0002084,Equity,USD,1629.24,174337820.65,1.57
SEC0002085,Money Market,USD,7943.18,58564621.95,5.18
SEC0002086,Equity,EUR,8056.96,33397834.45,7.43
SEC0002087,Corporate Bond,EUR,2459.8,383573342.0,2.38
SEC0002088,Corporate Bond,GBP,1562.31,389264585.05,10.37
SEC0002089,Equity,GBP,1548.96,468805247.28,10.7
SEC0002090,Money Market,GBP,1441.08,368042913.01,3.48
SEC0002091,Corporate Bond,GBP,2564.08,218549156.68,7.73
SEC0002092,Government Bond,GBP,8016.01,312122765.59,0.12
SEC0002093,Equity,EUR,1473.35,113220455.83,0.47
SEC0002094,Money Market,EUR,1114.39,275920681.12,10.26
SEC0002095,ETF,INR,8786.47,30090411.1,4.65
SEC0002096,Corporate Bond,INR,8608.76,426024933.41,9.56
SEC0002097,Government Bond,EUR,7157.53,371727512.4,8.71
SEC0002098,Corporate Bond,EUR,872.5,155379680.1,5.96
SEC0002099,Corporate Bond,GBP,1134.44,184693800.54,1.12
SEC0002100,Government Bond,USD,5940.8,88752814.37,6.17
SEC0002101,Corporate Bond,INR,8665.06,333733754.94,10.42
SEC0002102,Equity,GBP,7629.71,246393131.16,13.46
SEC0002103,ETF,EUR,9017.01,421864163.16,14.27
SEC0002104,Equity,USD,2327.61,399111416.62,14.95
SEC0002105,Government Bond,USD,620.03,45580695.93,7.7
SEC0002106,Equity,USD,3785.72,38420770.21,7.31
SEC0002107,Corporate Bond,USD,7565.83,39347027.53,11.28
SEC0002108,Government Bond,GBP,4798.19,38640142.87,2.46
SEC0002109,Corporate Bond,USD,9338.97,461749780.58,8.72
SEC0002110,Money Market,USD,7958.61,168962420.56,12.57
SEC0002111,Money Market,GBP,149.18,380915435.23,2.46
SEC0002112,Corporate Bond,INR,7387.65,113614515.22,2.73
SEC0002113,Government Bond,GBP,3961.14,255778432.78,14.89
SEC0002114,Equity,GBP,3146.37,432800165.58,2.98
SEC0002115,Government Bond,INR,8603.3,180829248.21,13.44
SEC0002116,ETF,INR,9240.47,284532618.21,11.87
SEC0002117,Money Market,GBP,5856.81,478249571.28,6.2
SEC0002118,Government Bond,INR,1381.21,457597020.8,2.21
SEC0002119,Corporate Bond,EUR,9058.36,62934982.81,5.67
SEC0002120,ETF,EUR,7661.97,196995660.89,14.04
SEC0002121,Equity,USD,7625.95,352856171.88,13.2
SEC0002122,Corporate Bond,EUR,8590.79,460305167.36,5.86
SEC0002123,Money Market,EUR,7268.5,416440641.32,0.82
SEC0002124,ETF,GBP,2822.2,422446156.0,11.43
SEC0002125,Corporate Bond,GBP,9791.74,175997224.23,3.72
SEC0002126,Corporate Bond,USD,277.8,107926364.83,1.63
SEC0002127,Money Market,INR,8267.55,494423359.12,5.82
SEC0002128,ETF,INR,6509.36,109594516.48,12.87
SEC0002129,Equity,EUR,8049.03,146033810.95,11.78
SEC0002130,Equity,INR,4144.68,499236279.29,10.3
SEC0002131,Government Bond,INR,3577.54,218093401.43,4.42
SEC0002132,ETF,USD,2606.55,150265418.73,0.06
SEC0002133,Corporate Bond,GBP,1290.93,436149634.52,11.38
SEC0002134,ETF,INR,6151.84,43910385.28,1.58
SEC0002135,ETF,GBP,2184.63,245683994.48,5.99
SEC0002136,Equity,GBP,8321.76,143378407.01,9.29
SEC0002137,ETF,GBP,7911.43,247009644.51,9.8
SEC0002138,Equity,EUR,3813.86,362535341.5,2.43
SEC0002139,Government Bond,USD,6770.7,134383428.19,4.61
SEC0002140,Money Market,GBP,2213.61,209772089.72,5.6
SEC0002141,Money Market,USD,8964.16,390820701.15,12.33
SEC0002142,ETF,USD,7560.06,429075558.45,14.05
SEC0002143,Equity,GBP,2241.23,414515194.17,9.66
SEC0002144,Government Bond,INR,316.82,71063410.02,12.65
SEC0002145,Equity,USD,5418.05,467694337.46,14.35
SEC0002146,Corporate Bond,INR,3977.11,183364181.65,10.99
SEC0002147,ETF,INR,1466.22,218341021.86,8.43
SEC0002148,ETF,EUR,9888.51,126383218.84,10.54
SEC0002149,ETF,USD,5356.24,459177347.58,6.38
SEC0002150,Corporate Bond,GBP,7821.4,150023592.14,12.32
SEC0002151,Equity,USD,3380.6,481770045.34,3.42
SEC0002152,Equity,USD,2257.01,283447155.91,12.67
SEC0002153,Equity,EUR,1328.23,43043326.72,7.97
SEC0002154,ETF,EUR,9037.15,410029135.61,2.84
SEC0002155,Corporate Bond,EUR,6403.65,227141058.81,11.3
SEC0002156,Government Bond,GBP,4560.77,456738361.61,2.23
SEC0002157,Money Market,INR,2170.54,178600520.41,2.66
SEC0002158,Corporate Bond,INR,1435.67,131492740.46,4.73
SEC0002159,Government Bond,USD,4707.98,354649828.09,10.0
SEC0002160,Government Bond,INR,94.38,291655985.6,10.57
SEC0002161,Corporate Bond,INR,5936.07,401981469.15,11.34
SEC0002162,Money Market,GBP,9171.23,419583670.35,10.53
SEC0002163,Government Bond,GBP,1088.56,122216194.64,0.33
SEC0002164,Money Market,INR,809.59,486743125.27,14.72
SEC0002165,Equity,GBP,1665.19,254649381.12,2.6
SEC0002166,Corporate Bond,EUR,1877.94,40832230.26,4.89
SEC0002167,Government Bond,USD,3983.49,17051407.96,11.36
SEC0002168,Government Bond,GBP,4235.96,127355621.7,10.37
SEC0002169,Government Bond,USD,1635.13,324319336.46,10.77
SEC0002170,Money Market,EUR,4950.92,461361673.34,7.22
SEC0002171,Money Market,EUR,3713.47,449410103.53,5.99
SEC0002172,Corporate Bond,USD,9597.68,297191567.72,0.13
SEC0002173,ETF,GBP,1156.33,337708569.92,2.55
SEC0002174,Money Market,GBP,8774.59,242237051.31,8.02
SEC0002175,Corporate Bond,INR,6086.13,112959038.63,10.79
SEC0002176,Money Market,USD,6356.83,199320010.63,4.3
SEC0002177,ETF,INR,7011.26,77712225.4,6.08
SEC0002178,ETF,USD,4860.47,383946163.06,3.56
SEC0002179,Government Bond,INR,1977.82,441512239.43,8.19
SEC0002180,Money Market,INR,8191.19,157767807.0,6.53
SEC0002181,Corporate Bond,USD,5868.96,247922042.12,10.26
SEC0002182,ETF,EUR,8151.82,223621186.63,3.61
SEC0002183,Money Market,EUR,3881.93,213183077.56,7.56
SEC0002184,Money Market,EUR,3112.25,191206243.4,12.78
SEC0002185,ETF,GBP,6405.84,60183175.6,5.89
SEC0002186,ETF,GBP,465.35,162934113.05,14.82
SEC0002187,Corporate Bond,USD,9567.67,420128387.03,10.8
SEC0002188,Corporate Bond,GBP,5055.99,310291565.45,10.91
SEC0002189,ETF,USD,8658.59,297204675.9,0.14
SEC0002190,Government Bond,GBP,1632.72,436540550.05,10.22
SEC0002191,Corporate Bond,EUR,9113.24,441872336.59,6.43
SEC0002192,Corporate Bond,INR,4638.95,451537100.87,14.39
SEC0002193,ETF,INR,9634.09,103457656.36,4.58
SEC0002194,Money Market,INR,8947.46,110480251.44,1.21
SEC0002195,ETF,USD,9692.48,173954276.17,14.95
SEC0002196,Corporate Bond,USD,5777.54,109520409.97,1.9
SEC0002197,Equity,INR,8409.3,308721133.35,1.43
SEC0002198,Government Bond,EUR,1593.62,289084636.2,4.45
SEC0002199,Equity,INR,8752.83,368191994.97,3.97
SEC0002200,Equity,EUR,4596.03,116309717.36,12.63
SEC0002201,ETF,INR,4493.42,36122559.02,13.26
SEC0002202,Government Bond,GBP,9787.41,307258794.17,3.02
SEC0002203,Equity,GBP,4578.25,165728057.41,5.62
SEC0002204,Corporate Bond,GBP,7250.41,155913627.46,5.39
SEC0002205,Money Market,USD,2064.12,455244481.85,13.36
SEC0002206,Money Market,EUR,1602.43,186618346.25,14.95
SEC0002207,Corporate Bond,GBP,8376.91,344412468.47,4.32
SEC0002208,Government Bond,INR,3804.74,277306086.54,3.85
SEC0002209,Corporate Bond,INR,3034.61,349055029.97,11.74
SEC0002210,ETF,EUR,5362.43,167790562.88,8.94
SEC0002211,Equity,USD,7840.1,206577761.59,1.58
SEC0002212,Equity,GBP,1033.39,203854946.01,9.2
SEC0002213,Money Market,INR,3728.93,73198612.89,4.9
SEC0002214,Government Bond,GBP,6298.02,24589491.73,6.7
SEC0002215,Government Bond,GBP,7031.53,307888173.89,4.99
SEC0002216,Government Bond,INR,5084.54,249315177.44,5.99
SEC0002217,Government Bond,EUR,2460.41,438532933.79,13.62
SEC0002218,Government Bond,EUR,319.97,427701641.34,11.37
SEC0002219,Corporate Bond,GBP,2703.84,28587114.1,13.78
SEC0002220,ETF,EUR,6305.4,265170350.99,14.42
SEC0002221,Equity,INR,6074.23,121292923.07,1.17
SEC0002222,Equity,EUR,8453.13,335208948.42,0.68
SEC0002223,Equity,USD,5363.12,86209883.02,14.84
SEC0002224,Money Market,INR,6630.2,369514031.68,6.17
SEC0002225,ETF,EUR,4172.87,251164849.8,4.41
SEC0002226,Corporate Bond,INR,829.32,6459440.84,13.11
SEC0002227,Money Market,INR,8519.45,81631389.69,12.38
SEC0002228,Equity,INR,4897.41,250105085.8,8.36
SEC0002229,Money Market,USD,3947.13,123109579.73,7.31
SEC0002230,Corporate Bond,EUR,7667.49,305083472.12,11.76
SEC0002231,Equity,EUR,2721.96,449644643.32,4.34
SEC0002232,Corporate Bond,USD,8780.47,69633820.88,4.48
SEC0002233,Money Market,INR,5210.2,362580206.64,0.08
SEC0002234,Government Bond,USD,1586.92,181067754.04,10.94
SEC0002235,Government Bond,GBP,8181.37,240829983.44,0.33
SEC0002236,Equity,INR,1985.97,235889344.44,12.32
SEC0002237,Money Market,GBP,4554.83,266432336.95,6.79
SEC0002238,Corporate Bond,INR,3520.9,442629344.07,14.08
SEC0002239,Government Bond,EUR,2161.57,2120834.12,2.7
SEC0002240,Corporate Bond,EUR,6295.51,483934697.28,2.34
SEC0002241,Equity,USD,6140.09,47240845.06,1.83
SEC0002242,ETF,EUR,1582.19,148392316.61,2.49
SEC0002243,Equity,USD,4989.61,377211401.03,12.34
SEC0002244,Corporate Bond,USD,6304.34,387828099.08,12.73
SEC0002245,ETF,EUR,5100.96,36723715.88,7.99
SEC0002246,Corporate Bond,EUR,3297.54,57322404.79,7.71
SEC0002247,Equity,EUR,2150.68,120834204.83,7.46
SEC0002248,Money Market,INR,6207.37,352565571.81,10.28
SEC0002249,Money Market,INR,9305.03,424827531.28,6.26
SEC0002250,ETF,GBP,5800.5,416887321.48,8.41
SEC0002251,Corporate Bond,GBP,7776.47,437981430.51,8.79
SEC0002252,Government Bond,GBP,9297.68,461168313.38,7.78
SEC0002253,Money Market,GBP,9933.78,400851516.05,4.83
SEC0002254,Money Market,USD,8728.45,17030088.66,8.4
SEC0002255,Corporate Bond,INR,2322.53,485565434.57,12.05
SEC0002256,Government Bond,EUR,3760.53,365293112.68,3.22
SEC0002257,ETF,EUR,1337.44,11642055.99,1.26
SEC0002258,ETF,EUR,1067.18,76383767.02,4.66
SEC0002259,Government Bond,GBP,1825.32,390532901.48,13.81
SEC0002260,Equity,USD,8760.92,269102334.28,12.96
SEC0002261,Equity,GBP,3565.56,190918904.86,4.25
SEC0002262,Government Bond,EUR,5329.4,331352682.61,2.59
SEC0002263,Money Market,EUR,8370.23,431646334.95,7.18
SEC0002264,ETF,EUR,1162.26,167864424.38,5.55
SEC0002265,Government Bond,USD,4847.94,351322249.83,11.16
SEC0002266,Equity,INR,1155.42,235518517.28,13.22
SEC0002267,Equity,USD,9775.03,2068731.26,12.83
SEC0002268,Corporate Bond,GBP,6116.14,297689900.33,1.15
SEC0002269,Equity,EUR,6638.29,390679271.64,2.17
SEC0002270,ETF,INR,2353.72,146749867.97,0.94
SEC0002271,Government Bond,USD,7420.79,228427628.36,8.04
SEC0002272,Government Bond,GBP,4836.16,207181927.55,11.93
SEC0002273,Equity,GBP,9454.76,249275978.31,12.45
SEC0002274,Money Market,EUR,4860.78,451653912.41,2.88
SEC0002275,Money Market,INR,1196.83,451621371.25,5.86
SEC0002276,Corporate Bond,USD,5094.48,323323931.82,6.99
SEC0002277,Money Market,GBP,8953.61,274853348.29,11.98
SEC0002278,Corporate Bond,EUR,6205.99,418146480.02,0.22
SEC0002279,Corporate Bond,INR,9878.4,283943711.89,3.68
SEC0002280,Corporate Bond,GBP,4706.58,10786855.64,4.59
SEC0002281,Equity,USD,6060.44,346887181.15,5.91
SEC0002282,Government Bond,GBP,5535.91,462456483.47,11.59
SEC0002283,Money Market,INR,6568.77,351630899.73,10.0
SEC0002284,Money Market,GBP,3145.35,67464269.05,7.13
SEC0002285,ETF,GBP,8551.11,325819675.93,8.33
SEC0002286,Money Market,GBP,288.79,386729485.97,13.88
SEC0002287,Money Market,INR,5316.98,191534885.2,10.99
SEC0002288,Money Market,USD,5140.32,214233562.01,14.96
SEC0002289,ETF,USD,6863.83,355854608.76,5.94
SEC0002290,Government Bond,EUR,9868.41,110334340.94,9.89
SEC0002291,Equity,USD,6297.42,484597234.39,8.89
SEC0002292,Money Market,INR,5080.71,7911937.77,6.52
SEC0002293,Corporate Bond,USD,379.49,304527491.98,3.92
SEC0002294,Money Market,INR,2585.94,266079513.07,11.45
SEC0002295,Government Bond,GBP,9188.1,116401456.04,4.46
SEC0002296,ETF,USD,9169.9,334638779.81,9.83
SEC0002297,Money Market,GBP,5504.95,116489977.27,6.95
SEC0002298,Corporate Bond,INR,958.44,247412405.89,5.02
SEC0002299,Equity,GBP,6079.73,30513436.97,2.87
SEC0002300,Corporate Bond,INR,93.71,289468644.68,2.24
SEC0002301,Equity,INR,9052.5,151490338.66,8.62
SEC0002302,Money Market,GBP,7709.83,359394606.95,14.05
SEC0002303,Money Market,USD,1529.16,98507396.63,1.91
SEC0002304,Government Bond,EUR,2123.33,336652477.05,13.18
SEC0002305,ETF,EUR,5174.84,38457805.3,3.93
SEC0002306,Money Market,EUR,8366.62,269946578.39,6.14
SEC0002307,Equity,GBP,1044.5,76757012.54,3.14
SEC0002308,Corporate Bond,EUR,1329.06,386429309.76,3.45
SEC0002309,Corporate Bond,USD,2994.21,462553533.6,9.12
SEC0002310,ETF,INR,84.45,477513604.0,2.07
SEC0002311,Corporate Bond,GBP,6745.31,290989659.61,7.07
SEC0002312,Government Bond,EUR,6638.18,148060356.22,2.72
SEC0002313,Equity,INR,7335.96,316199007.41,12.72
SEC0002314,Equity,USD,8454.93,224722272.83,3.7
SEC0002315,Corporate Bond,GBP,450.42,230740646.9,2.57
SEC0002316,ETF,INR,1107.23,386991786.12,13.47
SEC0002317,Corporate Bond,USD,8660.8,241754778.77,6.38
SEC0002318,Government Bond,USD,5468.12,361936620.27,8.82
SEC0002319,Equity,USD,3052.99,421891487.26,7.88
SEC0002320,ETF,INR,113.83,50565072.57,11.55
SEC0002321,Government Bond,INR,8900.29,429302725.49,8.81
SEC0002322,Equity,INR,9741.13,329613921.7,4.84
SEC0002323,Corporate Bond,INR,168.64,406385476.36,5.93
SEC0002324,ETF,USD,5712.59,339552322.55,3.73
SEC0002325,Corporate Bond,EUR,5154.46,407380659.64,9.05
SEC0002326,Government Bond,INR,3606.0,498560882.03,3.51
SEC0002327,Corporate Bond,USD,7534.73,260297187.62,5.61
SEC0002328,Corporate Bond,INR,8462.72,214110399.06,10.96
SEC0002329,Equity,USD,7789.47,248127428.44,10.68
SEC0002330,ETF,USD,9638.97,22493782.62,5.94
SEC0002331,Equity,EUR,3412.9,207409164.75,2.04
SEC0002332,Corporate Bond,INR,1527.75,301566774.48,6.29
SEC0002333,ETF,EUR,2194.68,435015991.18,8.58
SEC0002334,Corporate Bond,INR,3284.23,1931567.04,12.1
SEC0002335,Equity,INR,3088.56,107589588.72,2.79
SEC0002336,Government Bond,GBP,4852.93,291660463.36,2.09
SEC0002337,Corporate Bond,INR,5190.98,207258858.89,12.95
SEC0002338,Government Bond,EUR,938.67,458272579.02,4.52
SEC0002339,Government Bond,INR,1999.34,85003819.26,8.03
SEC0002340,ETF,EUR,6510.51,113284824.2,3.86
SEC0002341,Money Market,INR,6147.03,464054483.68,12.51
SEC0002342,Money Market,EUR,9849.22,14548213.78,0.94
SEC0002343,Corporate Bond,INR,8914.58,327324135.55,12.91
SEC0002344,Equity,INR,2493.69,52184293.76,12.73
SEC0002345,Corporate Bond,USD,5350.22,163292738.54,11.71
SEC0002346,Government Bond,INR,4667.37,382301952.83,1.73
SEC0002347,Government Bond,INR,9361.54,251497340.56,7.8
SEC0002348,Government Bond,GBP,1746.44,183525809.65,2.06
SEC0002349,Equity,GBP,6086.66,151332796.34,6.22
SEC0002350,Money Market,GBP,4604.81,278086570.45,11.78
SEC0002351,Money Market,EUR,3948.72,332263078.92,9.36
SEC0002352,ETF,USD,5847.74,421290125.19,5.92
SEC0002353,Money Market,INR,7674.68,213506321.16,0.93
SEC0002354,Government Bond,INR,3563.44,201866371.92,0.0
SEC0002355,Government Bond,GBP,3675.18,305742333.3,10.95
SEC0002356,Equity,GBP,4175.59,417447420.01,13.34
SEC0002357,Corporate Bond,USD,6536.37,368248895.93,10.95
SEC0002358,Equity,GBP,4320.64,167471235.39,2.14
SEC0002359,Corporate Bond,USD,677.15,353163824.2,3.53
SEC0002360,ETF,INR,8269.09,219217990.93,0.91
SEC0002361,Equity,EUR,9687.17,327158400.9,9.11
SEC0002362,Corporate Bond,INR,7112.72,131120719.37,3.82
SEC0002363,Government Bond,USD,9697.87,347495586.51,8.92
SEC0002364,Money Market,USD,6597.92,133390699.22,10.59
SEC0002365,ETF,GBP,4787.98,447280696.81,13.37
SEC0002366,Corporate Bond,INR,7501.31,422019810.03,11.74
SEC0002367,Corporate Bond,EUR,2335.36,99664163.39,3.99
SEC0002368,Equity,USD,41.49,401685436.73,1.4
SEC0002369,Corporate Bond,USD,1483.79,127201101.67,7.66
SEC0002370,Money Market,INR,6936.22,314175978.07,13.0
SEC0002371,Equity,GBP,3674.94,412019711.11,4.77
SEC0002372,Money Market,INR,8500.55,54324492.65,14.66
SEC0002373,Government Bond,INR,6618.21,272801643.67,7.93
SEC0002374,Equity,GBP,2809.5,134556763.47,4.81
SEC0002375,Equity,GBP,1343.34,324908184.84,2.23
SEC0002376,Corporate Bond,EUR,6158.26,275917526.2,5.87
SEC0002377,Money Market,GBP,8590.27,245242726.05,0.75
SEC0002378,Money Market,EUR,2297.32,227394269.91,1.65
SEC0002379,ETF,EUR,370.25,415347140.34,11.24
SEC0002380,Government Bond,INR,8088.1,129075413.28,8.1
SEC0002381,Government Bond,GBP,1499.51,230896401.58,10.09
SEC0002382,ETF,GBP,9744.28,264228798.25,6.14
SEC0002383,Money Market,INR,4693.36,207804432.27,1.7
SEC0002384,Money Market,INR,1539.8,421191849.23,2.73
SEC0002385,Equity,EUR,2495.13,268463287.74,6.18
SEC0002386,Government Bond,INR,5716.44,363716731.2,1.85
SEC0002387,Corporate Bond,USD,1201.5,401324086.99,3.31
SEC0002388,ETF,USD,3654.38,378038294.32,12.81
SEC0002389,Government Bond,INR,8766.23,201070212.28,1.08
SEC0002390,Money Market,GBP,7300.8,353103226.02,3.3
SEC0002391,Corporate Bond,GBP,3191.35,171406077.66,13.64
SEC0002392,Money Market,EUR,5132.57,85186837.19,4.56
SEC0002393,Equity,EUR,1886.79,29906679.83,14.48
SEC0002394,Corporate Bond,INR,426.86,272182120.06,4.31
SEC0002395,ETF,INR,3653.49,340976362.19,3.45
SEC0002396,Corporate Bond,INR,7484.66,6717224.41,4.45
SEC0002397,Government Bond,INR,5911.87,194690335.42,2.39
SEC0002398,ETF,GBP,5407.86,426848352.34,9.13
SEC0002399,Government Bond,USD,9246.54,327988139.35,6.38
SEC0002400,Government Bond,EUR,919.6,296340462.23,9.03
SEC0002401,ETF,INR,5306.71,474239501.27,4.87
SEC0002402,Corporate Bond,GBP,4586.73,328774264.1,1.93
SEC0002403,Money Market,EUR,8475.38,493537436.04,12.72
SEC0002404,ETF,GBP,4343.37,340396222.61,2.14
SEC0002405,Government Bond,USD,7390.28,428414621.94,11.75
SEC0002406,Equity,INR,7441.94,369263928.22,5.06
SEC0002407,Equity,INR,8469.6,261740326.75,14.77
SEC0002408,Money Market,EUR,6548.06,398638648.1,5.8
SEC0002409,ETF,EUR,3059.9,494217937.91,14.08
SEC0002410,Corporate Bond,GBP,7905.07,12769581.83,6.69
SEC0002411,Corporate Bond,USD,7511.33,285998122.43,2.1
SEC0002412,Equity,USD,8600.83,498753242.1,6.86
SEC0002413,ETF,GBP,835.04,58145582.37,2.64
SEC0002414,ETF,INR,1513.73,33270087.59,1.52
SEC0002415,Corporate Bond,INR,9440.37,460223423.25,6.07
SEC0002416,Government Bond,USD,1658.26,70988561.62,10.13
SEC0002417,Corporate Bond,EUR,5076.17,296198439.58,10.64
SEC0002418,Equity,EUR,9416.93,117752845.6,6.38
SEC0002419,Money Market,USD,7466.38,3861376.36,0.06
SEC0002420,Government Bond,USD,551.63,307231589.4,12.16
SEC0002421,Equity,INR,5247.69,187091688.31,10.67
SEC0002422,Government Bond,INR,4538.4,37956716.24,8.42
SEC0002423,Equity,INR,5904.2,365115019.12,10.04
SEC0002424,Corporate Bond,GBP,4995.03,256795678.42,2.57
SEC0002425,Corporate Bond,INR,3150.91,224544200.34,11.97
SEC0002426,Equity,EUR,3943.64,347851162.03,13.3
SEC0002427,Corporate Bond,EUR,6007.15,322029602.27,1.41
SEC0002428,Government Bond,USD,5190.14,219937449.49,14.47
SEC0002429,Government Bond,USD,5304.85,409267437.43,10.74
SEC0002430,Equity,GBP,286.9,261215487.06,12.74
SEC0002431,Equity,USD,3980.6,40969457.86,14.69
SEC0002432,Equity,EUR,400.96,107977998.7,5.09
SEC0002433,Government Bond,USD,4666.56,66962790.82,4.18
SEC0002434,Government Bond,USD,4024.42,480518771.23,11.9
SEC0002435,Government Bond,INR,1644.43,443105888.97,6.36
SEC0002436,Money Market,INR,940.83,337000497.85,0.16
SEC0002437,Corporate Bond,USD,8834.85,9126419.07,0.48
SEC0002438,Money Market,EUR,6489.36,12376683.35,10.02
SEC0002439,Corporate Bond,GBP,8419.56,418653483.88,1.73
SEC0002440,Money Market,EUR,3283.22,74534741.97,5.91
SEC0002441,Government Bond,GBP,8271.11,332882427.73,5.39
SEC0002442,Money Market,EUR,6390.91,317039595.04,8.15
SEC0002443,Money Market,USD,5118.68,198610103.27,9.64
SEC0002444,Corporate Bond,GBP,6282.51,158489254.04,14.57
SEC0002445,ETF,GBP,9270.72,273700461.54,9.07
SEC0002446,Government Bond,GBP,8205.53,343760373.41,1.43
SEC0002447,Equity,EUR,7106.08,408543389.36,6.88
SEC0002448,Equity,INR,4113.73,385223190.13,8.83
SEC0002449,Corporate Bond,GBP,5985.06,151613760.5,11.74
SEC0002450,Equity,USD,2940.58,1301706.15,13.66
SEC0002451,Money Market,GBP,6824.04,268293298.96,12.43
SEC0002452,Government Bond,GBP,8911.98,122696710.76,3.6
SEC0002453,Equity,USD,4939.86,283465074.02,8.93
SEC0002454,ETF,EUR,9975.79,200298759.72,8.6
SEC0002455,ETF,INR,8465.07,451482149.08,3.96
SEC0002456,Money Market,USD,749.34,112553912.7,8.93
SEC0002457,Money Market,USD,1178.31,47963518.06,14.28
SEC0002458,ETF,INR,8111.44,213502728.57,3.95
SEC0002459,Corporate Bond,EUR,9345.45,162856880.54,14.77
SEC0002460,ETF,GBP,5928.63,137640943.85,7.66
SEC0002461,Money Market,EUR,3551.45,7704130.47,2.9
SEC0002462,Corporate Bond,GBP,4608.51,220831865.38,10.4
SEC0002463,ETF,USD,6973.24,93631081.24,0.13
SEC0002464,Government Bond,INR,8224.26,309771997.24,5.03
SEC0002465,ETF,GBP,3167.09,488494250.19,13.67
SEC0002466,Equity,INR,2404.51,233474508.73,2.34
SEC0002467,Equity,USD,1576.08,54042959.61,12.31
SEC0002468,ETF,USD,6852.06,265384732.07,1.74
SEC0002469,Government Bond,GBP,6215.85,311628357.13,13.98
SEC0002470,Money Market,GBP,3200.38,47096232.36,13.93
SEC0002471,Corporate Bond,EUR,4697.63,266362361.23,8.05
SEC0002472,Money Market,GBP,3936.25,355472829.84,4.39
SEC0002473,ETF,GBP,9115.59,326067905.97,8.27
SEC0002474,Money Market,EUR,1153.73,65542609.44,8.63
SEC0002475,Equity,INR,9654.64,275289757.54,0.44
SEC0002476,Money Market,INR,5149.78,41761022.05,6.24
SEC0002477,ETF,INR,948.62,80846770.2,6.33
SEC0002478,ETF,INR,2794.71,224919161.72,10.43
SEC0002479,Corporate Bond,GBP,1461.55,125029015.47,10.04
SEC0002480,ETF,INR,4010.77,424135671.08,2.95
SEC0002481,Government Bond,GBP,8216.64,95486414.92,14.25
SEC0002482,Government Bond,INR,5308.91,264781583.53,7.07
SEC0002483,Equity,GBP,890.0,150247350.6,14.7
SEC0002484,Corporate Bond,GBP,4078.88,141600095.58,2.57
SEC0002485,Equity,GBP,9503.44,398188383.42,8.92
SEC0002486,Government Bond,GBP,2067.99,257706287.57,0.16
SEC0002487,Government Bond,USD,8246.92,239914679.17,3.63
SEC0002488,ETF,EUR,4139.75,103177857.22,8.65
SEC0002489,Equity,GBP,8498.13,23940387.89,8.58
SEC0002490,Equity,GBP,5408.13,495095748.11,0.29
SEC0002491,Equity,EUR,2074.2,349384266.42,4.28
SEC0002492,Money Market,EUR,4283.71,25198811.23,12.8
SEC0002493,Equity,EUR,1605.24,197986954.77,8.07
SEC0002494,Money Market,EUR,3336.91,42334087.5,7.52
SEC0002495,Corporate Bond,GBP,4005.59,360059805.71,10.81
SEC0002496,ETF,USD,2858.1,215587668.47,7.57
SEC0002497,ETF,EUR,2853.42,53139946.91,2.23
SEC0002498,Money Market,GBP,7297.02,333918768.88,2.75
SEC0002499,Equity,USD,4082.64,329830629.61,5.43
SEC0002500,Equity,GBP,1041.13,130844896.52,8.35
SEC0002501,Government Bond,GBP,7573.15,173747059.62,11.18
SEC0002502,Government Bond,GBP,341.65,243750777.72,5.97
SEC0002503,Government Bond,GBP,6562.39,191359646.06,4.33
SEC0002504,Corporate Bond,GBP,6639.78,28519116.24,10.11
SEC0002505,Corporate Bond,GBP,3634.19,58198463.32,13.35
SEC0002506,Equity,USD,9583.84,214282377.99,2.03
SEC0002507,Money Market,USD,8792.59,156550742.9,5.96
SEC0002508,ETF,INR,5471.73,64898874.67,6.39
SEC0002509,Equity,EUR,8241.6,100332194.32,12.19
SEC0002510,Government Bond,INR,4054.51,461718372.6,5.98
SEC0002511,Equity,GBP,6655.29,207371547.55,14.72
SEC0002512,Equity,USD,2516.17,70777734.76,12.36
SEC0002513,Money Market,USD,8526.07,159635505.29,0.67
SEC0002514,ETF,INR,4588.33,257862145.07,11.12
SEC0002515,Government Bond,GBP,6809.19,475459053.55,13.22
SEC0002516,Equity,EUR,29.15,269919148.48,12.35
SEC0002517,Equity,GBP,8369.4,453705820.01,12.9
SEC0002518,Corporate Bond,INR,4253.4,152531899.67,11.53
SEC0002519,Government Bond,INR,1686.61,196598851.31,7.54
SEC0002520,Money Market,USD,1993.4,423285054.22,1.13
SEC0002521,Government Bond,GBP,4758.91,128383258.24,2.35
SEC0002522,Corporate Bond,USD,893.52,225412854.94,4.67
SEC0002523,Government Bond,GBP,2502.29,61398778.12,9.93
SEC0002524,Money Market,INR,1944.82,319519898.65,7.28
SEC0002525,Money Market,GBP,3374.58,419680476.51,14.02
SEC0002526,Money Market,USD,5931.58,173690093.96,12.65
SEC0002527,Equity,EUR,7574.57,111832250.73,14.08
SEC0002528,ETF,EUR,3700.27,108367036.25,7.29
SEC0002529,Corporate Bond,INR,9279.39,94758741.89,1.98
SEC0002530,ETF,GBP,6913.94,14355110.8,14.29
SEC0002531,Government Bond,EUR,903.43,470105386.13,3.31
SEC0002532,Equity,GBP,2754.53,10028700.39,4.85
SEC0002533,Corporate Bond,USD,83.33,282350124.26,14.86
SEC0002534,Equity,USD,9089.27,348242787.17,6.03
SEC0002535,Corporate Bond,USD,9745.56,134604934.19,14.34
SEC0002536,Corporate Bond,INR,8697.01,361474301.63,14.28
SEC0002537,Corporate Bond,GBP,4462.35,247536618.07,8.49
SEC0002538,Money Market,EUR,9759.92,483124706.38,3.4
SEC0002539,Government Bond,USD,8024.97,81248039.05,11.44
SEC0002540,Government Bond,EUR,2524.79,362651106.46,8.59
SEC0002541,ETF,GBP,8390.68,498999700.86,13.48
SEC0002542,Corporate Bond,USD,3074.82,313008664.47,13.55
SEC0002543,ETF,GBP,505.59,188900241.5,2.04
SEC0002544,Money Market,GBP,8663.39,338793900.86,5.41
SEC0002545,ETF,INR,1946.19,169719887.54,9.49
SEC0002546,Equity,INR,5189.68,239530562.11,4.82
SEC0002547,Money Market,INR,4008.44,78098349.15,1.41
SEC0002548,Corporate Bond,EUR,6537.02,180494686.7,8.65
SEC0002549,Government Bond,EUR,3656.9,472339798.15,12.02
SEC0002550,Equity,INR,6251.37,261863989.71,8.27
SEC0002551,Money Market,GBP,4938.92,253579484.06,3.13
SEC0002552,ETF,EUR,6957.49,375373922.21,6.4
SEC0002553,ETF,EUR,3108.18,297717318.91,2.31
SEC0002554,Money Market,USD,119.64,448872611.08,1.01
SEC0002555,Corporate Bond,USD,6569.41,51302098.78,3.24
SEC0002556,Equity,USD,5158.65,364347452.98,2.59
SEC0002557,Money Market,INR,6453.25,226607685.79,12.85
SEC0002558,Government Bond,GBP,8050.94,241634718.32,1.85
SEC0002559,Government Bond,EUR,965.92,341200359.92,11.91
SEC0002560,Government Bond,USD,8966.39,343040180.3,5.2
SEC0002561,Equity,INR,5030.16,15741545.0,9.9
SEC0002562,Money Market,GBP,4985.36,9942035.31,3.18
SEC0002563,Equity,GBP,157.85,465069294.76,0.83
SEC0002564,Money Market,USD,5435.84,435532683.72,8.97
SEC0002565,Equity,GBP,280.85,341711810.03,11.44
SEC0002566,Government Bond,GBP,1152.0,267285657.22,10.78
SEC0002567,Government Bond,GBP,4489.66,145948358.36,7.85
SEC0002568,Equity,GBP,7135.93,66961563.86,7.85
SEC0002569,Corporate Bond,EUR,5423.72,489818978.05,14.01
SEC0002570,Corporate Bond,EUR,7086.7,243508416.41,3.81
SEC0002571,Equity,USD,9563.91,269236549.73,3.75
SEC0002572,Money Market,INR,3789.04,222713271.64,4.4
SEC0002573,ETF,INR,3087.64,344492527.2,10.58
SEC0002574,Money Market,GBP,983.0,131230617.31,4.36
SEC0002575,ETF,EUR,1194.87,183514107.1,12.42
SEC0002576,Equity,EUR,2345.56,82707581.12,0.09
SEC0002577,Corporate Bond,INR,3838.67,268471809.76,14.27
SEC0002578,Equity,USD,2644.34,201982265.59,12.89
SEC0002579,Money Market,INR,7329.37,443585070.92,11.41
SEC0002580,ETF,USD,2693.55,109177856.83,5.29
SEC0002581,Equity,GBP,3854.65,117475809.7,6.5
SEC0002582,ETF,GBP,9062.73,284677863.17,2.97
SEC0002583,Government Bond,EUR,6049.8,447606795.49,8.46
SEC0002584,Government Bond,GBP,5576.4,301327544.8,14.4
SEC0002585,Equity,USD,7772.6,1512006.74,8.69
SEC0002586,Government Bond,GBP,2789.48,370937423.62,11.06
SEC0002587,Equity,USD,6881.18,238851739.93,11.47
SEC0002588,Equity,GBP,5765.81,407988757.5,8.96
SEC0002589,Money Market,INR,465.18,251913213.96,7.44
SEC0002590,Equity,GBP,5276.37,374800409.62,4.47
SEC0002591,Corporate Bond,GBP,2206.88,495917989.84,7.79
SEC0002592,ETF,USD,7386.13,244253870.83,2.28
SEC0002593,ETF,EUR,6935.07,142152660.28,14.85
SEC0002594,Government Bond,INR,9975.09,267731854.0,14.15
SEC0002595,Corporate Bond,INR,3147.32,159340058.4,11.79
SEC0002596,Government Bond,USD,6590.05,464353925.79,1.2
SEC0002597,ETF,EUR,3226.75,430863404.91,1.63
SEC0002598,Government Bond,GBP,4919.35,498866700.44,4.83
SEC0002599,Money Market,GBP,323.8,185094556.28,4.93
SEC0002600,Corporate Bond,INR,3790.33,233983010.11,11.58
SEC0002601,Government Bond,USD,4917.29,336129985.58,3.2
SEC0002602,Corporate Bond,INR,5013.96,138049278.48,8.4
SEC0002603,Government Bond,INR,5508.89,203269503.0,4.76
SEC0002604,ETF,GBP,5113.91,199645650.8,12.09
SEC0002605,Equity,EUR,6166.21,350458594.77,9.9
SEC0002606,Government Bond,EUR,9046.73,59157644.55,7.34
SEC0002607,Equity,EUR,5360.74,232057522.71,8.51
SEC0002608,Equity,EUR,6541.84,83859648.61,4.43
SEC0002609,Corporate Bond,GBP,9925.95,164318953.2,12.59
SEC0002610,Equity,GBP,5840.23,267429810.79,5.95
SEC0002611,Equity,USD,4298.71,240906762.56,11.57
SEC0002612,Corporate Bond,GBP,1796.38,477800269.23,2.93
SEC0002613,ETF,USD,2194.87,162292922.76,1.46
SEC0002614,Money Market,EUR,8794.92,93141918.07,0.16
SEC0002615,Equity,INR,8491.81,60540248.52,3.44
SEC0002616,ETF,INR,3662.09,247805735.99,10.47
SEC0002617,Equity,GBP,3504.78,62787886.97,1.98
SEC0002618,Corporate Bond,USD,670.82,77381147.58,0.62
SEC0002619,Money Market,EUR,4671.29,68523077.09,14.4
SEC0002620,Corporate Bond,EUR,983.34,431954892.88,5.96
SEC0002621,Equity,EUR,6551.39,64063056.66,0.1
SEC0002622,ETF,INR,6068.71,372735903.63,3.99
SEC0002623,Equity,GBP,3872.83,466271271.31,9.96
SEC0002624,Money Market,GBP,5915.79,442853647.27,1.12
SEC0002625,Equity,INR,4734.81,169159307.53,9.9
SEC0002626,ETF,GBP,6682.23,408815839.08,4.15
SEC0002627,Government Bond,USD,3542.74,137975999.05,12.53
SEC0002628,Corporate Bond,USD,7329.64,304752143.13,6.57
SEC0002629,ETF,EUR,6729.78,312882651.97,8.35
SEC0002630,Equity,EUR,2270.93,472329599.86,7.83
SEC0002631,Corporate Bond,GBP,4833.5,43867304.98,1.4
SEC0002632,Corporate Bond,INR,314.32,47689951.66,14.79
SEC0002633,Equity,GBP,4486.19,51328527.68,4.85
SEC0002634,Corporate Bond,USD,4351.41,396765365.67,2.17
SEC0002635,Money Market,EUR,6840.15,278237040.53,10.91
SEC0002636,ETF,INR,7494.65,148172015.34,13.25
SEC0002637,Money Market,USD,3645.28,11802728.78,0.81
SEC0002638,Government Bond,EUR,812.24,5383661.46,12.03
SEC0002639,ETF,USD,4172.66,101315474.83,12.86
SEC0002640,Money Market,USD,2074.48,64561770.75,1.47
SEC0002641,Corporate Bond,USD,8875.18,37751556.8,12.27
SEC0002642,Government Bond,USD,9939.65,424707592.16,2.17
SEC0002643,Equity,GBP,3108.0,354563324.55,9.86
SEC0002644,Corporate Bond,EUR,3662.46,165581719.8,5.74
SEC0002645,Equity,USD,2149.91,368058529.39,0.45
SEC0002646,Corporate Bond,USD,1994.58,335588506.29,11.39
SEC0002647,ETF,EUR,6607.78,280082344.13,3.12
SEC0002648,Corporate Bond,USD,6576.72,399924442.71,6.29
SEC0002649,Government Bond,EUR,3511.94,369304848.84,3.91
SEC0002650,Government Bond,EUR,9529.77,77589570.38,11.77
SEC0002651,Corporate Bond,GBP,908.06,426909499.12,5.76
SEC0002652,Equity,GBP,9522.31,350385715.67,1.47
SEC0002653,ETF,GBP,9998.37,321489553.43,11.9
SEC0002654,ETF,USD,8971.56,152715955.49,13.12
SEC0002655,Corporate Bond,GBP,724.41,379464432.64,8.56
SEC0002656,Corporate Bond,EUR,5710.78,71901450.11,6.59
SEC0002657,Money Market,GBP,9809.79,301043751.91,9.06
SEC0002658,ETF,USD,776.47,469302709.02,6.96
SEC0002659,ETF,USD,5585.33,160646130.7,14.36
SEC0002660,ETF,EUR,5478.52,91350639.03,8.99
SEC0002661,Money Market,EUR,6069.98,366457480.63,2.81
SEC0002662,Money Market,INR,5084.05,345552436.69,2.4
SEC0002663,Government Bond,EUR,1203.71,118185330.25,12.27
SEC0002664,Corporate Bond,USD,5021.63,324015494.33,10.18
SEC0002665,Corporate Bond,GBP,7130.25,336391717.16,13.58
SEC0002666,Equity,INR,9072.92,96239734.19,14.91
SEC0002667,Corporate Bond,INR,847.38,152246305.28,1.09
SEC0002668,Money Market,EUR,2815.93,206097380.94,1.91
SEC0002669,Government Bond,GBP,6120.42,457616310.57,12.08
SEC0002670,Government Bond,EUR,8921.6,314313050.65,7.04
SEC0002671,Money Market,USD,3380.05,69449440.84,8.75
SEC0002672,Equity,INR,8163.49,275885949.86,13.31
SEC0002673,Government Bond,EUR,449.03,317868020.31,1.17
SEC0002674,Government Bond,EUR,9848.81,153074017.17,9.31
SEC0002675,Money Market,GBP,3923.63,189277029.1,9.78
SEC0002676,Corporate Bond,INR,1161.39,169261131.54,7.25
SEC0002677,Equity,GBP,6773.07,85932876.76,6.69
SEC0002678,Money Market,USD,7538.02,265912561.47,10.54
SEC0002679,ETF,INR,552.24,73617729.97,7.61
SEC0002680,Corporate Bond,GBP,4345.7,458239492.73,3.65
SEC0002681,ETF,INR,6990.18,175776212.82,4.38
SEC0002682,Government Bond,USD,2078.39,312076028.99,11.1
SEC0002683,ETF,INR,9308.8,143751384.0,0.49
SEC0002684,Corporate Bond,EUR,4471.22,172094471.37,3.46
SEC0002685,Equity,USD,4760.36,424118660.64,12.68
SEC0002686,Corporate Bond,INR,3278.09,472994340.48,3.95
SEC0002687,Money Market,INR,5576.46,316732686.91,4.06
SEC0002688,Money Market,GBP,4517.07,250737964.82,9.46
SEC0002689,Government Bond,EUR,6075.52,484360170.61,5.05
SEC0002690,ETF,GBP,397.61,246570057.33,2.02
SEC0002691,ETF,EUR,5041.41,241368221.99,8.72
SEC0002692,Government Bond,INR,9446.49,266114669.55,12.99
SEC0002693,Equity,INR,9581.04,163829596.01,5.31
SEC0002694,ETF,EUR,225.27,159324094.15,9.22
SEC0002695,Corporate Bond,GBP,4414.56,267499399.22,10.77
SEC0002696,Money Market,INR,7413.66,254136543.4,2.66
SEC0002697,Equity,USD,2537.46,167546272.89,6.37
SEC0002698,ETF,INR,3435.61,9598558.73,12.71
SEC0002699,ETF,USD,381.81,115358944.33,12.22
SEC0002700,ETF,USD,289.61,240422506.33,5.02
SEC0002701,Equity,INR,6332.28,226047439.86,11.49
SEC0002702,Equity,GBP,4625.27,326416576.59,4.5
SEC0002703,Equity,GBP,8075.25,256769857.6,14.17
SEC0002704,Money Market,INR,302.63,11424199.3,11.65
SEC0002705,Corporate Bond,EUR,8435.61,158616058.57,2.97
SEC0002706,Government Bond,USD,2478.66,159766412.01,6.98
SEC0002707,Equity,INR,4561.31,463679372.35,0.04
SEC0002708,Government Bond,EUR,2165.48,220971602.21,10.54
SEC0002709,ETF,EUR,2042.55,47942652.36,14.22
SEC0002710,Government Bond,USD,9960.14,24781815.17,13.71
SEC0002711,Corporate Bond,GBP,1065.05,48330834.72,11.58
SEC0002712,Government Bond,GBP,6538.44,368147192.95,4.5
SEC0002713,ETF,INR,9511.98,188660849.01,8.03
SEC0002714,Corporate Bond,INR,7964.76,356039972.54,6.38
SEC0002715,Corporate Bond,EUR,1788.61,84253220.56,3.79
SEC0002716,Equity,EUR,5985.95,62575209.54,3.71
SEC0002717,Equity,USD,2882.3,246966044.35,10.76
SEC0002718,Equity,INR,4953.66,409413389.95,8.87
SEC0002719,ETF,EUR,4398.75,473417122.71,4.86
SEC0002720,ETF,GBP,3088.97,63058365.89,12.1
SEC0002721,Money Market,INR,6797.37,472476304.49,4.46
SEC0002722,Corporate Bond,USD,5883.07,308976847.02,2.05
SEC0002723,Money Market,INR,9651.28,127258804.02,14.77
SEC0002724,Corporate Bond,EUR,9747.06,171228833.28,2.42
SEC0002725,Government Bond,EUR,9192.67,382917281.29,8.9
SEC0002726,Corporate Bond,USD,9791.42,51098591.04,14.88
SEC0002727,ETF,GBP,6758.29,432808265.3,7.15
SEC0002728,Equity,USD,5052.73,25722175.72,7.7
SEC0002729,Equity,USD,7413.82,382231277.84,14.49
SEC0002730,Government Bond,INR,1397.32,395546229.83,3.25
SEC0002731,Government Bond,GBP,1760.07,497421855.85,4.28
SEC0002732,Government Bond,INR,5392.98,297321095.81,10.08
SEC0002733,ETF,USD,6077.48,138061745.13,2.49
SEC0002734,Equity,GBP,6352.62,187582296.9,14.76
SEC0002735,Government Bond,USD,1209.01,410586569.2,5.35
SEC0002736,Money Market,EUR,6791.52,351823556.03,13.22
SEC0002737,Government Bond,USD,5262.44,416630188.93,13.95
SEC0002738,Government Bond,GBP,2472.69,23393719.42,7.37
SEC0002739,Money Market,USD,3166.7,164062513.82,5.22
SEC0002740,Equity,EUR,3640.49,398023084.41,4.61
SEC0002741,Government Bond,GBP,7835.77,479404816.73,1.63
SEC0002742,Corporate Bond,INR,7504.74,102364417.62,3.89
SEC0002743,Corporate Bond,EUR,9184.99,72273317.93,0.18
SEC0002744,Government Bond,INR,7107.17,496770049.51,4.92
SEC0002745,Money Market,EUR,5600.32,260711255.31,7.98
SEC0002746,Equity,EUR,7068.11,353869809.59,11.18
SEC0002747,Money Market,USD,3158.8,339011740.5,1.18
SEC0002748,Money Market,GBP,461.42,467622010.25,9.03
SEC0002749,ETF,GBP,2732.05,6731401.53,1.79
SEC0002750,Money Market,GBP,6416.0,368224387.73,2.01
SEC0002751,Money Market,INR,4494.29,144927223.8,11.23
SEC0002752,Government Bond,GBP,9597.27,150859599.27,8.75
SEC0002753,Corporate Bond,GBP,4492.54,247531456.15,5.41
SEC0002754,Government Bond,EUR,1896.58,472602304.23,12.17
SEC0002755,ETF,GBP,8937.36,336251505.45,3.02
SEC0002756,Equity,EUR,8118.12,69590594.26,4.99
SEC0002757,Equity,GBP,9386.92,328498479.13,2.03
SEC0002758,Corporate Bond,EUR,7116.48,284042150.94,10.22
SEC0002759,Corporate Bond,INR,8380.81,407992561.68,10.49
SEC0002760,Corporate Bond,EUR,2244.27,399408478.53,12.03
SEC0002761,ETF,GBP,8070.38,154593683.91,5.13
SEC0002762,Money Market,INR,3839.77,471709874.02,11.42
SEC0002763,ETF,USD,3799.96,16863703.77,6.86
SEC0002764,ETF,INR,801.98,21951803.49,6.63
SEC0002765,ETF,INR,4773.56,417911030.01,13.33
SEC0002766,Equity,USD,4055.42,58213075.06,9.83
SEC0002767,Equity,INR,8671.39,371981888.58,6.09
SEC0002768,Government Bond,GBP,7053.47,151314571.11,9.12
SEC0002769,Government Bond,GBP,52.58,264389897.02,2.29
SEC0002770,Government Bond,USD,9675.12,149096300.21,1.62
SEC0002771,Government Bond,GBP,3174.31,209538360.06,14.06
SEC0002772,Money Market,GBP,1115.97,15980053.78,5.45
SEC0002773,Government Bond,USD,1958.48,411263666.57,14.0
SEC0002774,Corporate Bond,USD,5882.54,95353362.09,2.16
SEC0002775,Money Market,GBP,5012.13,261725475.55,3.67
SEC0002776,Money Market,USD,9634.31,226285999.64,11.11
SEC0002777,Money Market,INR,5838.29,397404899.4,10.61
SEC0002778,Money Market,INR,3653.23,24266891.48,12.54
SEC0002779,ETF,USD,9026.7,474616116.69,3.18
SEC0002780,ETF,GBP,3204.38,497459566.38,13.94
SEC0002781,Corporate Bond,INR,582.6,181606067.36,4.67
SEC0002782,Corporate Bond,USD,5719.09,69421250.2,6.11
SEC0002783,Equity,GBP,6567.63,287233850.04,12.75
SEC0002784,Money Market,INR,2119.45,204267865.91,8.06
SEC0002785,ETF,USD,7167.87,71346111.12,3.76
SEC0002786,Equity,EUR,2902.08,233311009.51,6.54
SEC0002787,Government Bond,USD,5293.21,420155950.66,4.25
SEC0002788,Money Market,GBP,9379.89,192366413.14,12.3
SEC0002789,Corporate Bond,EUR,7227.91,291731204.07,9.95
SEC0002790,Corporate Bond,EUR,1013.11,288714823.01,9.48
SEC0002791,Equity,EUR,9367.05,270675631.02,10.25
SEC0002792,Money Market,USD,7239.04,211268849.7,4.35
SEC0002793,Money Market,EUR,6717.72,136087504.71,6.0
SEC0002794,Corporate Bond,USD,2586.53,235602779.39,8.6
SEC0002795,Corporate Bond,USD,6877.11,472084944.17,6.72
SEC0002796,Government Bond,INR,2620.4,446476979.53,12.12
SEC0002797,ETF,GBP,5805.57,317570217.26,10.1
SEC0002798,Government Bond,EUR,4306.87,254165713.01,11.25
SEC0002799,ETF,USD,921.54,151568268.1,0.55
SEC0002800,ETF,EUR,7664.96,340834086.7,6.24
SEC0002801,Equity,EUR,3384.08,382615928.67,10.88
SEC0002802,Equity,EUR,1876.84,318936746.31,13.78
SEC0002803,Corporate Bond,INR,7919.87,460519894.34,8.58
SEC0002804,Money Market,GBP,431.39,476416728.36,6.67
SEC0002805,Government Bond,GBP,777.74,138872718.68,4.33
SEC0002806,ETF,INR,2332.2,26944367.89,11.03
SEC0002807,ETF,USD,9924.06,434556043.09,2.72
SEC0002808,Equity,USD,7524.8,113167435.4,7.76
SEC0002809,Corporate Bond,USD,2237.65,180460010.86,3.66
SEC0002810,Money Market,GBP,2764.63,321975588.38,3.14
SEC0002811,Government Bond,GBP,431.73,303301848.46,14.57
SEC0002812,ETF,EUR,6990.67,118563749.67,2.23
SEC0002813,Government Bond,EUR,4863.39,260809590.2,0.24
SEC0002814,ETF,EUR,4979.22,403581634.34,7.55
SEC0002815,Money Market,GBP,2122.84,19087715.64,13.39
SEC0002816,Equity,GBP,6704.92,483383534.52,12.93
SEC0002817,Equity,INR,1661.26,434936801.69,7.3
SEC0002818,Corporate Bond,GBP,5345.99,311189609.76,1.22
SEC0002819,ETF,USD,6471.94,109402596.38,10.18
SEC0002820,Money Market,EUR,9619.88,351224696.37,13.64
SEC0002821,Money Market,GBP,1721.31,40190423.52,11.89
SEC0002822,Corporate Bond,GBP,6872.95,253557267.96,11.27
SEC0002823,ETF,EUR,5395.27,250264298.46,14.6
SEC0002824,Government Bond,EUR,9656.41,134044075.23,1.05
SEC0002825,ETF,EUR,8053.86,470303125.92,2.31
SEC0002826,Government Bond,EUR,3758.89,257355829.54,13.97
SEC0002827,Government Bond,GBP,5978.56,206012327.32,9.49
SEC0002828,Corporate Bond,GBP,1136.88,227323999.4,2.12
SEC0002829,Government Bond,GBP,9520.78,342834246.49,10.68
SEC0002830,Money Market,INR,8265.05,221961285.49,3.16
SEC0002831,Money Market,EUR,3397.24,318723953.78,1.53
SEC0002832,Government Bond,EUR,7348.28,419320130.57,5.17
SEC0002833,Corporate Bond,EUR,5948.69,148366386.74,12.64
SEC0002834,ETF,EUR,5572.71,49913699.46,1.32
SEC0002835,Government Bond,INR,2484.72,306698949.2,1.36
SEC0002836,Equity,INR,9258.19,207034630.09,13.4
SEC0002837,Corporate Bond,INR,1614.41,387582222.75,12.65
SEC0002838,Equity,GBP,5464.49,431604707.06,3.62
SEC0002839,Money Market,INR,4805.61,200525669.11,11.87
SEC0002840,Corporate Bond,USD,9008.58,396457419.98,13.24
SEC0002841,Corporate Bond,USD,2107.52,273509350.32,5.42
SEC0002842,Money Market,INR,7627.39,330789412.21,11.74
SEC0002843,Government Bond,USD,3984.83,229342632.57,6.66
SEC0002844,ETF,EUR,12.52,96192007.55,11.61
SEC0002845,ETF,INR,9476.7,52814837.46,1.97
SEC0002846,Equity,USD,4410.21,104658003.16,13.1
SEC0002847,Government Bond,USD,5625.97,272035241.49,11.11
SEC0002848,ETF,USD,5455.99,360465343.78,2.37
SEC0002849,ETF,GBP,4202.85,482046580.72,12.86
SEC0002850,ETF,GBP,8388.21,420303743.3,12.22
SEC0002851,Government Bond,GBP,5878.22,256065250.89,11.25
SEC0002852,Corporate Bond,GBP,468.17,31155240.53,6.75
SEC0002853,Government Bond,GBP,8994.07,55048306.07,14.13
SEC0002854,Equity,INR,8535.81,285681389.75,1.23
SEC0002855,ETF,EUR,5906.76,148791499.58,7.99
SEC0002856,Money Market,USD,5948.55,497667267.7,11.93
SEC0002857,Corporate Bond,USD,3296.2,238681230.74,11.37
SEC0002858,ETF,USD,3612.49,497827667.66,10.81
SEC0002859,Money Market,INR,4863.44,34508935.17,11.41
SEC0002860,Corporate Bond,EUR,1066.39,461330980.47,10.1
SEC0002861,Money Market,GBP,7113.03,408300045.17,9.38
SEC0002862,Government Bond,EUR,2703.09,178058328.56,4.34
SEC0002863,Money Market,GBP,1750.83,61100126.93,12.59
SEC0002864,Equity,GBP,1920.96,480759129.05,0.83
SEC0002865,Equity,USD,1740.91,464552088.1,3.96
SEC0002866,Government Bond,USD,8366.68,57614107.62,3.21
SEC0002867,Equity,EUR,6192.99,333879504.43,6.49
SEC0002868,Corporate Bond,GBP,2874.26,283180508.66,6.22
SEC0002869,Government Bond,INR,5608.28,453987732.18,2.62
SEC0002870,Government Bond,INR,2258.35,275644112.63,11.8
SEC0002871,Government Bond,EUR,2416.42,12557302.46,2.31
SEC0002872,ETF,GBP,658.64,119648533.46,8.65
SEC0002873,Money Market,INR,3186.63,177277313.17,8.59
SEC0002874,Money Market,GBP,2026.67,321610989.38,9.48
SEC0002875,Corporate Bond,GBP,2514.22,170582731.98,3.09
SEC0002876,Corporate Bond,USD,2466.74,75971654.16,13.73
SEC0002877,Government Bond,USD,5336.73,326547235.01,12.59
SEC0002878,Government Bond,GBP,5014.75,385126517.17,14.13
SEC0002879,Equity,INR,6436.51,400662661.25,10.13
SEC0002880,Government Bond,USD,5204.07,458918263.49,10.68
SEC0002881,Corporate Bond,USD,6932.32,61955136.0,12.48
SEC0002882,ETF,INR,4267.97,398589290.44,11.0
SEC0002883,Corporate Bond,INR,3848.49,247168344.72,10.97
SEC0002884,Money Market,USD,9219.97,106371836.51,12.53
SEC0002885,Money Market,USD,5132.64,98605830.99,13.71
SEC0002886,Money Market,EUR,8857.62,372196196.57,7.06
SEC0002887,Corporate Bond,USD,2064.06,145200501.63,10.18
SEC0002888,Corporate Bond,GBP,4520.52,126676162.05,11.93
SEC0002889,Equity,INR,8031.4,378393098.79,14.65
SEC0002890,Corporate Bond,EUR,7777.94,59412298.5,7.9
SEC0002891,Government Bond,GBP,6965.32,340861909.05,8.08
SEC0002892,Money Market,GBP,3927.1,133313000.23,6.32
SEC0002893,ETF,INR,7224.61,445001258.01,12.88
SEC0002894,ETF,INR,8764.93,153170439.62,5.13
SEC0002895,ETF,USD,1816.22,98552558.39,6.59
SEC0002896,Equity,INR,1701.3,224161116.56,5.72
SEC0002897,Money Market,GBP,613.68,374602147.61,3.99
SEC0002898,Corporate Bond,USD,6445.95,386516983.77,4.88
SEC0002899,Corporate Bond,EUR,559.23,492393831.46,13.57
SEC0002900,Money Market,EUR,2605.11,418655684.83,3.9
SEC0002901,ETF,USD,3063.05,203087529.12,11.04
SEC0002902,Corporate Bond,INR,3212.04,338482897.05,3.04
SEC0002903,Equity,GBP,5153.88,295463744.99,3.34
SEC0002904,Government Bond,USD,5791.59,267538621.75,10.8
SEC0002905,ETF,GBP,1391.82,125223402.3,5.11
SEC0002906,Money Market,INR,2897.46,214344011.21,2.69
SEC0002907,Equity,INR,6531.09,314333854.02,12.79
SEC0002908,ETF,USD,5448.81,8532908.49,7.93
SEC0002909,Money Market,INR,2763.94,495905262.22,11.36
SEC0002910,Money Market,INR,6058.22,232423577.3,0.75
SEC0002911,Corporate Bond,GBP,1308.46,233285305.89,13.12
SEC0002912,Corporate Bond,GBP,1183.59,45311532.39,3.28
SEC0002913,Equity,EUR,4794.73,416955525.86,6.12
SEC0002914,Government Bond,USD,2949.32,68368363.2,9.13
SEC0002915,Equity,INR,9458.12,18377937.07,8.35
SEC0002916,Corporate Bond,EUR,7117.58,281118354.86,0.86
SEC0002917,Corporate Bond,GBP,3222.81,284594596.11,11.28
SEC0002918,Money Market,USD,362.29,230624063.08,13.1
SEC0002919,Corporate Bond,INR,488.88,207673542.6,11.73
SEC0002920,Equity,EUR,5621.43,459078605.44,1.55
SEC0002921,Government Bond,INR,798.02,370509393.06,10.7
SEC0002922,Money Market,EUR,1726.31,379768867.8,4.69
SEC0002923,Money Market,INR,3916.93,27550950.44,11.6
SEC0002924,Equity,GBP,1600.87,153354111.43,0.88
SEC0002925,ETF,USD,3056.14,289278859.65,11.54
SEC0002926,Government Bond,USD,2246.75,109948916.99,13.57
SEC0002927,ETF,GBP,8644.58,190637527.37,11.84
SEC0002928,Government Bond,EUR,7910.23,383727693.45,6.33
SEC0002929,Government Bond,EUR,2152.91,261987073.56,7.94
SEC0002930,Government Bond,INR,2177.95,200777144.58,7.32
SEC0002931,Money Market,USD,6106.25,57826285.78,13.22
SEC0002932,Corporate Bond,GBP,9912.85,37406649.25,1.51
SEC0002933,ETF,GBP,2510.32,292132520.41,1.32
SEC0002934,Government Bond,USD,4897.38,89761234.71,8.02
SEC0002935,Money Market,USD,5180.35,333794775.67,8.65
SEC0002936,Government Bond,GBP,9560.15,256786368.18,3.73
SEC0002937,Money Market,EUR,7711.17,286137158.38,0.15
SEC0002938,Money Market,USD,6672.34,341046542.8,14.37
SEC0002939,Corporate Bond,USD,5045.3,105103016.93,10.63
SEC0002940,ETF,INR,2330.56,96264366.71,0.09
SEC0002941,Government Bond,USD,2352.84,299516927.71,13.03
SEC0002942,ETF,INR,9278.64,261189683.17,0.93
SEC0002943,Government Bond,EUR,5520.27,317771433.96,14.07
SEC0002944,Equity,EUR,5142.59,356871070.82,9.1
SEC0002945,Equity,USD,4195.95,412894782.74,13.55
SEC0002946,Corporate Bond,GBP,5663.18,338462129.71,11.84
SEC0002947,Corporate Bond,GBP,2219.98,337955559.67,10.02
SEC0002948,ETF,INR,4370.34,458051250.56,1.28
SEC0002949,ETF,INR,4970.24,316872331.95,7.27
SEC0002950,Corporate Bond,GBP,9640.66,287542571.38,9.92
SEC0002951,Money Market,EUR,3446.18,258606546.08,2.06
SEC0002952,Money Market,USD,6625.65,224573521.14,2.1
SEC0002953,Equity,GBP,8902.58,2426719.25,9.96
SEC0002954,Money Market,INR,4537.69,443299683.91,5.84
SEC0002955,Money Market,USD,8626.43,296960278.36,10.34
SEC0002956,Government Bond,EUR,4255.09,288283038.4,6.5
SEC0002957,ETF,GBP,7257.32,388903489.97,6.26
SEC0002958,Equity,GBP,8468.71,187172904.55,10.09
SEC0002959,Corporate Bond,USD,5007.89,466808507.18,6.14
SEC0002960,Equity,INR,4088.74,118148978.97,8.85
SEC0002961,Equity,EUR,6013.01,479808903.46,2.83
SEC0002962,Money Market,USD,9685.2,97489291.33,7.73
SEC0002963,Money Market,GBP,9105.04,342549178.41,12.23
SEC0002964,Equity,GBP,102.12,210554559.41,5.84
SEC0002965,ETF,EUR,2917.68,96750480.11,1.35
SEC0002966,Corporate Bond,USD,2537.57,3316816.78,10.48
SEC0002967,Equity,USD,1961.46,5199604.53,1.37
SEC0002968,Government Bond,GBP,763.61,352412319.85,11.41
SEC0002969,Equity,USD,7140.62,241406927.99,13.48
SEC0002970,Corporate Bond,INR,457.59,375023659.45,9.11
SEC0002971,Government Bond,INR,9189.9,308232216.56,6.69
SEC0002972,Government Bond,USD,2401.93,57522924.45,2.57
SEC0002973,Corporate Bond,GBP,8821.13,179094070.97,2.56
SEC0002974,Money Market,INR,1502.97,366626353.75,14.65
SEC0002975,Money Market,EUR,5344.77,477554536.28,3.5
SEC0002976,Government Bond,INR,2717.43,457833555.08,4.05
SEC0002977,Money Market,USD,5922.87,495287678.8,3.11
SEC0002978,Equity,USD,4873.23,7040882.16,1.91
SEC0002979,ETF,GBP,8961.51,6622678.56,13.84
SEC0002980,Money Market,EUR,9055.58,403214274.15,12.84
SEC0002981,Money Market,INR,9864.34,184648274.18,9.93
SEC0002982,Corporate Bond,USD,9684.61,106515058.25,14.97
SEC0002983,Government Bond,USD,4015.45,350169592.36,10.3
SEC0002984,Government Bond,EUR,223.13,223669536.96,7.17
SEC0002985,Equity,INR,2735.86,484598223.99,0.81
SEC0002986,Government Bond,EUR,7475.94,332163249.28,0.11
SEC0002987,Government Bond,EUR,9782.03,104444193.12,12.19
SEC0002988,Corporate Bond,GBP,5355.19,374094566.22,0.97
SEC0002989,Corporate Bond,USD,5091.8,345527874.36,9.3
SEC0002990,Money Market,INR,3566.87,396117138.92,13.66
SEC0002991,Government Bond,USD,8366.72,189273156.2,1.09
SEC0002992,Equity,EUR,9433.93,250109734.83,14.37
SEC0002993,Money Market,EUR,4681.8,335678203.22,8.28
SEC0002994,Government Bond,GBP,6579.45,264506810.12,3.07
SEC0002995,ETF,EUR,1382.4,359148364.74,13.75
SEC0002996,Equity,USD,2568.83,235740722.91,5.15
SEC0002997,Government Bond,USD,9400.72,41669365.28,14.01
SEC0002998,Government Bond,GBP,8963.38,422066232.52,14.8
SEC0002999,Equity,INR,9263.25,196024031.43,6.59
SEC0003000,Money Market,EUR,8374.74,361327291.51,4.46
